/*
 * gfx_font_data.c - generated by tools/gen_font.py.  Do not edit.
 *
 * 8-bit coverage masks, row major, tightly cropped, with the
 * bearing needed to place each glyph on the pen line.
 */
#include "gfx_font_data.h"

/* gfx_font_small: 13px, line height 19, ascent 15, cap height 9 */
static const uint8_t gfx_font_small_alpha[] = {
    0xCD,0xA9,0xC5,0xA4,0xBE,0x9F,0xB7,0x9B,0xAF,0x96,0xA8,0x92,0x00,0x00,0xB9,0xA9,0xBB,0xAB,0xE0,0x48,
    0x98,0x94,0xE0,0x48,0x98,0x94,0xE0,0x48,0x98,0x94,0x00,0x00,0x39,0xCB,0x00,0xA6,0x5B,0x00,0x00,0x00,
    0x78,0x8B,0x00,0xE6,0x1B,0x00,0x35,0xE4,0xFA,0xEA,0xEA,0xFA,0xE4,0x4A,0x00,0x00,0xE2,0x21,0x53,0xB1,
    0x00,0x00,0x00,0x0C,0xF3,0x01,0x7E,0x85,0x00,0x00,0x9E,0xE7,0xFC,0xE4,0xF4,0xF0,0xCB,0x00,0x00,0x75,
    0x8F,0x00,0xE8,0x1A,0x00,0x00,0x00,0xB4,0x4F,0x2B,0xD8,0x00,0x00,0x00,0x00,0x00,0x00,0xB4,0x14,0x00,
    0x00,0x00,0x21,0xB5,0xFA,0xF3,0xB3,0x00,0x00,0xCF,0xB8,0xC9,0x55,0x9D,0x00,0x09,0xFF,0x56,0xB4,0x14,
    0x00,0x00,0x00,0xCA,0xD6,0xD3,0x14,0x00,0x00,0x00,0x17,0xA9,0xFE,0xC1,0x2D,0x00,0x00,0x00,0x00,0xB5,
    0xBD,0xF4,0x26,0x00,0x00,0x00,0xB4,0x17,0xE9,0x73,0x00,0xAF,0x52,0xC3,0x71,0xFB,0x43,0x00,0xA5,0xE9,
    0xFE,0xD6,0x65,0x00,0x00,0x00,0x00,0xB4,0x14,0x00,0x00,0x00,0x8B,0xE4,0xD5,0x31,0x00,0x00,0x6F,0x78,
    0x00,0x00,0x42,0xD7,0x08,0x6F,0xB7,0x00,0x20,0xC3,0x04,0x00,0x00,0x6E,0xA2,0x00,0x37,0xD6,0x00,0xB5,
    0x31,0x00,0x00,0x00,0x4D,0xD3,0x06,0x70,0xA9,0x61,0x87,0x00,0x00,0x00,0x00,0x02,0x9E,0xE4,0xC6,0x38,
    0xC7,0x4E,0xD9,0xE5,0x70,0x00,0x00,0x00,0x00,0x00,0xAA,0x3F,0xE8,0x37,0x1E,0xF5,0x13,0x00,0x00,0x00,
    0x51,0x95,0x16,0xFA,0x00,0x00,0xDF,0x2E,0x00,0x00,0x10,0xC9,0x0D,0x03,0xF1,0x32,0x1E,0xEE,0x0D,0x00,
    0x00,0x9D,0x4A,0x00,0x00,0x57,0xE0,0xDC,0x57,0x00,0x00,0x00,0x5B,0xDC,0xF4,0xB6,0x14,0x00,0x00,0x00,
    0x00,0x19,0xFC,0x6B,0x20,0xDE,0x89,0x00,0x00,0x00,0x00,0x21,0xFF,0x49,0x09,0xDD,0x7C,0x00,0x00,0x00,
    0x00,0x00,0xAF,0xE2,0xD2,0xB1,0x0D,0x00,0x00,0x00,0x00,0x25,0xC5,0xEB,0xE6,0x19,0x00,0xC0,0x8C,0x00,
    0x11,0xE7,0x83,0x0F,0xCE,0xD9,0x25,0xF2,0x57,0x00,0x4F,0xFF,0x2B,0x00,0x15,0xD8,0xF6,0xD9,0x06,0x00,
    0x25,0xFB,0xA3,0x2F,0x41,0xB5,0xFF,0xD0,0x0E,0x00,0x00,0x50,0xD0,0xF7,0xE7,0x9C,0x3E,0xEC,0xBE,0x07,
    0xE8,0x44,0xE8,0x44,0xE8,0x44,0x00,0x00,0x6A,0xD3,0x07,0x00,0x19,0xF7,0x39,0x00,0x00,0x85,0xC6,0x00,
    0x00,0x00,0xD0,0x7C,0x00,0x00,0x00,0xFA,0x50,0x00,0x00,0x0A,0xFF,0x40,0x00,0x00,0x01,0xFB,0x4F,0x00,
    0x00,0x00,0xD4,0x79,0x00,0x00,0x00,0x8A,0xC2,0x00,0x00,0x00,0x1D,0xF8,0x35,0x00,0x00,0x00,0x6C,0xCF,
    0x06,0x88,0xBE,0x02,0x00,0x06,0xE0,0x66,0x00,0x00,0x73,0xDA,0x00,0x00,0x29,0xFF,0x24,0x00,0x01,0xFC,
    0x4E,0x00,0x00,0xED,0x5E,0x00,0x01,0xFB,0x4F,0x00,0x26,0xFF,0x27,0x00,0x6F,0xDE,0x00,0x04,0xDD,0x68,
    0x00,0x83,0xBD,0x02,0x00,0x00,0x00,0xB1,0x57,0x00,0x00,0x58,0xBA,0xC5,0xA1,0xD1,0x0B,0x07,0x4E,0xC6,
    0xCB,0x21,0x01,0x00,0xA9,0x31,0x84,0x56,0x00,0x00,0x00,0x00,0xFF,0x0C,0x00,0x00,0x00,0x00,0x00,0xFF,
    0x0C,0x00,0x00,0x00,0x00,0x00,0xFF,0x0C,0x00,0x00,0x84,0xFF,0xFF,0xFF,0xFF,0xFF,0x8C,0x06,0x0C,0x0C,
    0xFF,0x17,0x0C,0x06,0x00,0x00,0x00,0xFF,0x0C,0x00,0x00,0x00,0x00,0x00,0xFF,0x0C,0x00,0x00,0x00,0x00,
    0x00,0x0C,0x00,0x00,0x00,0x2B,0xFF,0x2D,0x67,0xD9,0x00,0xA2,0x85,0x00,0x14,0xFF,0xFF,0xFF,0x60,0x01,
    0x14,0x14,0x14,0x07,0x2D,0xEE,0x4C,0x2E,0xEF,0x4E,0x00,0x00,0x00,0x00,0x15,0xF9,0x4C,0x00,0x00,0x00,
    0x00,0x75,0xE3,0x03,0x00,0x00,0x00,0x00,0xD9,0x80,0x00,0x00,0x00,0x00,0x41,0xFD,0x1D,0x00,0x00,0x00,
    0x00,0xA7,0xB4,0x00,0x00,0x00,0x00,0x13,0xF8,0x4D,0x00,0x00,0x00,0x00,0x72,0xE4,0x03,0x00,0x00,0x00,
    0x00,0xD7,0x81,0x00,0x00,0x00,0x00,0x3E,0xFD,0x1E,0x00,0x00,0x00,0x00,0xA4,0xB5,0x00,0x00,0x00,0x00,
    0x11,0xF7,0x4F,0x00,0x00,0x00,0x00,0x00,0x22,0xBC,0xF8,0xE2,0x5F,0x00,0x02,0xD3,0xCE,0x41,0xA0,0xFD,
    0x2E,0x3C,0xFF,0x46,0x00,0x0E,0xFB,0x86,0x6C,0xFF,0x13,0x00,0x00,0xDA,0xAE,0x7C,0xFF,0x04,0x00,0x00,
    0xCC,0xB8,0x6A,0xFF,0x10,0x00,0x00,0xD9,0xAA,0x44,0xFF,0x3F,0x00,0x0D,0xFA,0x7A,0x02,0xDC,0xC7,0x3F,
    0xA0,0xF6,0x1D,0x00,0x30,0xCC,0xF9,0xD4,0x44,0x00,0x00,0x00,0x5D,0xDF,0x2B,0xB6,0xFF,0xE8,0x70,0x9B,
    0xA5,0xE8,0x00,0x00,0x90,0xE8,0x00,0x00,0x90,0xE8,0x00,0x00,0x90,0xE8,0x00,0x00,0x90,0xE8,0x00,0x00,
    0x90,0xE8,0x00,0x00,0x90,0xE8,0x01,0x80,0xE1,0xF8,0xD2,0x46,0x00,0x08,0xD0,0x5D,0x43,0xC6,0xF2,0x09,
    0x01,0x05,0x00,0x00,0x57,0xFF,0x29,0x00,0x00,0x00,0x00,0x96,0xF1,0x0A,0x00,0x00,0x00,0x7A,0xFE,0x63,
    0x00,0x00,0x07,0xA9,0xF7,0x5E,0x00,0x00,0x00,0xAF,0xE7,0x33,0x00,0x00,0x00,0x39,0xFF,0x87,0x44,0x44,
    0x44,0x16,0x5E,0xFF,0xFF,0xFF,0xFF,0xFF,0x54,0x00,0x8F,0xE7,0xF5,0xC3,0x2C,0x00,0x00,0x82,0x3E,0x49,
    0xE0,0xCF,0x00,0x00,0x00,0x00,0x00,0x90,0xEE,0x00,0x00,0x00,0x04,0x30,0xDC,0x93,0x00,0x00,0x4C,0xFF,
    0xFF,0xC0,0x13,0x00,0x00,0x0E,0x33,0x51,0xC8,0xDF,0x0D,0x00,0x00,0x00,0x00,0x48,0xFF,0x3A,0x25,0x6A,
    0x36,0x44,0xC3,0xEB,0x0E,0x20,0xCB,0xF5,0xEE,0xB6,0x2F,0x00,0x00,0x00,0x00,0x04,0xDA,0xE0,0x00,0x00,
    0x00,0x00,0x00,0x68,0xFF,0xE0,0x00,0x00,0x00,0x00,0x1A,0xEE,0xC4,0xE0,0x00,0x00,0x00,0x01,0xB8,0x9D,
    0x8C,0xE0,0x00,0x00,0x00,0x78,0xDF,0x0F,0x8C,0xE0,0x00,0x00,0x48,0xF7,0x35,0x00,0x8C,0xE0,0x00,0x00,
    0xAC,0xFF,0xFF,0xFF,0xFF,0xFF,0xFF,0x3C,0x25,0x38,0x38,0x38,0xA5,0xE7,0x38,0x0D,0x00,0x00,0x00,0x00,
    0x8C,0xE0,0x00,0x00,0x00,0x92,0xFF,0xFF,0xFF,0xF4,0x00,0x00,0xA6,0xC0,0x40,0x40,0x3D,0x00,0x00,0xB9,
    0x97,0x00,0x00,0x00,0x00,0x00,0xCD,0xFD,0xF6,0xC9,0x3C,0x00,0x00,0x37,0x38,0x58,0xD8,0xEE,0x13,0x00,
    0x00,0x00,0x00,0x3E,0xFF,0x4A,0x00,0x00,0x00,0x00,0x43,0xFF,0x40,0x03,0x92,0x3F,0x51,0xD8,0xDB,0x09,
    0x02,0xC9,0xF6,0xEC,0xAF,0x23,0x00,0x00,0x00,0x58,0xD4,0xFA,0xE9,0x1F,0x00,0x5A,0xF9,0x80,0x3A,0x41,
    0x0D,0x04,0xE4,0x84,0x00,0x00,0x00,0x00,0x34,0xFF,0x8A,0xE4,0xEE,0x99,0x07,0x54,0xFF,0xCC,0x41,0x6F,
    0xFF,0x74,0x4C,0xFF,0x48,0x00,0x00,0xCA,0xB4,0x28,0xFF,0x59,0x00,0x00,0xD0,0xA5,0x00,0xBD,0xDD,0x4E,
    0x77,0xFF,0x4C,0x00,0x15,0xAD,0xF0,0xDD,0x66,0x00,0x90,0xFF,0xFF,0xFF,0xFF,0xFF,0x83,0x24,0x40,0x40,
    0x40,0x95,0xFA,0x24,0x00,0x00,0x00,0x05,0xDF,0x96,0x00,0x00,0x00,0x00,0x63,0xFC,0x20,0x00,0x00,0x00,
    0x00,0xD2,0xA9,0x00,0x00,0x00,0x00,0x39,0xFF,0x47,0x00,0x00,0x00,0x00,0x92,0xEA,0x04,0x00,0x00,0x00,
    0x00,0xDC,0xA9,0x00,0x00,0x00,0x00,0x17,0xFF,0x73,0x00,0x00,0x00,0x00,0x2F,0xC2,0xF4,0xD1,0x46,0x00,
    0x00,0xDE,0xC3,0x32,0x9F,0xF5,0x18,0x15,0xFF,0x5E,0x00,0x2C,0xFF,0x44,0x01,0xC9,0xAF,0x0E,0x83,0xE9,
    0x11,0x00,0x38,0xFA,0xFF,0xFF,0x68,0x00,0x1F,0xF2,0x89,0x1F,0x5B,0xFA,0x48,0x61,0xFF,0x10,0x00,0x00,
    0xD6,0x97,0x2F,0xFD,0x8E,0x2D,0x67,0xFD,0x64,0x00,0x55,0xD2,0xF6,0xDE,0x7A,0x01,0x00,0x34,0xC3,0xF3,
    0xD2,0x4B,0x00,0x12,0xEB,0xB3,0x43,0xAB,0xF7,0x1F,0x57,0xFF,0x1D,0x00,0x0D,0xFC,0x75,0x63,0xFF,0x1E,
    0x00,0x02,0xF2,0x9B,0x24,0xFA,0xB4,0x43,0x95,0xFF,0x9C,0x00,0x55,0xDA,0xF4,0x96,0xED,0x80,0x00,0x00,
    0x00,0x00,0x2F,0xFF,0x3D,0x00,0x50,0x38,0x58,0xDC,0xBA,0x00,0x00,0xCC,0xFB,0xEC,0x99,0x0D,0x00,0x2D,
    0xEE,0x4C,0x2E,0xEF,0x4E,0x00,0x00,0x00,0x00,0x00,0x00,0x00,0x00,0x00,0x2D,0xEE,0x4C,0x2E,0xEF,0x4E,
    0x25,0xED,0x44,0x24,0xEE,0x43,0x00,0x00,0x00,0x00,0x00,0x00,0x00,0x00,0x00,0x2E,0xFF,0x2E,0x68,0xDB,
    0x00,0xA3,0x89,0x00,0x00,0x00,0x00,0x00,0x1C,0x93,0x53,0x00,0x00,0x1E,0x96,0xEB,0x8B,0x14,0x16,0x9A,
    0xE3,0x7B,0x10,0x00,0x00,0x27,0xCA,0xCA,0x59,0x05,0x00,0x00,0x00,0x00,0x3F,0xB4,0xE5,0x80,0x13,0x00,
    0x00,0x00,0x00,0x29,0x9C,0x54,0x84,0xFF,0xFF,0xFF,0xFF,0xFF,0x8C,0x06,0x0C,0x0C,0x0C,0x0C,0x0C,0x06,
    0x00,0x00,0x00,0x00,0x00,0x00,0x00,0x84,0xFF,0xFF,0xFF,0xFF,0xFF,0x8C,0x06,0x0C,0x0C,0x0C,0x0C,0x0C,
    0x06,0x49,0x99,0x20,0x00,0x00,0x00,0x00,0x11,0x85,0xEA,0x9C,0x22,0x00,0x00,0x00,0x00,0x0D,0x74,0xE0,
    0xA0,0x1A,0x00,0x00,0x03,0x50,0xC0,0xCF,0x2E,0x10,0x7A,0xE1,0xB9,0x45,0x00,0x00,0x4A,0xA2,0x2E,0x00,
    0x00,0x00,0x00,0x29,0xBB,0xF3,0xE5,0x7D,0x00,0x5E,0x8F,0x47,0xA0,0xFF,0x33,0x08,0x00,0x00,0x42,0xFD,
    0x23,0x00,0x00,0x29,0xE1,0x76,0x00,0x00,0x0C,0xE7,0x6A,0x00,0x00,0x00,0x2B,0xFF,0x1D,0x00,0x00,0x00,
    0x00,0x00,0x00,0x00,0x00,0x00,0x1E,0xEA,0x59,0x00,0x00,0x00,0x1F,0xEA,0x59,0x00,0x00,0x00,0x00,0x44,
    0xB4,0xE8,0xEB,0xDF,0x98,0x1F,0x00,0x00,0x00,0x7F,0xE0,0x52,0x06,0x00,0x12,0x71,0xE7,0x3A,0x00,0x4C,
    0xE8,0x1B,0x3E,0xD7,0xDE,0xB3,0x88,0x54,0xE3,0x08,0xBF,0x70,0x0B,0xEC,0x51,0x08,0xDE,0x74,0x00,0xDA,
    0x4A,0xF4,0x2F,0x4E,0xDA,0x00,0x00,0xBF,0x5F,0x00,0xB6,0x68,0xFB,0x28,0x68,0xBE,0x00,0x00,0xDF,0x4D,
    0x00,0xCB,0x4D,0xD6,0x5A,0x46,0xE9,0x0F,0x50,0xEE,0x66,0x36,0xE5,0x0A,0x74,0xD5,0x0D,0xA4,0xEC,0x9F,
    0x62,0xEE,0xCE,0x35,0x00,0x04,0xB3,0xCD,0x42,0x04,0x00,0x00,0x00,0x00,0x00,0x00,0x00,0x02,0x66,0xC6,
    0xEE,0xE8,0xDA,0xAD,0x00,0x00,0x00,0x00,0x00,0x00,0xAD,0xFF,0x67,0x00,0x00,0x00,0x00,0x00,0x13,0xF9,
    0xBB,0xC7,0x00,0x00,0x00,0x00,0x00,0x6E,0xD9,0x33,0xFF,0x27,0x00,0x00,0x00,0x00,0xCF,0x7C,0x00,0xD4,
    0x87,0x00,0x00,0x00,0x30,0xFE,0x20,0x00,0x77,0xE4,0x02,0x00,0x00,0x91,0xFF,0xFF,0xFF,0xFF,0xFF,0x47,
    0x00,0x06,0xEB,0x91,0x3C,0x3C,0x3C,0xD1,0xA7,0x00,0x53,0xFF,0x30,0x00,0x00,0x00,0x81,0xF7,0x10,0xB4,
    0xE7,0x01,0x00,0x00,0x00,0x36,0xFF,0x67,0xE0,0xFF,0xFF,0xEF,0xAF,0x1A,0x00,0xE0,0xB5,0x39,0x61,0xF6,
    0xB2,0x00,0xE0,0xA0,0x00,0x00,0xC3,0xD2,0x00,0xE0,0xA0,0x02,0x3D,0xF5,0x70,0x00,0xE0,0xFF,0xFF,0xFF,
    0xBF,0x18,0x00,0xE0,0xB5,0x38,0x51,0xCD,0xE4,0x0D,0xE0,0xA0,0x00,0x00,0x5E,0xFF,0x3B,0xE0,0xB3,0x34,
    0x49,0xCD,0xED,0x10,0xE0,0xFF,0xFF,0xF0,0xBA,0x32,0x00,0x00,0x00,0x30,0xAE,0xEC,0xF9,0xDD,0x4F,0x00,
    0x4A,0xF8,0xE1,0x7C,0x5E,0x8A,0x69,0x0B,0xEB,0xD3,0x0B,0x00,0x00,0x00,0x00,0x50,0xFF,0x53,0x00,0x00,
    0x00,0x00,0x00,0x6E,0xFF,0x2A,0x00,0x00,0x00,0x00,0x00,0x5E,0xFF,0x48,0x00,0x00,0x00,0x00,0x00,0x1D,
    0xFB,0xC0,0x04,0x00,0x00,0x00,0x00,0x00,0x81,0xFF,0xD0,0x72,0x5F,0x8F,0x6A,0x00,0x00,0x5E,0xCC,0xF7,
    0xF1,0xC8,0x40,0xE0,0xFF,0xFF,0xF4,0xD0,0x7F,0x0C,0x00,0xE0,0xBB,0x48,0x5E,0x98,0xFB,0xD1,0x0A,0xE0,
    0xA0,0x00,0x00,0x00,0x5B,0xFF,0x71,0xE0,0xA0,0x00,0x00,0x00,0x00,0xEF,0xB2,0xE0,0xA0,0x00,0x00,0x00,
    0x00,0xD6,0xC1,0xE0,0xA0,0x00,0x00,0x00,0x03,0xF6,0xA3,0xE0,0xA0,0x00,0x00,0x00,0x77,0xFF,0x49,0xE0,
    0xBB,0x48,0x61,0xA9,0xFF,0x91,0x00,0xE0,0xFF,0xFE,0xEF,0xBC,0x52,0x00,0x00,0xE0,0xFF,0xFF,0xFF,0xFF,
    0x08,0xE0,0xBD,0x48,0x48,0x48,0x02,0xE0,0xA4,0x00,0x00,0x00,0x00,0xE0,0xA4,0x00,0x00,0x00,0x00,0xE0,
    0xFF,0xFF,0xFF,0xC4,0x00,0xE0,0xBD,0x48,0x48,0x37,0x00,0xE0,0xA4,0x00,0x00,0x00,0x00,0xE0,0xBD,0x48,
    0x48,0x48,0x10,0xE0,0xFF,0xFF,0xFF,0xFF,0x3C,0xE0,0xFF,0xFF,0xFF,0xFF,0x08,0xE0,0xBD,0x48,0x48,0x48,
    0x02,0xE0,0xA4,0x00,0x00,0x00,0x00,0xE0,0xA4,0x00,0x00,0x00,0x00,0xE0,0xFF,0xFF,0xFF,0xC4,0x00,0xE0,
    0xBD,0x48,0x48,0x37,0x00,0xE0,0xA4,0x00,0x00,0x00,0x00,0xE0,0xA4,0x00,0x00,0x00,0x00,0xE0,0xA4,0x00,
    0x00,0x00,0x00,0x00,0x00,0x2D,0xA8,0xE9,0xFA,0xE8,0xA6,0x00,0x00,0x48,0xF7,0xDF,0x76,0x55,0x71,0xBC,
    0x00,0x0B,0xEA,0xD2,0x0B,0x00,0x00,0x00,0x00,0x00,0x50,0xFF,0x52,0x00,0x00,0x00,0x00,0x00,0x00,0x6E,
    0xFF,0x2A,0x00,0x30,0xFF,0xFF,0xFF,0x3C,0x5C,0xFF,0x46,0x00,0x0C,0x44,0x78,0xFF,0x3C,0x19,0xF8,0xB5,
    0x01,0x00,0x00,0x48,0xFF,0x3C,0x00,0x71,0xFF,0xC0,0x65,0x57,0xA8,0xFF,0x3C,0x00,0x00,0x4F,0xC3,0xF4,
    0xF3,0xD3,0x84,0x10,0xE0,0xA4,0x00,0x00,0x00,0x14,0xFF,0x70,0xE0,0xA4,0x00,0x00,0x00,0x14,0xFF,0x70,
    0xE0,0xA4,0x00,0x00,0x00,0x14,0xFF,0x70,0xE0,0xA4,0x00,0x00,0x00,0x14,0xFF,0x70,0xE0,0xFF,0xFF,0xFF,
    0xFF,0xFF,0xFF,0x70,0xE0,0xC2,0x54,0x54,0x54,0x61,0xFF,0x70,0xE0,0xA4,0x00,0x00,0x00,0x14,0xFF,0x70,
    0xE0,0xA4,0x00,0x00,0x00,0x14,0xFF,0x70,0xE0,0xA4,0x00,0x00,0x00,0x14,0xFF,0x70,0xE0,0xAC,0xE0,0xAC,
    0xE0,0xAC,0xE0,0xAC,0xE0,0xAC,0xE0,0xAC,0xE0,0xAC,0xE0,0xAC,0xE0,0xAC,0x00,0x00,0x64,0xFF,0x1C,0x00,
    0x00,0x64,0xFF,0x1C,0x00,0x00,0x64,0xFF,0x1C,0x00,0x00,0x64,0xFF,0x1C,0x00,0x00,0x64,0xFF,0x1C,0x00,
    0x00,0x68,0xFF,0x1A,0x00,0x00,0x8D,0xFA,0x03,0x7D,0x6F,0xF3,0xAA,0x00,0xC0,0xEF,0xA8,0x14,0x00,0xE0,
    0xA4,0x00,0x00,0x78,0xFE,0x53,0xE0,0xA4,0x00,0x41,0xFC,0x7E,0x00,0xE0,0xA4,0x1B,0xE9,0xAA,0x01,0x00,
    0xE0,0xA9,0xC6,0xCD,0x0A,0x00,0x00,0xE0,0xE6,0xFF,0x67,0x00,0x00,0x00,0xE0,0xA4,0xA5,0xF4,0x2F,0x00,
    0x00,0xE0,0xA4,0x0B,0xD5,0xE1,0x15,0x00,0xE0,0xA4,0x00,0x28,0xF3,0xC3,0x05,0xE0,0xA4,0x00,0x00,0x57,
    0xFF,0x9A,0xE0,0xA4,0x00,0x00,0x00,0x00,0xE0,0xA4,0x00,0x00,0x00,0x00,0xE0,0xA4,0x00,0x00,0x00,0x00,
    0xE0,0xA4,0x00,0x00,0x00,0x00,0xE0,0xA4,0x00,0x00,0x00,0x00,0xE0,0xA4,0x00,0x00,0x00,0x00,0xE0,0xA4,
    0x00,0x00,0x00,0x00,0xE0,0xBD,0x48,0x48,0x48,0x0B,0xE0,0xFF,0xFF,0xFF,0xFF,0x28,0xE0,0xFF,0x72,0x00,
    0x00,0x00,0x00,0x5D,0xFF,0xE8,0xE0,0xF3,0xD8,0x00,0x00,0x00,0x00,0xC5,0xF3,0xE8,0xE0,0xB1,0xFF,0x3F,
    0x00,0x00,0x2D,0xFD,0xB4,0xE8,0xE0,0x83,0xC9,0xA5,0x00,0x00,0x96,0xB8,0x97,0xE8,0xE0,0x84,0x61,0xF8,
    0x13,0x0C,0xF2,0x50,0x98,0xE8,0xE0,0x84,0x09,0xEF,0x72,0x67,0xE5,0x04,0x98,0xE8,0xE0,0x84,0x00,0x91,
    0xD3,0xCA,0x82,0x00,0x98,0xE8,0xE0,0x84,0x00,0x29,0xFF,0xFC,0x1D,0x00,0x98,0xE8,0xE0,0x84,0x00,0x00,
    0xC0,0xB3,0x00,0x00,0x98,0xE8,0xE0,0xFC,0x35,0x00,0x00,0x00,0x9C,0xD8,0xE0,0xFD,0xD3,0x05,0x00,0x00,
    0x9C,0xD8,0xE0,0xAE,0xF3,0x7F,0x00,0x00,0x9C,0xD8,0xE0,0x93,0x6C,0xF9,0x2B,0x00,0x9C,0xD8,0xE0,0x94,
    0x01,0xC2,0xC9,0x02,0x9C,0xD8,0xE0,0x94,0x00,0x25,0xF6,0x72,0x9B,0xD8,0xE0,0x94,0x00,0x00,0x74,0xF5,
    0xB8,0xD8,0xE0,0x94,0x00,0x00,0x03,0xC9,0xFF,0xD8,0xE0,0x94,0x00,0x00,0x00,0x2A,0xF9,0xD8,0x00,0x00,
    0x51,0xC5,0xF4,0xF5,0xC1,0x44,0x00,0x00,0x00,0x6E,0xFF,0xC4,0x6A,0x6E,0xCE,0xFD,0x53,0x00,0x14,0xF6,
    0xBD,0x03,0x00,0x00,0x06,0xD6,0xE6,0x03,0x56,0xFF,0x49,0x00,0x00,0x00,0x00,0x71,0xFF,0x30,0x6F,0xFF,
    0x29,0x00,0x00,0x00,0x00,0x55,0xFF,0x42,0x5D,0xFF,0x47,0x00,0x00,0x00,0x00,0x71,0xFF,0x29,0x1B,0xFA,
    0xB7,0x01,0x00,0x00,0x07,0xD7,0xDD,0x01,0x00,0x7D,0xFF,0xBF,0x67,0x6F,0xD2,0xFB,0x49,0x00,0x00,0x00,
    0x5E,0xCD,0xF8,0xF3,0xBA,0x3C,0x00,0x00,0xE0,0xFF,0xFF,0xE9,0xA9,0x1C,0x00,0xE0,0xB8,0x41,0x67,0xEE,
    0xC8,0x00,0xE0,0xA0,0x00,0x00,0x81,0xFF,0x16,0xE0,0xA0,0x00,0x00,0x7A,0xFF,0x15,0xE0,0xA0,0x02,0x32,
    0xE1,0xC9,0x00,0xE0,0xFF,0xFF,0xFF,0xCE,0x25,0x00,0xE0,0xB6,0x3B,0x21,0x01,0x00,0x00,0xE0,0xA0,0x00,
    0x00,0x00,0x00,0x00,0xE0,0xA0,0x00,0x00,0x00,0x00,0x00,0x00,0x00,0x4E,0xC3,0xF4,0xF5,0xBE,0x42,0x00,
    0x00,0x00,0x00,0x6A,0xFF,0xC6,0x6B,0x6F,0xD0,0xFD,0x53,0x00,0x00,0x12,0xF5,0xBD,0x03,0x00,0x00,0x06,
    0xD6,0xE3,0x02,0x00,0x54,0xFF,0x4A,0x00,0x00,0x00,0x00,0x72,0xFF,0x2F,0x00,0x6E,0xFF,0x29,0x00,0x00,
    0x00,0x00,0x55,0xFF,0x41,0x00,0x5B,0xFF,0x49,0x00,0x00,0x00,0x00,0x73,0xFF,0x28,0x00,0x17,0xF4,0xB8,
    0x01,0x00,0x00,0x07,0xD8,0xDA,0x00,0x00,0x00,0x6C,0xFF,0xBE,0x67,0x6F,0xD2,0xF9,0x44,0x00,0x00,0x00,
    0x00,0x4B,0xCC,0xF8,0xF3,0xEE,0xDD,0x2E,0x00,0x00,0x00,0x00,0x00,0x00,0x00,0x00,0x14,0xB3,0xF9,0x7A,
    0x03,0xE0,0xFF,0xFF,0xF4,0xC0,0x32,0x00,0x00,0xE0,0xB5,0x38,0x53,0xE0,0xE3,0x00,0x00,0xE0,0xA0,0x00,
    0x00,0x8E,0xFF,0x0A,0x00,0xE0,0xB5,0x38,0x58,0xE9,0xAA,0x00,0x00,0xE0,0xFF,0xFF,0xFF,0x87,0x03,0x00,
    0x00,0xE0,0xA0,0x0E,0xAE,0xE8,0x19,0x00,0x00,0xE0,0xA0,0x00,0x11,0xEC,0xAD,0x00,0x00,0xE0,0xA0,0x00,
    0x00,0x6F,0xFF,0x44,0x00,0xE0,0xA0,0x00,0x00,0x06,0xDC,0xD6,0x05,0x00,0x35,0xB8,0xEF,0xF7,0xD5,0x17,
    0x1A,0xF3,0xC9,0x55,0x50,0x9C,0x22,0x41,0xFF,0x5B,0x00,0x00,0x00,0x00,0x0E,0xE5,0xE8,0x60,0x05,0x00,
    0x00,0x00,0x21,0xBC,0xFF,0xDD,0x41,0x00,0x00,0x00,0x00,0x3B,0xCC,0xFA,0x2F,0x00,0x00,0x00,0x00,0x24,
    0xFF,0x7B,0x44,0x93,0x4F,0x4A,0xA3,0xFF,0x4F,0x2B,0xC8,0xF4,0xF6,0xD1,0x63,0x00,0xC4,0xFF,0xFF,0xFF,
    0xFF,0xFF,0xF8,0x37,0x48,0x64,0xFF,0x87,0x48,0x45,0x00,0x00,0x28,0xFF,0x58,0x00,0x00,0x00,0x00,0x28,
    0xFF,0x58,0x00,0x00,0x00,0x00,0x28,0xFF,0x58,0x00,0x00,0x00,0x00,0x28,0xFF,0x58,0x00,0x00,0x00,0x00,
    0x28,0xFF,0x58,0x00,0x00,0x00,0x00,0x28,0xFF,0x58,0x00,0x00,0x00,0x00,0x28,0xFF,0x58,0x00,0x00,0xFC,
    0x88,0x00,0x00,0x00,0x64,0xFF,0x20,0xFC,0x88,0x00,0x00,0x00,0x64,0xFF,0x20,0xFC,0x88,0x00,0x00,0x00,
    0x64,0xFF,0x20,0xFC,0x88,0x00,0x00,0x00,0x64,0xFF,0x20,0xFC,0x88,0x00,0x00,0x00,0x64,0xFF,0x20,0xF6,
    0x93,0x00,0x00,0x00,0x6E,0xFF,0x16,0xD6,0xCD,0x00,0x00,0x00,0xA4,0xF3,0x00,0x78,0xFF,0xAA,0x5F,0x8F,
    0xFD,0x8C,0x00,0x04,0x7C,0xDB,0xF7,0xDB,0x82,0x07,0x00,0xBB,0xE4,0x01,0x00,0x00,0x00,0x84,0xFC,0x18,
    0x5F,0xFF,0x3A,0x00,0x00,0x00,0xD9,0xB8,0x00,0x0D,0xF6,0x8E,0x00,0x00,0x30,0xFF,0x5B,0x00,0x00,0xA8,
    0xE2,0x01,0x00,0x86,0xF3,0x0A,0x00,0x00,0x4C,0xFF,0x37,0x00,0xDB,0xA1,0x00,0x00,0x00,0x05,0xEB,0x8B,
    0x32,0xFF,0x44,0x00,0x00,0x00,0x00,0x95,0xDF,0x87,0xE5,0x02,0x00,0x00,0x00,0x00,0x3A,0xFF,0xE6,0x8A,
    0x00,0x00,0x00,0x00,0x00,0x00,0xDD,0xFF,0x2E,0x00,0x00,0x00,0xB8,0xEA,0x01,0x00,0x00,0x7D,0xFF,0x54,
    0x00,0x00,0x44,0xFF,0x47,0x70,0xFF,0x2C,0x00,0x00,0xC5,0xFD,0x97,0x00,0x00,0x82,0xF7,0x09,0x27,0xFF,
    0x6C,0x00,0x11,0xFC,0xBD,0xD9,0x00,0x00,0xC1,0xB9,0x00,0x00,0xDE,0xAC,0x00,0x57,0xEF,0x4F,0xFF,0x1B,
    0x08,0xF8,0x72,0x00,0x00,0x96,0xEB,0x01,0xA0,0xAC,0x0B,0xF9,0x5E,0x3F,0xFF,0x2B,0x00,0x00,0x4E,0xFF,
    0x2E,0xE7,0x66,0x00,0xBF,0xA0,0x7E,0xE4,0x00,0x00,0x00,0x0C,0xF9,0x9A,0xFF,0x1F,0x00,0x79,0xE1,0xBB,
    0x9D,0x00,0x00,0x00,0x00,0xBD,0xF3,0xD9,0x00,0x00,0x32,0xFF,0xF4,0x56,0x00,0x00,0x00,0x00,0x74,0xFF,
    0x93,0x00,0x00,0x01,0xE9,0xFD,0x12,0x00,0x00,0x5A,0xFF,0x75,0x00,0x00,0x23,0xF9,0x8E,0x00,0xBB,0xEF,
    0x12,0x00,0xAD,0xE1,0x0C,0x00,0x25,0xF8,0x8D,0x3D,0xFF,0x4C,0x00,0x00,0x00,0x81,0xF7,0xD1,0xAB,0x00,
    0x00,0x00,0x00,0x14,0xFC,0xFF,0x38,0x00,0x00,0x00,0x00,0x96,0xE5,0xD4,0xB5,0x00,0x00,0x00,0x3F,0xFE,
    0x5F,0x4C,0xFF,0x57,0x00,0x0A,0xDC,0xC9,0x01,0x00,0xBB,0xE8,0x10,0x90,0xFE,0x37,0x00,0x00,0x2E,0xFD,
    0x9B,0xB3,0xF0,0x0B,0x00,0x00,0x5B,0xFF,0x38,0x37,0xFF,0x64,0x00,0x00,0xC7,0xB8,0x00,0x00,0xBC,0xCC,
    0x00,0x32,0xFF,0x39,0x00,0x00,0x40,0xFF,0x35,0x9F,0xB9,0x00,0x00,0x00,0x00,0xC5,0xAA,0xF7,0x3A,0x00,
    0x00,0x00,0x00,0x4A,0xFF,0xBB,0x00,0x00,0x00,0x00,0x00,0x08,0xFF,0x7C,0x00,0x00,0x00,0x00,0x00,0x08,
    0xFF,0x7C,0x00,0x00,0x00,0x00,0x00,0x08,0xFF,0x7C,0x00,0x00,0x00,0x64,0xFF,0xFF,0xFF,0xFF,0xFF,0xFF,
    0x49,0x1C,0x48,0x48,0x48,0x55,0xF6,0xBA,0x01,0x00,0x00,0x00,0x00,0xA2,0xEC,0x1A,0x00,0x00,0x00,0x00,
    0x57,0xFF,0x52,0x00,0x00,0x00,0x00,0x1E,0xEF,0x9D,0x00,0x00,0x00,0x00,0x02,0xC1,0xDC,0x0C,0x00,0x00,
    0x00,0x00,0x7B,0xFB,0x38,0x00,0x00,0x00,0x00,0x35,0xFA,0xB5,0x48,0x48,0x48,0x48,0x13,0xBB,0xFF,0xFF,
    0xFF,0xFF,0xFF,0xFF,0x44,0xAC,0xFE,0xEC,0xAC,0x94,0x00,0xAC,0x94,0x00,0xAC,0x94,0x00,0xAC,0x94,0x00,
    0xAC,0x94,0x00,0xAC,0x94,0x00,0xAC,0x94,0x00,0xAC,0x94,0x00,0xAC,0x94,0x00,0xAC,0xFE,0xEC,0x02,0xE0,
    0x71,0x00,0x00,0x00,0x00,0x00,0x7F,0xD4,0x00,0x00,0x00,0x00,0x00,0x1D,0xFD,0x37,0x00,0x00,0x00,0x00,
    0x00,0xB8,0x9B,0x00,0x00,0x00,0x00,0x00,0x54,0xF2,0x0B,0x00,0x00,0x00,0x00,0x05,0xEA,0x61,0x00,0x00,
    0x00,0x00,0x00,0x8D,0xC4,0x00,0x00,0x00,0x00,0x00,0x29,0xFF,0x28,0x00,0x00,0x00,0x00,0x00,0xC5,0x8B,
    0x00,0x00,0x00,0x00,0x00,0x62,0xE9,0x05,0x00,0x00,0x00,0x00,0x0B,0xF2,0x52,0x99,0xFC,0xFF,0x04,0x00,
    0x3C,0xFF,0x04,0x00,0x3C,0xFF,0x04,0x00,0x3C,0xFF,0x04,0x00,0x3C,0xFF,0x04,0x00,0x3C,0xFF,0x04,0x00,
    0x3C,0xFF,0x04,0x00,0x3C,0xFF,0x04,0x00,0x3C,0xFF,0x04,0x00,0x3C,0xFF,0x04,0x99,0xFC,0xFF,0x04,0x00,
    0x00,0x2F,0xF3,0x1C,0x00,0x00,0x00,0x00,0xB8,0xD9,0xA5,0x00,0x00,0x00,0x42,0xE1,0x15,0xE8,0x3A,0x00,
    0x01,0xCB,0x61,0x00,0x66,0xCB,0x01,0x57,0xD7,0x03,0x00,0x03,0xD1,0x61,0xC0,0xC0,0xC0,0xC0,0xC0,0x4B,
    0x1B,0xE5,0x4A,0x00,0x00,0x35,0xDE,0x15,0x00,0x82,0xDF,0xF7,0xCD,0x31,0x00,0x8E,0x39,0x2E,0xDC,0xC3,
    0x00,0x00,0x00,0x00,0x86,0xEE,0x01,0x65,0xB7,0xDD,0xFA,0xF4,0x58,0xFA,0x50,0x16,0x80,0xF4,0x78,0xF7,
    0x45,0x3F,0xDB,0xF4,0x17,0xC3,0xF7,0xBF,0x91,0xF4,0x0C,0xFF,0x70,0x00,0x00,0x00,0x00,0x00,0x0C,0xFF,
    0x70,0x00,0x00,0x00,0x00,0x00,0x0C,0xFF,0x70,0x00,0x00,0x00,0x00,0x00,0x0C,0xFF,0x7F,0xB0,0xF5,0xCE,
    0x31,0x00,0x0C,0xFF,0xE9,0x5F,0x41,0xD7,0xDC,0x04,0x0C,0xFF,0x8F,0x00,0x00,0x59,0xFF,0x2D,0x0C,0xFF,
    0x6C,0x00,0x00,0x40,0xFF,0x3E,0x0C,0xFF,0x82,0x00,0x00,0x6A,0xFF,0x1E,0x0C,0xFF,0xEB,0x51,0x4C,0xE5,
    0xBF,0x00,0x0C,0xFF,0x92,0xCD,0xF3,0xB6,0x1A,0x00,0x00,0x15,0xA2,0xE6,0xF2,0x77,0x02,0xCC,0xE2,0x54,
    0x45,0x74,0x43,0xFF,0x48,0x00,0x00,0x00,0x69,0xFF,0x15,0x00,0x00,0x00,0x51,0xFF,0x3D,0x00,0x00,0x00,
    0x0B,0xE1,0xD8,0x4C,0x48,0x73,0x00,0x27,0xB9,0xF2,0xE5,0x61,0x00,0x00,0x00,0x00,0x00,0x98,0xE0,0x00,
    0x00,0x00,0x00,0x00,0x98,0xE0,0x00,0x00,0x00,0x00,0x00,0x98,0xE0,0x00,0x2C,0xC6,0xF5,0xBD,0xAA,0xE0,
    0x07,0xE2,0xCD,0x40,0x62,0xF9,0xE0,0x4B,0xFF,0x3A,0x00,0x00,0xA8,0xE0,0x6A,0xFF,0x13,0x00,0x00,0x94,
    0xE0,0x58,0xFF,0x32,0x00,0x00,0xB7,0xE0,0x16,0xF5,0xC3,0x3C,0x70,0xF5,0xE0,0x00,0x4C,0xDB,0xF4,0x9C,
    0xA0,0xE0,0x00,0x1F,0xB5,0xF1,0xD5,0x45,0x00,0x05,0xD8,0xB7,0x24,0x82,0xF2,0x13,0x49,0xFF,0x29,0x00,
    0x07,0xFD,0x58,0x6A,0xFF,0xFF,0xFF,0xFF,0xFF,0x74,0x51,0xFF,0x2C,0x0C,0x0C,0x0C,0x05,0x0E,0xEA,0xB8,
    0x35,0x39,0xA0,0x00,0x00,0x35,0xC6,0xF5,0xE4,0x8E,0x00,0x00,0x0B,0xAA,0xF3,0x9A,0x00,0x76,0xFA,0x4C,
    0x0D,0x00,0x93,0xE0,0x00,0x00,0xB0,0xFF,0xFF,0xFF,0x64,0x1B,0xA4,0xE8,0x28,0x0F,0x00,0x94,0xE4,0x00,
    0x00,0x00,0x94,0xE4,0x00,0x00,0x00,0x94,0xE4,0x00,0x00,0x00,0x94,0xE4,0x00,0x00,0x00,0x94,0xE4,0x00,
    0x00,0x00,0x36,0xD0,0xF8,0xBB,0xA9,0xE0,0x06,0xE2,0xCE,0x40,0x64,0xF9,0xE0,0x4A,0xFF,0x3C,0x00,0x00,
    0xA9,0xE0,0x6A,0xFF,0x13,0x00,0x00,0x94,0xE0,0x5A,0xFF,0x32,0x00,0x00,0xB7,0xE0,0x17,0xF5,0xC3,0x3C,
    0x70,0xF6,0xE0,0x00,0x4C,0xDB,0xF5,0x9E,0xA3,0xD5,0x00,0x00,0x00,0x00,0x00,0xC9,0xB2,0x00,0xAA,0x48,
    0x37,0x8F,0xFF,0x4C,0x00,0xA3,0xEB,0xF5,0xD0,0x5C,0x00,0x0C,0xFF,0x70,0x00,0x00,0x00,0x00,0x0C,0xFF,
    0x70,0x00,0x00,0x00,0x00,0x0C,0xFF,0x70,0x00,0x00,0x00,0x00,0x0C,0xFF,0x84,0xB8,0xF6,0xC1,0x17,0x0C,
    0xFF,0xEC,0x55,0x5F,0xFE,0x88,0x0C,0xFF,0x92,0x00,0x00,0xD1,0xB3,0x0C,0xFF,0x71,0x00,0x00,0xBC,0xBC,
    0x0C,0xFF,0x70,0x00,0x00,0xBC,0xBC,0x0C,0xFF,0x70,0x00,0x00,0xBC,0xBC,0x0C,0xFF,0x70,0x00,0x00,0xBC,
    0xBC,0x03,0x8C,0x38,0x0F,0xE2,0x6A,0x00,0x00,0x00,0x0C,0xFF,0x70,0x0C,0xFF,0x70,0x0C,0xFF,0x70,0x0C,
    0xFF,0x70,0x0C,0xFF,0x70,0x0C,0xFF,0x70,0x0C,0xFF,0x70,0x00,0x00,0x03,0x8C,0x38,0x00,0x00,0x0F,0xE2,
    0x6A,0x00,0x00,0x00,0x00,0x00,0x00,0x00,0x0C,0xFF,0x70,0x00,0x00,0x0C,0xFF,0x70,0x00,0x00,0x0C,0xFF,
    0x70,0x00,0x00,0x0C,0xFF,0x70,0x00,0x00,0x0C,0xFF,0x70,0x00,0x00,0x0C,0xFF,0x70,0x00,0x00,0x0E,0xFF,
    0x6C,0x00,0x00,0x27,0xFF,0x52,0x00,0x22,0xA2,0xF5,0x13,0x0D,0xF1,0xDD,0x51,0x00,0x0C,0xFF,0x70,0x00,
    0x00,0x00,0x00,0x0C,0xFF,0x70,0x00,0x00,0x00,0x00,0x0C,0xFF,0x70,0x00,0x00,0x00,0x00,0x0C,0xFF,0x70,
    0x00,0x87,0xFB,0x3E,0x0C,0xFF,0x70,0x46,0xFE,0x6E,0x00,0x0C,0xFF,0x89,0xE9,0xA2,0x00,0x00,0x0C,0xFF,
    0xEB,0xFE,0x27,0x00,0x00,0x0C,0xFF,0x7B,0xD7,0xCD,0x09,0x00,0x0C,0xFF,0x70,0x2D,0xF6,0xA5,0x00,0x0C,
    0xFF,0x70,0x00,0x64,0xFF,0x74,0x0C,0xFF,0x70,0x0C,0xFF,0x70,0x0C,0xFF,0x70,0x0C,0xFF,0x70,0x0C,0xFF,
    0x70,0x0C,0xFF,0x70,0x0C,0xFF,0x70,0x0C,0xFF,0x70,0x0C,0xFF,0x70,0x0C,0xFF,0x70,0x0C,0xFF,0x88,0xBF,
    0xF7,0xB1,0x22,0xBD,0xF5,0xBB,0x11,0x0C,0xFF,0xE7,0x48,0x80,0xFF,0xE9,0x5C,0x61,0xFF,0x78,0x0C,0xFF,
    0x8C,0x00,0x03,0xFA,0xB0,0x00,0x00,0xDE,0xA3,0x0C,0xFF,0x70,0x00,0x00,0xEC,0x91,0x00,0x00,0xCC,0xAC,
    0x0C,0xFF,0x70,0x00,0x00,0xEC,0x90,0x00,0x00,0xCC,0xAC,0x0C,0xFF,0x70,0x00,0x00,0xEC,0x90,0x00,0x00,
    0xCC,0xAC,0x0C,0xFF,0x70,0x00,0x00,0xEC,0x90,0x00,0x00,0xCC,0xAC,0x0C,0xFF,0x84,0xB9,0xF6,0xBD,0x14,
    0x0C,0xFF,0xE8,0x52,0x5A,0xFD,0x86,0x0C,0xFF,0x8A,0x00,0x00,0xC9,0xB5,0x0C,0xFF,0x70,0x00,0x00,0xB8,
    0xC0,0x0C,0xFF,0x70,0x00,0x00,0xB8,0xC0,0x0C,0xFF,0x70,0x00,0x00,0xB8,0xC0,0x0C,0xFF,0x70,0x00,0x00,
    0xB8,0xC0,0x00,0x1C,0xAA,0xE9,0xEA,0xA2,0x12,0x00,0x05,0xD5,0xD2,0x44,0x51,0xE8,0xB2,0x00,0x48,0xFF,
    0x3C,0x00,0x00,0x73,0xFF,0x13,0x69,0xFF,0x14,0x00,0x00,0x4F,0xFF,0x2D,0x4E,0xFF,0x38,0x00,0x00,0x71,
    0xFF,0x0E,0x09,0xDE,0xCF,0x43,0x50,0xE7,0xA1,0x00,0x00,0x24,0xB5,0xEF,0xE4,0x91,0x0B,0x00,0x0C,0xFF,
    0x7F,0xB0,0xF5,0xCF,0x33,0x00,0x0C,0xFF,0xE9,0x5F,0x42,0xD9,0xDD,0x04,0x0C,0xFF,0x8F,0x00,0x00,0x59,
    0xFF,0x2D,0x0C,0xFF,0x6C,0x00,0x00,0x40,0xFF,0x3E,0x0C,0xFF,0x81,0x00,0x00,0x69,0xFF,0x1F,0x0C,0xFF,
    0xEA,0x4D,0x48,0xE4,0xBF,0x00,0x0C,0xFF,0x91,0xCB,0xF3,0xB6,0x1A,0x00,0x0C,0xFF,0x70,0x00,0x00,0x00,
    0x00,0x00,0x0C,0xFF,0x70,0x00,0x00,0x00,0x00,0x00,0x0C,0xFF,0x70,0x00,0x00,0x00,0x00,0x00,0x00,0x2B,
    0xC5,0xF5,0xBF,0xAF,0xE0,0x07,0xE2,0xCD,0x40,0x64,0xFA,0xE0,0x4B,0xFF,0x3B,0x00,0x00,0xA9,0xE0,0x6A,
    0xFF,0x13,0x00,0x00,0x94,0xE0,0x58,0xFF,0x31,0x00,0x00,0xB6,0xE0,0x16,0xF5,0xC1,0x3B,0x71,0xF4,0xE0,
    0x00,0x4C,0xDB,0xF5,0x9F,0xA1,0xE0,0x00,0x00,0x00,0x00,0x00,0x9C,0xE0,0x00,0x00,0x00,0x00,0x00,0x9C,
    0xE0,0x00,0x00,0x00,0x00,0x00,0x9C,0xE0,0x0C,0xFF,0x8B,0xD6,0xB5,0x0C,0xFF,0xE9,0x2E,0x00,0x0C,0xFF,
    0x92,0x00,0x00,0x0C,0xFF,0x73,0x00,0x00,0x0C,0xFF,0x70,0x00,0x00,0x0C,0xFF,0x70,0x00,0x00,0x0C,0xFF,
    0x70,0x00,0x00,0x00,0x80,0xE6,0xF6,0xA6,0x00,0x4E,0xFF,0x56,0x2E,0x8E,0x00,0x55,0xFF,0x6E,0x09,0x01,
    0x00,0x03,0x8F,0xF9,0xEB,0x5D,0x00,0x01,0x00,0x13,0xA7,0xFC,0x14,0x66,0x5F,0x21,0x8E,0xFA,0x0E,0x4B,
    0xE1,0xF8,0xD6,0x52,0x00,0x00,0x6B,0xB9,0x00,0x00,0x00,0xA4,0xD4,0x00,0x00,0xBC,0xFF,0xFF,0xFF,0x64,
    0x1D,0xB2,0xDA,0x28,0x0F,0x00,0xA4,0xD4,0x00,0x00,0x00,0xA4,0xD4,0x00,0x00,0x00,0xA4,0xD5,0x00,0x00,
    0x00,0x94,0xF4,0x3B,0x05,0x00,0x2C,0xD9,0xFA,0x59,0x2C,0xFF,0x4C,0x00,0x00,0xD8,0xA0,0x2C,0xFF,0x4C,
    0x00,0x00,0xD8,0xA0,0x2C,0xFF,0x4C,0x00,0x00,0xD8,0xA0,0x2C,0xFF,0x4C,0x00,0x00,0xD8,0xA0,0x20,0xFF,
    0x5B,0x00,0x02,0xED,0xA0,0x04,0xEB,0xC8,0x39,0x8B,0xFB,0xA0,0x00,0x50,0xE1,0xF2,0x82,0xD8,0xA0,0xC5,
    0xCD,0x00,0x00,0x23,0xFF,0x61,0x6D,0xFE,0x19,0x00,0x72,0xF7,0x0E,0x18,0xFD,0x63,0x00,0xC1,0xA9,0x00,
    0x00,0xBE,0xAE,0x13,0xFC,0x4D,0x00,0x00,0x67,0xF3,0x65,0xEC,0x05,0x00,0x00,0x13,0xFB,0xD4,0x95,0x00,
    0x00,0x00,0x00,0xB8,0xFF,0x39,0x00,0x00,0xBE,0xC5,0x00,0x00,0xC2,0xDD,0x00,0x00,0xD2,0x90,0x78,0xF9,
    0x07,0x0B,0xF3,0xFF,0x18,0x0E,0xFD,0x4A,0x32,0xFF,0x3C,0x49,0xC1,0xDF,0x53,0x46,0xF9,0x0A,0x01,0xEA,
    0x77,0x8D,0x7C,0xA1,0x8F,0x81,0xBD,0x00,0x00,0xA7,0xB3,0xD0,0x37,0x62,0xCA,0xBB,0x77,0x00,0x00,0x61,
    0xEB,0xED,0x03,0x23,0xF8,0xEF,0x31,0x00,0x00,0x1B,0xFF,0xAE,0x00,0x00,0xE3,0xE9,0x01,0x00,0x7D,0xFE,
    0x2F,0x00,0x7B,0xF6,0x1F,0x08,0xDE,0xAD,0x10,0xEF,0x7A,0x00,0x00,0x50,0xFE,0xAB,0xD8,0x06,0x00,0x00,
    0x00,0xD7,0xFF,0x63,0x00,0x00,0x00,0x4A,0xFC,0xC2,0xCE,0x03,0x00,0x0C,0xE1,0x9C,0x26,0xFB,0x6F,0x00,
    0x92,0xF7,0x1C,0x00,0x9B,0xF2,0x1A,0xC9,0xD1,0x00,0x00,0x10,0xFB,0x68,0x6A,0xFF,0x1E,0x00,0x5C,0xF9,
    0x12,0x12,0xF9,0x6A,0x00,0xAC,0xAE,0x00,0x00,0xAC,0xB7,0x08,0xF3,0x51,0x00,0x00,0x4D,0xF8,0x57,0xED,
    0x06,0x00,0x00,0x04,0xE9,0xDC,0x96,0x00,0x00,0x00,0x00,0x8F,0xFF,0x39,0x00,0x00,0x00,0x00,0x97,0xDB,
    0x00,0x00,0x00,0x11,0x61,0xF9,0x64,0x00,0x00,0x00,0xAA,0xEE,0x7F,0x00,0x00,0x00,0x00,0x78,0xFF,0xFF,
    0xFF,0xFF,0xB3,0x12,0x28,0x28,0x98,0xFA,0x2F,0x00,0x00,0x2C,0xF8,0x7D,0x00,0x00,0x04,0xCD,0xCD,0x04,
    0x00,0x00,0x80,0xF9,0x2D,0x00,0x00,0x32,0xFB,0x9A,0x28,0x28,0x1E,0xBF,0xFF,0xFF,0xFF,0xFF,0xC0,0x00,
    0x07,0xAA,0xCF,0x00,0x55,0xF3,0x1B,0x00,0x68,0xD8,0x00,0x00,0x69,0xD7,0x00,0x04,0xA4,0xB3,0x00,0x60,
    0xEE,0x30,0x00,0x00,0x99,0xBD,0x00,0x00,0x68,0xD8,0x00,0x00,0x68,0xD8,0x00,0x00,0x55,0xF2,0x16,0x00,
    0x07,0xAB,0xCF,0xCC,0x70,0xCC,0x70,0xCC,0x70,0xCC,0x70,0xCC,0x70,0xCC,0x70,0xCC,0x70,0xCC,0x70,0xCC,
    0x70,0xCC,0x70,0xCC,0x70,0xCC,0x70,0xCC,0x70,0x82,0xCD,0x2D,0x00,0x05,0xB7,0xA5,0x00,0x00,0x84,0xB8,
    0x00,0x00,0x83,0xB9,0x00,0x00,0x60,0xE4,0x14,0x00,0x05,0xC5,0xB0,0x00,0x68,0xDF,0x0A,0x00,0x84,0xB8,
    0x00,0x00,0x84,0xB8,0x00,0x04,0xB3,0xA5,0x00,0x83,0xCE,0x2D,0x00,0x2C,0xDC,0xEC,0x8F,0x1A,0x86,0xA8,
    0x9F,0x99,0x22,0x8E,0xF1,0xEA,0x36,0x08,0x04,0x00,0x00,0x01,0x01,0x00,
};

static const gfx_glyph_t gfx_font_small_glyphs[] = {
    {  0,  0,   0,  4,     0,   0},
    {  2,  9,   1,  4,     0,  -9},
    {  4,  3,   1,  6,    18,  -9},
    {  8,  8,   0,  8,    30,  -9},
    {  7, 11,   0,  7,    94, -10},
    { 11,  9,   0, 11,   171,  -9},
    { 10,  9,   0,  9,   270,  -9},
    {  2,  3,   1,  3,   360,  -9},
    {  5, 11,   0,  4,   366,  -9},
    {  4, 11,   0,  4,   421,  -9},
    {  6,  4,   0,  6,   465,  -9},
    {  7,  8,   1,  9,   489,  -8},
    {  3,  3,   0,  3,   545,  -2},
    {  5,  2,   0,  5,   554,  -5},
    {  3,  2,   0,  3,   564,  -2},
    {  7, 11,  -1,  5,   570,  -9},
    {  7,  9,   0,  7,   647,  -9},
    {  4,  9,   0,  5,   710,  -9},
    {  7,  9,   0,  7,   746,  -9},
    {  7,  9,   0,  7,   809,  -9},
    {  8,  9,   0,  7,   872,  -9},
    {  7,  9,   0,  7,   944,  -9},
    {  7,  9,   0,  7,  1007,  -9},
    {  7,  9,   0,  7,  1070,  -9},
    {  7,  9,   0,  7,  1133,  -9},
    {  7,  9,   0,  7,  1196,  -9},
    {  3,  7,   0,  3,  1259,  -7},
    {  3,  8,   0,  3,  1280,  -7},
    {  7,  6,   1,  9,  1304,  -7},
    {  7,  5,   1,  9,  1346,  -6},
    {  7,  6,   1,  9,  1381,  -7},
    {  6,  9,   0,  6,  1423,  -9},
    { 11, 10,   1, 12,  1477,  -9},
    {  9,  9,   0,  9,  1587,  -9},
    {  7,  9,   1,  8,  1668,  -9},
    {  8,  9,   0,  8,  1731,  -9},
    {  8,  9,   1,  9,  1803,  -9},
    {  6,  9,   1,  7,  1875,  -9},
    {  6,  9,   1,  7,  1929,  -9},
    {  9,  9,   0,  9,  1983,  -9},
    {  8,  9,   1, 10,  2064,  -9},
    {  2,  9,   1,  4,  2136,  -9},
    {  5,  9,   0,  5,  2154,  -9},
    {  7,  9,   1,  8,  2199,  -9},
    {  6,  9,   1,  6,  2262,  -9},
    { 10,  9,   1, 12,  2316,  -9},
    {  8,  9,   1, 10,  2406,  -9},
    { 10,  9,   0, 10,  2478,  -9},
    {  7,  9,   1,  8,  2568,  -9},
    { 11, 10,   0, 10,  2631,  -9},
    {  8,  9,   1,  8,  2741,  -9},
    {  7,  9,   0,  7,  2813,  -9},
    {  7,  9,   0,  7,  2876,  -9},
    {  8,  9,   1,  9,  2939,  -9},
    {  9,  9,   0,  8,  3011,  -9},
    { 13,  9,   0, 13,  3092,  -9},
    {  8,  9,   0,  8,  3209,  -9},
    {  8,  9,   0,  8,  3281,  -9},
    {  8,  9,   0,  8,  3353,  -9},
    {  3, 11,   1,  4,  3425,  -9},
    {  7, 11,  -1,  5,  3458,  -9},
    {  4, 11,   0,  4,  3535,  -9},
    {  7,  5,   1,  9,  3579,  -9},
    {  6,  1,   0,  5,  3614,   1},
    {  4,  2,   0,  4,  3620, -10},
    {  6,  7,   0,  7,  3628,  -7},
    {  8, 10,   0,  8,  3670, -10},
    {  6,  7,   0,  6,  3750,  -7},
    {  7, 10,   0,  8,  3792, -10},
    {  7,  7,   0,  7,  3862,  -7},
    {  5, 10,   0,  4,  3911, -10},
    {  7, 10,   0,  8,  3961,  -7},
    {  7, 10,   0,  8,  4031, -10},
    {  3, 10,   0,  3,  4101, -10},
    {  5, 13,  -2,  3,  4131, -10},
    {  7, 10,   0,  7,  4196, -10},
    {  3, 10,   0,  3,  4266, -10},
    { 11,  7,   0, 12,  4296,  -7},
    {  7,  7,   0,  8,  4373,  -7},
    {  8,  7,   0,  8,  4422,  -7},
    {  8, 10,   0,  8,  4478,  -7},
    {  7, 10,   0,  8,  4558,  -7},
    {  5,  7,   0,  5,  4628,  -7},
    {  6,  7,   0,  6,  4663,  -7},
    {  5,  9,   0,  5,  4705,  -9},
    {  7,  7,   0,  8,  4750,  -7},
    {  7,  7,   0,  7,  4799,  -7},
    { 10,  7,   0, 10,  4848,  -7},
    {  7,  7,   0,  7,  4918,  -7},
    {  7, 10,   0,  7,  4967,  -7},
    {  6,  7,   0,  6,  5037,  -7},
    {  4, 11,   0,  4,  5079,  -9},
    {  2, 13,   1,  4,  5123, -10},
    {  4, 11,   0,  4,  5149,  -9},
    {  7,  3,   1,  9,  5193,  -5},
};

const gfx_font_t gfx_font_small = {
    .first = 0x20, .count = 95,
    .line_height = 19, .ascent = 15, .cap_height = 9,
    .glyphs = gfx_font_small_glyphs,
    .alpha = gfx_font_small_alpha,
};

/* gfx_font_label: 22px, line height 30, ascent 24, cap height 16 */
static const uint8_t gfx_font_label_alpha[] = {
    0x00,0xF9,0xFF,0x85,0x00,0xF3,0xFF,0x80,0x00,0xED,0xFF,0x7B,0x00,0xE7,0xFF,0x77,0x00,0xE1,0xFF,0x72,
    0x00,0xDA,0xFF,0x6D,0x00,0xD4,0xFF,0x68,0x00,0xCE,0xFF,0x64,0x00,0xC8,0xFF,0x5F,0x00,0xC2,0xFF,0x5A,
    0x00,0xBB,0xFF,0x56,0x00,0x00,0x00,0x00,0x00,0x00,0x00,0x00,0x02,0xAD,0xF1,0x64,0x27,0xFF,0xFF,0xD2,
    0x04,0xB2,0xF3,0x6A,0x18,0xFF,0xDC,0x00,0x3C,0xFF,0xBC,0x18,0xFF,0xDC,0x00,0x3C,0xFF,0xBC,0x18,0xFF,
    0xDC,0x00,0x3C,0xFF,0xBC,0x18,0xFF,0xDC,0x00,0x3C,0xFF,0xBC,0x18,0xFF,0xDC,0x00,0x3C,0xFF,0xBC,0x00,
    0x00,0x00,0x00,0x30,0xFF,0x8B,0x00,0x00,0xD5,0xDF,0x00,0x00,0x00,0x00,0x00,0x00,0x67,0xFF,0x54,0x00,
    0x0E,0xFD,0xA8,0x00,0x00,0x00,0x00,0x00,0x00,0x9E,0xFF,0x1D,0x00,0x45,0xFF,0x71,0x00,0x00,0x00,0x00,
    0x00,0x00,0xD5,0xE7,0x00,0x00,0x7C,0xFF,0x3B,0x00,0x00,0x00,0xAB,0xFF,0xFF,0xFF,0xFF,0xFF,0xFF,0xFF,
    0xFF,0xFF,0xFF,0x73,0x00,0x69,0x80,0xA5,0xFF,0xB8,0x80,0x80,0xF9,0xE0,0x80,0x80,0x24,0x00,0x00,0x00,
    0x67,0xFF,0x51,0x00,0x10,0xFF,0xA3,0x00,0x00,0x00,0x00,0x00,0x00,0x8D,0xFF,0x27,0x00,0x39,0xFF,0x7B,
    0x00,0x00,0x00,0x00,0x00,0x00,0xB3,0xF9,0x04,0x00,0x61,0xFF,0x53,0x00,0x00,0x00,0x32,0x80,0x80,0xE7,
    0xEF,0x80,0x80,0xBF,0xFF,0x9A,0x80,0x63,0x00,0x8B,0xFF,0xFF,0xFF,0xFF,0xFF,0xFF,0xFF,0xFF,0xFF,0xFF,
    0x97,0x00,0x00,0x00,0x48,0xFF,0x70,0x00,0x03,0xF4,0xBF,0x00,0x00,0x00,0x00,0x00,0x00,0x7E,0xFF,0x3A,
    0x00,0x2F,0xFF,0x87,0x00,0x00,0x00,0x00,0x00,0x00,0xB4,0xFB,0x09,0x00,0x66,0xFF,0x4F,0x00,0x00,0x00,
    0x00,0x00,0x00,0xE9,0xCE,0x00,0x00,0x9D,0xFF,0x17,0x00,0x00,0x00,0x00,0x00,0x00,0x00,0x00,0x6C,0xE4,
    0x00,0x00,0x00,0x00,0x00,0x00,0x00,0x00,0x6C,0xE4,0x00,0x00,0x00,0x00,0x00,0x00,0x27,0x9F,0xEB,0xFF,
    0xF6,0xDA,0x98,0x01,0x00,0x4A,0xF3,0xFF,0xFF,0xFF,0xFF,0xFF,0xFF,0x04,0x10,0xEF,0xFF,0xA1,0x82,0xE4,
    0x16,0x46,0xBA,0x03,0x58,0xFF,0xEF,0x06,0x6C,0xE4,0x00,0x00,0x00,0x00,0x6B,0xFF,0xE1,0x00,0x6C,0xE4,
    0x00,0x00,0x00,0x00,0x45,0xFF,0xFF,0x48,0x6C,0xE4,0x00,0x00,0x00,0x00,0x02,0xD3,0xFF,0xF9,0xC8,0xE4,
    0x00,0x00,0x00,0x00,0x00,0x20,0xD0,0xFF,0xFF,0xF9,0x7B,0x0A,0x00,0x00,0x00,0x00,0x05,0x74,0xEC,0xFF,
    0xFF,0xE0,0x3A,0x00,0x00,0x00,0x00,0x00,0x6C,0xF6,0xEC,0xFF,0xF6,0x30,0x00,0x00,0x00,0x00,0x6C,0xE4,
    0x1A,0xDD,0xFF,0xB8,0x00,0x00,0x00,0x00,0x6C,0xE4,0x00,0x61,0xFF,0xF1,0x00,0x00,0x00,0x00,0x6C,0xE4,
    0x00,0x64,0xFF,0xEB,0x45,0x9B,0x45,0x13,0x6D,0xE5,0x46,0xE4,0xFF,0x9A,0x4C,0xFF,0xFF,0xFF,0xFF,0xFF,
    0xFF,0xFF,0xC7,0x10,0x11,0x76,0xC7,0xE6,0xFB,0xFC,0xBB,0x69,0x03,0x00,0x00,0x00,0x00,0x00,0x6C,0xE4,
    0x00,0x00,0x00,0x00,0x00,0x00,0x00,0x00,0x6C,0xE4,0x00,0x00,0x00,0x00,0x00,0x00,0x59,0xD2,0xF9,0xE7,
    0x8F,0x07,0x00,0x00,0x00,0x00,0x0D,0xE5,0x98,0x00,0x00,0x00,0x00,0x5A,0xFF,0xE0,0x8E,0xCA,0xFF,0x90,
    0x00,0x00,0x00,0x00,0x92,0xE9,0x11,0x00,0x00,0x00,0x00,0xD7,0xF9,0x1C,0x00,0x06,0xDD,0xFB,0x0A,0x00,
    0x00,0x32,0xFC,0x5C,0x00,0x00,0x00,0x00,0x0C,0xFF,0xC8,0x00,0x00,0x00,0x9A,0xFF,0x2C,0x00,0x02,0xCA,
    0xBD,0x00,0x00,0x00,0x00,0x00,0x0A,0xFE,0xC5,0x00,0x00,0x00,0x9C,0xFF,0x2F,0x00,0x6C,0xF8,0x26,0x00,
    0x00,0x00,0x00,0x00,0x00,0xDE,0xF5,0x14,0x00,0x05,0xDE,0xF2,0x06,0x18,0xF0,0x81,0x00,0x00,0x00,0x00,
    0x00,0x00,0x00,0x64,0xFF,0xD7,0x85,0xC6,0xFF,0x77,0x00,0xA8,0xDB,0x08,0x00,0x00,0x00,0x00,0x00,0x00,
    0x00,0x00,0x70,0xDF,0xFA,0xDB,0x6C,0x00,0x45,0xFF,0x45,0x00,0x00,0x00,0x00,0x00,0x00,0x00,0x00,0x00,
    0x00,0x00,0x00,0x00,0x00,0x08,0xDB,0xA6,0x00,0x51,0xCF,0xF8,0xEA,0x95,0x0A,0x00,0x00,0x00,0x00,0x00,
    0x00,0x00,0x00,0x82,0xF0,0x18,0x4E,0xFE,0xE4,0x8F,0xC5,0xFF,0x9C,0x00,0x00,0x00,0x00,0x00,0x00,0x00,
    0x26,0xF8,0x6A,0x00,0xCB,0xFC,0x25,0x00,0x03,0xD5,0xFD,0x13,0x00,0x00,0x00,0x00,0x00,0x00,0xBC,0xC9,
    0x02,0x02,0xFD,0xD4,0x00,0x00,0x00,0x92,0xFF,0x38,0x00,0x00,0x00,0x00,0x00,0x5C,0xFC,0x31,0x00,0x03,
    0xFA,0xD1,0x00,0x00,0x00,0x94,0xFF,0x3B,0x00,0x00,0x00,0x00,0x10,0xE8,0x8F,0x00,0x00,0x00,0xD2,0xF9,
    0x1C,0x00,0x03,0xD7,0xF7,0x0D,0x00,0x00,0x00,0x00,0x98,0xE4,0x0D,0x00,0x00,0x00,0x58,0xFF,0xDB,0x86,
    0xC2,0xFF,0x83,0x00,0x00,0x00,0x00,0x36,0xFD,0x53,0x00,0x00,0x00,0x00,0x00,0x68,0xDC,0xFB,0xDE,0x74,
    0x01,0x00,0x00,0x00,0x00,0x24,0xA8,0xED,0xF4,0xCD,0x67,0x03,0x00,0x00,0x00,0x00,0x00,0x00,0x00,0x2E,
    0xF6,0xFF,0xED,0xD8,0xFF,0xFF,0x8D,0x00,0x00,0x00,0x00,0x00,0x00,0x00,0xC7,0xFF,0xB6,0x09,0x00,0x71,
    0xFF,0xFD,0x15,0x00,0x00,0x00,0x00,0x00,0x00,0xFB,0xFF,0x54,0x00,0x00,0x19,0xFF,0xFF,0x29,0x00,0x00,
    0x00,0x00,0x00,0x00,0xE4,0xFF,0x80,0x00,0x00,0x58,0xFF,0xF5,0x08,0x00,0x00,0x00,0x00,0x00,0x00,0x89,
    0xFF,0xF3,0x24,0x45,0xF0,0xFF,0x7D,0x00,0x00,0x00,0x00,0x00,0x00,0x00,0x11,0xE5,0xFF,0xED,0xFF,0xFC,
    0x7F,0x00,0x00,0x00,0x00,0x00,0x00,0x00,0x00,0x15,0xBC,0xFF,0xFF,0xFB,0x39,0x00,0x00,0x00,0xAD,0xFF,
    0x7D,0x00,0x00,0x3D,0xED,0xFF,0xDC,0xFD,0xFF,0xC1,0x08,0x00,0x00,0xCB,0xFF,0x67,0x00,0x28,0xF5,0xFF,
    0x96,0x05,0x68,0xFF,0xFF,0xB4,0x05,0x0B,0xF8,0xFF,0x31,0x00,0xA7,0xFF,0xD7,0x02,0x00,0x00,0x79,0xFF,
    0xFF,0xAD,0x61,0xFF,0xDD,0x02,0x00,0xDE,0xFF,0xA2,0x00,0x00,0x00,0x00,0x89,0xFF,0xFF,0xFB,0xFF,0x69,
    0x00,0x00,0xD7,0xFF,0xCE,0x00,0x00,0x00,0x00,0x00,0x9B,0xFF,0xFF,0xDB,0x02,0x00,0x00,0x89,0xFF,0xFF,
    0x92,0x11,0x00,0x0F,0x60,0xE5,0xFF,0xFF,0xFF,0x64,0x00,0x00,0x0E,0xCD,0xFF,0xFF,0xFF,0xF2,0xFE,0xFF,
    0xFF,0xA1,0xBB,0xFF,0xFC,0x4C,0x00,0x00,0x08,0x75,0xCD,0xF4,0xF8,0xDF,0xA1,0x3A,0x00,0x13,0xDF,0xFF,
    0xF5,0x37,0x24,0xFF,0xD4,0x24,0xFF,0xD4,0x24,0xFF,0xD4,0x24,0xFF,0xD4,0x24,0xFF,0xD4,0x00,0x00,0x00,
    0x5B,0xFF,0xC2,0x01,0x00,0x00,0x19,0xEE,0xF7,0x26,0x00,0x00,0x00,0xA2,0xFF,0x88,0x00,0x00,0x00,0x19,
    0xFA,0xFC,0x1D,0x00,0x00,0x00,0x80,0xFF,0xAE,0x00,0x00,0x00,0x00,0xC7,0xFF,0x65,0x00,0x00,0x00,0x0A,
    0xFA,0xFF,0x28,0x00,0x00,0x00,0x36,0xFF,0xF5,0x00,0x00,0x00,0x00,0x4A,0xFF,0xE1,0x00,0x00,0x00,0x00,
    0x5D,0xFF,0xCE,0x00,0x00,0x00,0x00,0x60,0xFF,0xCC,0x00,0x00,0x00,0x00,0x4D,0xFF,0xDF,0x00,0x00,0x00,
    0x00,0x3A,0xFF,0xF3,0x00,0x00,0x00,0x00,0x0F,0xFD,0xFF,0x23,0x00,0x00,0x00,0x00,0xCF,0xFF,0x61,0x00,
    0x00,0x00,0x00,0x8A,0xFF,0xA8,0x00,0x00,0x00,0x00,0x21,0xFC,0xFA,0x19,0x00,0x00,0x00,0x00,0xAA,0xFF,
    0x84,0x00,0x00,0x00,0x00,0x1F,0xF1,0xF6,0x24,0x00,0x00,0x00,0x00,0x5D,0xFF,0xC1,0x01,0x75,0xFF,0xAE,
    0x00,0x00,0x00,0x03,0xCB,0xFF,0x5C,0x00,0x00,0x00,0x37,0xFF,0xEC,0x0A,0x00,0x00,0x00,0xC8,0xFF,0x69,
    0x00,0x00,0x00,0x5B,0xFF,0xD6,0x00,0x00,0x00,0x14,0xFE,0xFF,0x1D,0x00,0x00,0x00,0xD6,0xFF,0x5B,0x00,
    0x00,0x00,0xA3,0xFF,0x8C,0x00,0x00,0x00,0x8E,0xFF,0xA1,0x00,0x00,0x00,0x7B,0xFF,0xB4,0x00,0x00,0x00,
    0x78,0xFF,0xB7,0x00,0x00,0x00,0x8C,0xFF,0xA4,0x00,0x00,0x00,0xA0,0xFF,0x90,0x00,0x00,0x00,0xD1,0xFF,
    0x63,0x00,0x00,0x10,0xFD,0xFF,0x24,0x00,0x00,0x56,0xFF,0xDF,0x00,0x00,0x00,0xC3,0xFF,0x72,0x00,0x00,
    0x33,0xFF,0xF0,0x0D,0x00,0x02,0xC8,0xFF,0x62,0x00,0x00,0x74,0xFF,0xAE,0x00,0x00,0x00,0x00,0x00,0x00,
    0x22,0xFF,0xB5,0x00,0x00,0x00,0x00,0x00,0x00,0x06,0xFE,0x99,0x00,0x00,0x00,0x00,0xB6,0x8D,0x27,0xEA,
    0x81,0x52,0xB9,0x59,0x12,0xD7,0xFB,0xFF,0xFD,0xFC,0xFF,0xEF,0x86,0x00,0x00,0x06,0xA3,0xFF,0xFB,0x42,
    0x00,0x00,0x00,0x00,0x58,0xFF,0x7C,0xDA,0xD9,0x11,0x00,0x00,0x19,0xF5,0xDE,0x07,0x4E,0xFF,0xA3,0x00,
    0x00,0x00,0x3F,0x47,0x00,0x00,0x75,0x10,0x00,0x00,0x00,0x00,0x00,0x3C,0xFF,0x8C,0x00,0x00,0x00,0x00,
    0x00,0x00,0x00,0x00,0x3C,0xFF,0x8C,0x00,0x00,0x00,0x00,0x00,0x00,0x00,0x00,0x3C,0xFF,0x8C,0x00,0x00,
    0x00,0x00,0x00,0x00,0x00,0x00,0x3C,0xFF,0x8C,0x00,0x00,0x00,0x00,0x78,0xFF,0xFF,0xFF,0xFF,0xFF,0xFF,
    0xFF,0xFF,0xFF,0xC8,0x5B,0xC4,0xC4,0xC4,0xD2,0xFF,0xE4,0xC4,0xC4,0xC4,0x99,0x00,0x00,0x00,0x00,0x3C,
    0xFF,0x8C,0x00,0x00,0x00,0x00,0x00,0x00,0x00,0x00,0x3C,0xFF,0x8C,0x00,0x00,0x00,0x00,0x00,0x00,0x00,
    0x00,0x3C,0xFF,0x8C,0x00,0x00,0x00,0x00,0x00,0x00,0x00,0x00,0x2D,0xC4,0x6B,0x00,0x00,0x00,0x00,0x00,
    0x83,0xFF,0xC9,0x00,0xBF,0xFF,0x74,0x05,0xF6,0xFF,0x20,0x39,0xFF,0xCA,0x00,0x76,0xFF,0x76,0x00,0x74,
    0xFF,0xFF,0xFF,0xFF,0xFF,0x68,0x61,0xD8,0xD8,0xD8,0xD8,0xD8,0x57,0x68,0xF2,0xB0,0x03,0xD7,0xFF,0xFF,
    0x2B,0x6B,0xF3,0xB3,0x04,0x00,0x00,0x00,0x00,0x00,0x00,0x00,0x2D,0xFF,0xFD,0x1F,0x00,0x00,0x00,0x00,
    0x00,0x00,0x00,0x92,0xFF,0xB9,0x00,0x00,0x00,0x00,0x00,0x00,0x00,0x07,0xED,0xFF,0x55,0x00,0x00,0x00,
    0x00,0x00,0x00,0x00,0x5A,0xFF,0xEB,0x06,0x00,0x00,0x00,0x00,0x00,0x00,0x00,0xBD,0xFF,0x8C,0x00,0x00,
    0x00,0x00,0x00,0x00,0x00,0x22,0xFE,0xFF,0x28,0x00,0x00,0x00,0x00,0x00,0x00,0x00,0x85,0xFF,0xC4,0x00,
    0x00,0x00,0x00,0x00,0x00,0x00,0x03,0xE5,0xFF,0x60,0x00,0x00,0x00,0x00,0x00,0x00,0x00,0x4D,0xFF,0xF1,
    0x0A,0x00,0x00,0x00,0x00,0x00,0x00,0x00,0xB0,0xFF,0x97,0x00,0x00,0x00,0x00,0x00,0x00,0x00,0x18,0xFB,
    0xFF,0x33,0x00,0x00,0x00,0x00,0x00,0x00,0x00,0x78,0xFF,0xCF,0x00,0x00,0x00,0x00,0x00,0x00,0x00,0x00,
    0xDA,0xFF,0x6B,0x00,0x00,0x00,0x00,0x00,0x00,0x00,0x40,0xFF,0xF6,0x10,0x00,0x00,0x00,0x00,0x00,0x00,
    0x00,0xA3,0xFF,0xA2,0x00,0x00,0x00,0x00,0x00,0x00,0x00,0x10,0xF6,0xFF,0x3E,0x00,0x00,0x00,0x00,0x00,
    0x00,0x00,0x6B,0xFF,0xD9,0x00,0x00,0x00,0x00,0x00,0x00,0x00,0x00,0xCE,0xFF,0x76,0x00,0x00,0x00,0x00,
    0x00,0x00,0x00,0x32,0xFF,0xFA,0x17,0x00,0x00,0x00,0x00,0x00,0x00,0x00,0x00,0x00,0x00,0x2C,0xA9,0xE9,
    0xF8,0xD7,0x79,0x05,0x00,0x00,0x00,0x00,0x41,0xF7,0xFF,0xFF,0xFF,0xFF,0xFF,0xB4,0x02,0x00,0x00,0x0B,
    0xE8,0xFF,0xC9,0x23,0x0C,0x8F,0xFF,0xFF,0x60,0x00,0x00,0x6C,0xFF,0xFE,0x24,0x00,0x00,0x02,0xD8,0xFF,
    0xC9,0x00,0x00,0xBC,0xFF,0xC6,0x00,0x00,0x00,0x00,0x84,0xFF,0xFE,0x11,0x00,0xEE,0xFF,0x92,0x00,0x00,
    0x00,0x00,0x53,0xFF,0xFF,0x39,0x11,0xFF,0xFF,0x75,0x00,0x00,0x00,0x00,0x38,0xFF,0xFF,0x53,0x1F,0xFF,
    0xFF,0x69,0x00,0x00,0x00,0x00,0x2D,0xFF,0xFF,0x5E,0x24,0xFF,0xFF,0x66,0x00,0x00,0x00,0x00,0x2B,0xFF,
    0xFF,0x5C,0x1A,0xFF,0xFF,0x70,0x00,0x00,0x00,0x00,0x35,0xFF,0xFF,0x4F,0x05,0xFB,0xFF,0x89,0x00,0x00,
    0x00,0x00,0x4F,0xFF,0xFF,0x2E,0x00,0xD3,0xFF,0xBA,0x00,0x00,0x00,0x00,0x80,0xFF,0xF5,0x06,0x00,0x8A,
    0xFF,0xFA,0x19,0x00,0x00,0x02,0xD5,0xFF,0xAB,0x00,0x00,0x20,0xF9,0xFF,0xBE,0x1D,0x0C,0x8F,0xFF,0xFE,
    0x32,0x00,0x00,0x00,0x68,0xFF,0xFF,0xFF,0xFF,0xFF,0xFF,0x74,0x00,0x00,0x00,0x00,0x00,0x4A,0xC2,0xF4,
    0xF1,0xBF,0x4A,0x00,0x00,0x00,0x00,0x00,0x00,0x0C,0x70,0xEA,0x9C,0x04,0x4D,0x9E,0xF2,0xFF,0xFF,0x9C,
    0x20,0xFF,0xFF,0xF4,0xF9,0xFF,0x9C,0x1F,0xD1,0x81,0x16,0xE4,0xFF,0x9C,0x00,0x00,0x00,0x00,0xE4,0xFF,
    0x9C,0x00,0x00,0x00,0x00,0xE4,0xFF,0x9C,0x00,0x00,0x00,0x00,0xE4,0xFF,0x9C,0x00,0x00,0x00,0x00,0xE4,
    0xFF,0x9C,0x00,0x00,0x00,0x00,0xE4,0xFF,0x9C,0x00,0x00,0x00,0x00,0xE4,0xFF,0x9C,0x00,0x00,0x00,0x00,
    0xE4,0xFF,0x9C,0x00,0x00,0x00,0x00,0xE4,0xFF,0x9C,0x00,0x00,0x00,0x00,0xE4,0xFF,0x9C,0x00,0x00,0x00,
    0x00,0xE4,0xFF,0x9C,0x00,0x00,0x00,0x00,0xE4,0xFF,0x9C,0x00,0x00,0x00,0x00,0xE4,0xFF,0x9C,0x00,0x23,
    0x94,0xDA,0xF7,0xF4,0xC7,0x5E,0x00,0x00,0x3E,0xF8,0xFF,0xFF,0xFF,0xFF,0xFF,0xFF,0x8B,0x00,0x5C,0xF9,
    0x8D,0x30,0x16,0x4B,0xE0,0xFF,0xFD,0x25,0x43,0x31,0x00,0x00,0x00,0x00,0x4A,0xFF,0xFF,0x66,0x00,0x00,
    0x00,0x00,0x00,0x00,0x17,0xFF,0xFF,0x73,0x00,0x00,0x00,0x00,0x00,0x00,0x36,0xFF,0xFF,0x53,0x00,0x00,
    0x00,0x00,0x00,0x00,0xA7,0xFF,0xF6,0x15,0x00,0x00,0x00,0x00,0x00,0x70,0xFF,0xFF,0x89,0x00,0x00,0x00,
    0x00,0x01,0x85,0xFF,0xFF,0xBA,0x04,0x00,0x00,0x00,0x08,0xA8,0xFF,0xFF,0xB4,0x09,0x00,0x00,0x00,0x0B,
    0xC0,0xFF,0xFF,0x8F,0x03,0x00,0x00,0x00,0x00,0xB0,0xFF,0xFB,0x62,0x00,0x00,0x00,0x00,0x00,0x56,0xFF,
    0xFF,0x60,0x00,0x00,0x00,0x00,0x00,0x00,0xBC,0xFF,0xDD,0x24,0x24,0x24,0x24,0x24,0x24,0x19,0xE7,0xFF,
    0xFF,0xFF,0xFF,0xFF,0xFF,0xFF,0xFF,0xB8,0xF4,0xFF,0xFF,0xFF,0xFF,0xFF,0xFF,0xFF,0xFF,0xB8,0x02,0x51,
    0xB3,0xDE,0xF8,0xEB,0xAF,0x34,0x00,0x00,0x18,0xFF,0xFF,0xFF,0xFF,0xFF,0xFF,0xFB,0x49,0x00,0x18,0xC2,
    0x3F,0x05,0x13,0x64,0xFA,0xFF,0xDE,0x00,0x04,0x03,0x00,0x00,0x00,0x00,0x99,0xFF,0xFF,0x17,0x00,0x00,
    0x00,0x00,0x00,0x00,0x78,0xFF,0xFE,0x08,0x00,0x00,0x00,0x00,0x00,0x00,0xB4,0xFF,0xC8,0x00,0x00,0x00,
    0x00,0x0C,0x2E,0x9A,0xFF,0xF2,0x39,0x00,0x00,0x1C,0xFF,0xFF,0xFF,0xFF,0xAB,0x2A,0x00,0x00,0x00,0x1C,
    0xFF,0xFF,0xFF,0xFF,0xF7,0xB3,0x21,0x00,0x00,0x00,0x00,0x0A,0x22,0x69,0xE6,0xFF,0xE8,0x12,0x00,0x00,
    0x00,0x00,0x00,0x00,0x34,0xFF,0xFF,0x75,0x00,0x00,0x00,0x00,0x00,0x00,0x00,0xF6,0xFF,0x9A,0x02,0x00,
    0x00,0x00,0x00,0x00,0x31,0xFF,0xFF,0x80,0x97,0x72,0x21,0x02,0x13,0x57,0xE2,0xFF,0xF9,0x25,0xAC,0xFF,
    0xFF,0xFF,0xFF,0xFF,0xFF,0xF9,0x5B,0x00,0x36,0xA2,0xDB,0xF4,0xF8,0xDB,0x99,0x28,0x00,0x00,0x00,0x00,
    0x00,0x00,0x00,0x00,0x00,0xCD,0xFF,0xF4,0x00,0x00,0x00,0x00,0x00,0x00,0x00,0x00,0x00,0x50,0xFF,0xFF,
    0xF4,0x00,0x00,0x00,0x00,0x00,0x00,0x00,0x00,0x08,0xDB,0xFF,0xFF,0xF4,0x00,0x00,0x00,0x00,0x00,0x00,
    0x00,0x00,0x8A,0xFF,0xED,0xFF,0xF4,0x00,0x00,0x00,0x00,0x00,0x00,0x00,0x35,0xFC,0xE4,0x84,0xFF,0xF4,
    0x00,0x00,0x00,0x00,0x00,0x00,0x0B,0xD7,0xFF,0x57,0x78,0xFF,0xF4,0x00,0x00,0x00,0x00,0x00,0x00,0xA2,
    0xFF,0xAE,0x00,0x78,0xFF,0xF4,0x00,0x00,0x00,0x00,0x00,0x63,0xFF,0xE6,0x15,0x00,0x78,0xFF,0xF4,0x00,
    0x00,0x00,0x00,0x3C,0xF9,0xFC,0x41,0x00,0x00,0x78,0xFF,0xF4,0x00,0x00,0x00,0x20,0xEA,0xFF,0x78,0x00,
    0x00,0x00,0x78,0xFF,0xF4,0x00,0x00,0x00,0x70,0xFF,0xFF,0xFF,0xFF,0xFF,0xFF,0xFF,0xFF,0xFF,0xFF,0xFF,
    0x3C,0x70,0xFF,0xFF,0xFF,0xFF,0xFF,0xFF,0xFF,0xFF,0xFF,0xFF,0xFF,0x3C,0x08,0x14,0x14,0x14,0x14,0x14,
    0x14,0x82,0xFF,0xF4,0x14,0x14,0x04,0x00,0x00,0x00,0x00,0x00,0x00,0x00,0x78,0xFF,0xF4,0x00,0x00,0x00,
    0x00,0x00,0x00,0x00,0x00,0x00,0x00,0x78,0xFF,0xF4,0x00,0x00,0x00,0x00,0x00,0x00,0x00,0x00,0x00,0x00,
    0x78,0xFF,0xF4,0x00,0x00,0x00,0x00,0x8D,0xFF,0xFF,0xFF,0xFF,0xFF,0xFF,0xFF,0x10,0x00,0x9E,0xFF,0xFF,
    0xFF,0xFF,0xFF,0xFF,0xFF,0x10,0x00,0xAF,0xFF,0x93,0x20,0x20,0x20,0x20,0x20,0x02,0x00,0xC0,0xFF,0x75,
    0x00,0x00,0x00,0x00,0x00,0x00,0x00,0xD1,0xFF,0x65,0x00,0x00,0x00,0x00,0x00,0x00,0x00,0xE2,0xFF,0x54,
    0x00,0x00,0x00,0x00,0x00,0x00,0x00,0xF4,0xFF,0xF9,0xFC,0xEF,0xBE,0x57,0x00,0x00,0x05,0xFF,0xFF,0xFF,
    0xFF,0xFF,0xFF,0xFF,0x91,0x00,0x02,0x1F,0x10,0x0D,0x28,0x6F,0xEA,0xFF,0xFF,0x42,0x00,0x00,0x00,0x00,
    0x00,0x00,0x38,0xFF,0xFF,0x9A,0x00,0x00,0x00,0x00,0x00,0x00,0x00,0xDE,0xFF,0xBC,0x00,0x00,0x00,0x00,
    0x00,0x00,0x00,0xE4,0xFF,0xB4,0x02,0x00,0x00,0x00,0x00,0x00,0x43,0xFF,0xFF,0x81,0x51,0x9D,0x35,0x0B,
    0x20,0x6B,0xED,0xFF,0xF5,0x1C,0x54,0xFF,0xFF,0xFF,0xFF,0xFF,0xFF,0xF6,0x4F,0x00,0x23,0xAD,0xE5,0xFB,
    0xF8,0xDC,0x98,0x26,0x00,0x00,0x00,0x00,0x00,0x17,0x8B,0xD9,0xF7,0xEF,0xD2,0x46,0x00,0x00,0x00,0x40,
    0xEE,0xFF,0xFF,0xFF,0xFF,0xFF,0x70,0x00,0x00,0x28,0xF4,0xFF,0xCE,0x47,0x0E,0x1C,0x54,0x46,0x00,0x00,
    0xBE,0xFF,0xD0,0x0B,0x00,0x00,0x00,0x00,0x00,0x00,0x2D,0xFF,0xFF,0x43,0x00,0x00,0x00,0x00,0x00,0x00,
    0x00,0x7E,0xFF,0xE9,0x00,0x00,0x00,0x00,0x00,0x00,0x00,0x00,0xB4,0xFF,0xBB,0x32,0xB8,0xF1,0xF5,0xC5,
    0x4D,0x00,0x00,0xD3,0xFF,0xD6,0xF5,0xFF,0xFF,0xFF,0xFF,0xFF,0x62,0x00,0xE2,0xFF,0xFF,0xC7,0x33,0x0D,
    0x4A,0xE8,0xFF,0xF0,0x0C,0xDF,0xFF,0xF6,0x17,0x00,0x00,0x00,0x61,0xFF,0xFF,0x4B,0xCC,0xFF,0xCF,0x00,
    0x00,0x00,0x00,0x24,0xFF,0xFF,0x69,0x9F,0xFF,0xE2,0x00,0x00,0x00,0x00,0x28,0xFF,0xFF,0x5F,0x54,0xFF,
    0xFF,0x3A,0x00,0x00,0x00,0x6E,0xFF,0xFF,0x28,0x05,0xD8,0xFF,0xE4,0x3F,0x17,0x58,0xF0,0xFF,0xBB,0x00,
    0x00,0x32,0xEF,0xFF,0xFF,0xFF,0xFF,0xFF,0xE0,0x1D,0x00,0x00,0x00,0x1F,0x9F,0xE7,0xF9,0xDE,0x8C,0x13,
    0x00,0x00,0x40,0xFF,0xFF,0xFF,0xFF,0xFF,0xFF,0xFF,0xFF,0xFF,0xFF,0x0C,0x40,0xFF,0xFF,0xFF,0xFF,0xFF,
    0xFF,0xFF,0xFF,0xFF,0xE4,0x03,0x08,0x20,0x20,0x20,0x20,0x20,0x20,0x45,0xFF,0xFF,0x6B,0x00,0x00,0x00,
    0x00,0x00,0x00,0x00,0x00,0x9F,0xFF,0xE4,0x07,0x00,0x00,0x00,0x00,0x00,0x00,0x00,0x1F,0xFA,0xFF,0x6B,
    0x00,0x00,0x00,0x00,0x00,0x00,0x00,0x00,0x95,0xFF,0xED,0x09,0x00,0x00,0x00,0x00,0x00,0x00,0x00,0x0F,
    0xF4,0xFF,0x88,0x00,0x00,0x00,0x00,0x00,0x00,0x00,0x00,0x6E,0xFF,0xFC,0x1E,0x00,0x00,0x00,0x00,0x00,
    0x00,0x00,0x00,0xD6,0xFF,0xAF,0x00,0x00,0x00,0x00,0x00,0x00,0x00,0x00,0x38,0xFF,0xFF,0x57,0x00,0x00,
    0x00,0x00,0x00,0x00,0x00,0x00,0x8D,0xFF,0xF7,0x0C,0x00,0x00,0x00,0x00,0x00,0x00,0x00,0x00,0xDF,0xFF,
    0xB0,0x00,0x00,0x00,0x00,0x00,0x00,0x00,0x00,0x31,0xFF,0xFF,0x65,0x00,0x00,0x00,0x00,0x00,0x00,0x00,
    0x00,0x6C,0xFF,0xFF,0x2E,0x00,0x00,0x00,0x00,0x00,0x00,0x00,0x00,0xA3,0xFF,0xF4,0x03,0x00,0x00,0x00,
    0x00,0x00,0x00,0x00,0x00,0xD9,0xFF,0xC2,0x00,0x00,0x00,0x00,0x00,0x00,0x00,0x00,0x50,0xC4,0xF4,0xF7,
    0xD1,0x68,0x04,0x00,0x00,0x00,0x91,0xFF,0xFF,0xFD,0xFA,0xFF,0xFF,0xC4,0x07,0x00,0x43,0xFF,0xFF,0x9F,
    0x0B,0x05,0x77,0xFF,0xFF,0x6E,0x00,0x7B,0xFF,0xFC,0x0C,0x00,0x00,0x00,0xD6,0xFF,0xA6,0x00,0x5F,0xFF,
    0xFE,0x12,0x00,0x00,0x01,0xDC,0xFF,0x89,0x00,0x09,0xDB,0xFF,0xB1,0x1F,0x13,0x8F,0xFF,0xEE,0x1E,0x00,
    0x00,0x1D,0xC7,0xFF,0xFF,0xFF,0xFF,0xDF,0x31,0x00,0x00,0x00,0x5F,0xF1,0xFF,0xF5,0xEE,0xFF,0xFB,0x85,
    0x00,0x00,0x43,0xFD,0xFF,0x7D,0x04,0x01,0x55,0xF8,0xFF,0x74,0x00,0xBA,0xFF,0xBF,0x00,0x00,0x00,0x00,
    0x8C,0xFF,0xEB,0x06,0xF0,0xFF,0x7B,0x00,0x00,0x00,0x00,0x44,0xFF,0xFF,0x2A,0xFB,0xFF,0x7B,0x00,0x00,
    0x00,0x00,0x46,0xFF,0xFF,0x37,0xD4,0xFF,0xBC,0x00,0x00,0x00,0x00,0x8C,0xFF,0xFC,0x13,0x70,0xFF,0xFF,
    0x81,0x0D,0x08,0x64,0xF9,0xFF,0xAC,0x00,0x03,0xAF,0xFF,0xFF,0xFE,0xFC,0xFF,0xFF,0xD8,0x17,0x00,0x00,
    0x01,0x63,0xC6,0xF3,0xF8,0xD5,0x80,0x0D,0x00,0x00,0x00,0x00,0x00,0x58,0xC0,0xF2,0xF6,0xC9,0x5D,0x00,
    0x00,0x00,0x00,0x00,0x9E,0xFF,0xFF,0xFF,0xFF,0xFF,0xFF,0x8C,0x00,0x00,0x00,0x62,0xFF,0xFF,0xA2,0x27,
    0x2B,0xA9,0xFF,0xFF,0x40,0x00,0x00,0xD0,0xFF,0xCB,0x01,0x00,0x00,0x02,0xD6,0xFF,0xAF,0x00,0x05,0xFE,
    0xFF,0x80,0x00,0x00,0x00,0x00,0x7F,0xFF,0xF3,0x02,0x0D,0xFF,0xFF,0x7F,0x00,0x00,0x00,0x00,0x67,0xFF,
    0xFF,0x24,0x00,0xEB,0xFF,0xC5,0x00,0x00,0x00,0x00,0xA6,0xFF,0xFF,0x35,0x00,0x94,0xFF,0xFF,0x9A,0x27,
    0x1E,0x7F,0xFF,0xFF,0xFF,0x3A,0x00,0x12,0xD9,0xFF,0xFF,0xFF,0xFF,0xFF,0xCB,0xFF,0xFF,0x2B,0x00,0x00,
    0x12,0x91,0xE2,0xF9,0xD7,0x6E,0x58,0xFF,0xFF,0x14,0x00,0x00,0x00,0x00,0x00,0x00,0x00,0x00,0x80,0xFF,
    0xE1,0x00,0x00,0x00,0x00,0x00,0x00,0x00,0x00,0x00,0xD0,0xFF,0x9B,0x00,0x00,0x00,0x00,0x00,0x00,0x00,
    0x00,0x61,0xFF,0xFF,0x35,0x00,0x00,0x2E,0x85,0x32,0x0E,0x22,0x7F,0xFA,0xFF,0x9E,0x00,0x00,0x00,0x38,
    0xFF,0xFF,0xFF,0xFF,0xFF,0xFF,0xB6,0x08,0x00,0x00,0x00,0x19,0xA7,0xE3,0xFB,0xEE,0xBE,0x5C,0x01,0x00,
    0x00,0x00,0x68,0xF2,0xB0,0x03,0xD7,0xFF,0xFF,0x2B,0x6B,0xF3,0xB3,0x04,0x00,0x00,0x00,0x00,0x00,0x00,
    0x00,0x00,0x00,0x00,0x00,0x00,0x00,0x00,0x00,0x00,0x00,0x00,0x00,0x00,0x68,0xF2,0xB0,0x03,0xD7,0xFF,
    0xFF,0x2B,0x6B,0xF3,0xB3,0x04,0x00,0x66,0xF2,0xA7,0x01,0x00,0xCC,0xFF,0xFF,0x17,0x00,0x65,0xF2,0xA7,
    0x00,0x00,0x00,0x00,0x00,0x00,0x00,0x00,0x00,0x00,0x00,0x00,0x00,0x00,0x00,0x00,0x00,0x00,0x00,0x00,
    0x00,0x00,0x00,0x00,0x00,0x00,0x00,0x87,0xFF,0xC9,0x00,0x00,0xC3,0xFF,0x76,0x00,0x06,0xF7,0xFF,0x23,
    0x00,0x3B,0xFF,0xD0,0x00,0x00,0x76,0xFF,0x7D,0x00,0x00,0x00,0x00,0x00,0x00,0x00,0x00,0x00,0x00,0x0C,
    0x7D,0x66,0x00,0x00,0x00,0x00,0x00,0x00,0x05,0x6B,0xE8,0xFF,0x74,0x00,0x00,0x00,0x00,0x01,0x5A,0xDD,
    0xFF,0xF8,0x94,0x18,0x00,0x00,0x00,0x48,0xCF,0xFF,0xF9,0x96,0x1C,0x00,0x00,0x00,0x37,0xBF,0xFF,0xFA,
    0x99,0x1E,0x00,0x00,0x00,0x00,0x20,0xFF,0xFF,0xD2,0x21,0x00,0x00,0x00,0x00,0x00,0x00,0x0B,0x99,0xF9,
    0xFF,0xD1,0x5C,0x04,0x00,0x00,0x00,0x00,0x00,0x00,0x1D,0x95,0xF8,0xFF,0xE1,0x70,0x0C,0x00,0x00,0x00,
    0x00,0x00,0x00,0x1A,0x91,0xF6,0xFF,0xEE,0x84,0x15,0x00,0x00,0x00,0x00,0x00,0x00,0x17,0x8D,0xF5,0xFF,
    0x74,0x00,0x00,0x00,0x00,0x00,0x00,0x00,0x00,0x15,0x88,0x67,0x78,0xFF,0xFF,0xFF,0xFF,0xFF,0xFF,0xFF,
    0xFF,0xFF,0xC8,0x5B,0xC4,0xC4,0xC4,0xC4,0xC4,0xC4,0xC4,0xC4,0xC4,0x99,0x00,0x00,0x00,0x00,0x00,0x00,
    0x00,0x00,0x00,0x00,0x00,0x00,0x00,0x00,0x00,0x00,0x00,0x00,0x00,0x00,0x00,0x00,0x00,0x00,0x00,0x00,
    0x00,0x00,0x00,0x00,0x00,0x00,0x00,0x78,0xFF,0xFF,0xFF,0xFF,0xFF,0xFF,0xFF,0xFF,0xFF,0xC8,0x5B,0xC4,
    0xC4,0xC4,0xC4,0xC4,0xC4,0xC4,0xC4,0xC4,0x99,0x22,0xA8,0x24,0x00,0x00,0x00,0x00,0x00,0x00,0x00,0x00,
    0x24,0xFF,0xFB,0x97,0x19,0x00,0x00,0x00,0x00,0x00,0x00,0x04,0x6B,0xE4,0xFF,0xF5,0x87,0x10,0x00,0x00,
    0x00,0x00,0x00,0x00,0x08,0x6F,0xE7,0xFF,0xEE,0x76,0x09,0x00,0x00,0x00,0x00,0x00,0x00,0x09,0x72,0xE9,
    0xFF,0xE4,0x65,0x04,0x00,0x00,0x00,0x00,0x00,0x00,0x0A,0x94,0xFF,0xFF,0x71,0x00,0x00,0x00,0x00,0x00,
    0x31,0xA5,0xFB,0xFF,0xC0,0x2D,0x00,0x00,0x00,0x47,0xBC,0xFF,0xFF,0xBC,0x3D,0x00,0x00,0x03,0x5E,0xD2,
    0xFF,0xFF,0xB8,0x39,0x00,0x00,0x00,0x00,0x24,0xFF,0xFF,0xB4,0x35,0x00,0x00,0x00,0x00,0x00,0x00,0x22,
    0xB0,0x32,0x00,0x00,0x00,0x00,0x00,0x00,0x00,0x00,0x40,0xA2,0xD9,0xF6,0xE4,0xAE,0x36,0x00,0xF0,0xFF,
    0xFF,0xFF,0xFF,0xFF,0xFA,0x41,0xC8,0x63,0x2D,0x22,0x6B,0xF8,0xFF,0xCD,0x01,0x00,0x00,0x00,0x00,0x91,
    0xFF,0xED,0x00,0x00,0x00,0x00,0x00,0x94,0xFF,0xC5,0x00,0x00,0x00,0x00,0x39,0xF9,0xFF,0x45,0x00,0x00,
    0x00,0x39,0xF0,0xFF,0x7B,0x00,0x00,0x00,0x29,0xF1,0xFF,0x72,0x00,0x00,0x00,0x00,0xBF,0xFF,0x8F,0x00,
    0x00,0x00,0x00,0x00,0xF5,0xFF,0x34,0x00,0x00,0x00,0x00,0x00,0xDA,0xFF,0x57,0x00,0x00,0x00,0x00,0x00,
    0x00,0x00,0x00,0x00,0x00,0x00,0x00,0x00,0x00,0x00,0x00,0x00,0x00,0x00,0x00,0x00,0x90,0xF3,0x82,0x00,
    0x00,0x00,0x00,0x05,0xFE,0xFF,0xF3,0x00,0x00,0x00,0x00,0x00,0x92,0xF4,0x83,0x00,0x00,0x00,0x00,0x00,
    0x00,0x00,0x00,0x11,0x70,0xBA,0xE3,0xF8,0xF0,0xD7,0x9C,0x46,0x00,0x00,0x00,0x00,0x00,0x00,0x00,0x00,
    0x00,0x69,0xEE,0xFF,0xE5,0xA9,0x92,0x9D,0xBF,0xF8,0xFF,0xC7,0x23,0x00,0x00,0x00,0x00,0x00,0x00,0x96,
    0xFF,0xDD,0x4E,0x01,0x00,0x00,0x00,0x00,0x0F,0x83,0xFC,0xF1,0x34,0x00,0x00,0x00,0x00,0x77,0xFF,0xCA,
    0x13,0x00,0x00,0x00,0x00,0x00,0x00,0x00,0x00,0x4A,0xFC,0xE9,0x16,0x00,0x00,0x24,0xFB,0xEA,0x1A,0x00,
    0x03,0x76,0xDD,0xF6,0xAF,0x62,0xFF,0x79,0x00,0x80,0xFF,0x96,0x00,0x00,0x9D,0xFF,0x6D,0x00,0x00,0x98,
    0xFF,0xDD,0x92,0xCD,0xEB,0xFF,0x64,0x00,0x0D,0xF5,0xF2,0x06,0x02,0xEC,0xF9,0x0B,0x00,0x3D,0xFF,0xDC,
    0x0E,0x00,0x06,0xE6,0xFF,0x4F,0x00,0x00,0xB9,0xFF,0x38,0x2B,0xFF,0xC4,0x00,0x00,0xA2,0xFF,0x69,0x00,
    0x00,0x00,0xB5,0xFF,0x3A,0x00,0x00,0x98,0xFF,0x53,0x44,0xFF,0xA6,0x00,0x00,0xDB,0xFF,0x20,0x00,0x00,
    0x00,0xBD,0xFF,0x25,0x00,0x00,0x96,0xFF,0x57,0x4E,0xFF,0x9E,0x00,0x00,0xF2,0xFF,0x06,0x00,0x00,0x00,
    0xD7,0xFF,0x11,0x00,0x00,0xAF,0xFF,0x3B,0x3B,0xFF,0xB2,0x00,0x00,0xE3,0xFF,0x0F,0x00,0x00,0x20,0xFF,
    0xFF,0x09,0x00,0x06,0xED,0xF3,0x09,0x15,0xFE,0xE6,0x00,0x00,0xB8,0xFF,0x5E,0x00,0x00,0x96,0xEE,0xFF,
    0x2E,0x00,0x66,0xFF,0x8E,0x00,0x00,0xCE,0xFF,0x3F,0x00,0x47,0xFF,0xF6,0x9B,0xB6,0xD4,0x85,0xFF,0xD1,
    0x9F,0xFA,0xD0,0x0D,0x00,0x00,0x61,0xFF,0xC5,0x04,0x00,0x69,0xE3,0xF4,0xB7,0x20,0x12,0xB4,0xF4,0xEA,
    0x95,0x10,0x00,0x00,0x00,0x04,0xC8,0xFF,0x9A,0x03,0x00,0x00,0x00,0x00,0x00,0x00,0x00,0x00,0x00,0x00,
    0x00,0x00,0x00,0x00,0x00,0x1A,0xDC,0xFF,0xBF,0x35,0x00,0x00,0x00,0x00,0x00,0x06,0x52,0x13,0x00,0x00,
    0x00,0x00,0x00,0x00,0x00,0x12,0xAF,0xFF,0xFF,0xDD,0xA9,0x96,0xA4,0xBE,0xED,0xFF,0x24,0x00,0x00,0x00,
    0x00,0x00,0x00,0x00,0x00,0x00,0x35,0x91,0xD0,0xED,0xFA,0xEB,0xD6,0xA7,0x5C,0x06,0x00,0x00,0x00,0x00,
    0x00,0x00,0x00,0x00,0x00,0x3B,0xFF,0xFF,0xF7,0x0E,0x00,0x00,0x00,0x00,0x00,0x00,0x00,0x00,0x00,0x00,
    0x97,0xFF,0xFF,0xFF,0x60,0x00,0x00,0x00,0x00,0x00,0x00,0x00,0x00,0x00,0x05,0xEC,0xFF,0xC7,0xFF,0xBC,
    0x00,0x00,0x00,0x00,0x00,0x00,0x00,0x00,0x00,0x4F,0xFF,0xEE,0x53,0xFF,0xFD,0x1A,0x00,0x00,0x00,0x00,
    0x00,0x00,0x00,0x00,0xAC,0xFF,0xA5,0x0A,0xF6,0xFF,0x73,0x00,0x00,0x00,0x00,0x00,0x00,0x00,0x0F,0xF7,
    0xFF,0x57,0x00,0xB2,0xFF,0xCE,0x00,0x00,0x00,0x00,0x00,0x00,0x00,0x64,0xFF,0xFA,0x0E,0x00,0x63,0xFF,
    0xFF,0x2A,0x00,0x00,0x00,0x00,0x00,0x00,0xC0,0xFF,0xBB,0x00,0x00,0x16,0xFD,0xFF,0x85,0x00,0x00,0x00,
    0x00,0x00,0x1E,0xFE,0xFF,0x6D,0x00,0x00,0x00,0xC6,0xFF,0xDF,0x01,0x00,0x00,0x00,0x00,0x79,0xFF,0xFF,
    0x1F,0x00,0x00,0x00,0x77,0xFF,0xFF,0x3C,0x00,0x00,0x00,0x00,0xD4,0xFF,0xFF,0xFF,0xFF,0xFF,0xFF,0xFF,
    0xFF,0xFF,0x98,0x00,0x00,0x00,0x31,0xFF,0xFF,0xFF,0xFF,0xFF,0xFF,0xFF,0xFF,0xFF,0xFF,0xED,0x06,0x00,
    0x00,0x8E,0xFF,0xFF,0x38,0x14,0x14,0x14,0x14,0x14,0x84,0xFF,0xFF,0x4F,0x00,0x03,0xE6,0xFF,0xD3,0x00,
    0x00,0x00,0x00,0x00,0x00,0x23,0xFF,0xFF,0xAA,0x00,0x46,0xFF,0xFF,0x7B,0x00,0x00,0x00,0x00,0x00,0x00,
    0x00,0xC8,0xFF,0xF7,0x0E,0xA2,0xFF,0xFF,0x23,0x00,0x00,0x00,0x00,0x00,0x00,0x00,0x6D,0xFF,0xFF,0x62,
    0x18,0xFF,0xFF,0xFF,0xFF,0xFF,0xF3,0xCB,0x6E,0x04,0x00,0x00,0x18,0xFF,0xFF,0xFF,0xFF,0xFF,0xFF,0xFF,
    0xFF,0xBA,0x03,0x00,0x18,0xFF,0xFF,0x7A,0x0C,0x13,0x3F,0xCE,0xFF,0xFF,0x61,0x00,0x18,0xFF,0xFF,0x74,
    0x00,0x00,0x00,0x34,0xFF,0xFF,0x9A,0x00,0x18,0xFF,0xFF,0x74,0x00,0x00,0x00,0x18,0xFF,0xFF,0x8A,0x00,
    0x18,0xFF,0xFF,0x74,0x00,0x00,0x00,0x54,0xFF,0xFF,0x42,0x00,0x18,0xFF,0xFF,0x74,0x00,0x0E,0x50,0xE7,
    0xFF,0xA1,0x00,0x00,0x18,0xFF,0xFF,0xFF,0xFF,0xFF,0xFF,0xFB,0x75,0x03,0x00,0x00,0x18,0xFF,0xFF,0xFF,
    0xFF,0xFF,0xFF,0xFF,0xFB,0xA5,0x10,0x00,0x18,0xFF,0xFF,0x7A,0x0C,0x12,0x2F,0x8B,0xFF,0xFF,0xB5,0x00,
    0x18,0xFF,0xFF,0x74,0x00,0x00,0x00,0x00,0xA1,0xFF,0xFF,0x26,0x18,0xFF,0xFF,0x74,0x00,0x00,0x00,0x00,
    0x70,0xFF,0xFF,0x4A,0x18,0xFF,0xFF,0x74,0x00,0x00,0x00,0x00,0xA8,0xFF,0xFF,0x33,0x18,0xFF,0xFF,0x7A,
    0x0C,0x0E,0x29,0x8A,0xFF,0xFF,0xD2,0x01,0x18,0xFF,0xFF,0xFF,0xFF,0xFF,0xFF,0xFF,0xFF,0xE2,0x27,0x00,
    0x18,0xFF,0xFF,0xFF,0xFF,0xFF,0xF5,0xCF,0x7E,0x0F,0x00,0x00,0x00,0x00,0x00,0x00,0x00,0x47,0xA2,0xDD,
    0xF6,0xF5,0xE2,0xB5,0x50,0x00,0x00,0x00,0x15,0xBB,0xFF,0xFF,0xFF,0xFF,0xFF,0xFF,0xFF,0xA4,0x00,0x00,
    0x16,0xDE,0xFF,0xFF,0xDC,0x7F,0x4F,0x49,0x63,0x9C,0x92,0x00,0x00,0xBF,0xFF,0xFF,0x8F,0x05,0x00,0x00,
    0x00,0x00,0x00,0x00,0x00,0x4A,0xFF,0xFF,0xA7,0x00,0x00,0x00,0x00,0x00,0x00,0x00,0x00,0x00,0xAA,0xFF,
    0xFC,0x1D,0x00,0x00,0x00,0x00,0x00,0x00,0x00,0x00,0x00,0xE8,0xFF,0xC9,0x00,0x00,0x00,0x00,0x00,0x00,
    0x00,0x00,0x00,0x04,0xFF,0xFF,0xA4,0x00,0x00,0x00,0x00,0x00,0x00,0x00,0x00,0x00,0x0E,0xFF,0xFF,0x9E,
    0x00,0x00,0x00,0x00,0x00,0x00,0x00,0x00,0x00,0x01,0xFB,0xFF,0xB9,0x00,0x00,0x00,0x00,0x00,0x00,0x00,
    0x00,0x00,0x00,0xD0,0xFF,0xF2,0x0B,0x00,0x00,0x00,0x00,0x00,0x00,0x00,0x00,0x00,0x84,0xFF,0xFF,0x7D,
    0x00,0x00,0x00,0x00,0x00,0x00,0x00,0x00,0x00,0x17,0xF4,0xFF,0xFC,0x5E,0x00,0x00,0x00,0x00,0x00,0x00,
    0x00,0x00,0x00,0x5A,0xFF,0xFF,0xFF,0xBD,0x66,0x43,0x4B,0x63,0x9F,0x92,0x00,0x00,0x00,0x5C,0xF5,0xFF,
    0xFF,0xFF,0xFF,0xFF,0xFF,0xFF,0xA4,0x00,0x00,0x00,0x00,0x18,0x84,0xCC,0xEF,0xF9,0xE6,0xCC,0x89,0x2D,
    0x18,0xFF,0xFF,0xFF,0xFF,0xFC,0xED,0xD5,0xA2,0x56,0x05,0x00,0x00,0x00,0x18,0xFF,0xFF,0xFF,0xFF,0xFF,
    0xFF,0xFF,0xFF,0xFF,0xDE,0x3C,0x00,0x00,0x18,0xFF,0xFF,0x8C,0x2C,0x2D,0x3C,0x67,0xBE,0xFF,0xFF,0xF9,
    0x3C,0x00,0x18,0xFF,0xFF,0x74,0x00,0x00,0x00,0x00,0x00,0x61,0xFE,0xFF,0xE0,0x05,0x18,0xFF,0xFF,0x74,
    0x00,0x00,0x00,0x00,0x00,0x00,0x94,0xFF,0xFF,0x59,0x18,0xFF,0xFF,0x74,0x00,0x00,0x00,0x00,0x00,0x00,
    0x26,0xFF,0xFF,0x9E,0x18,0xFF,0xFF,0x74,0x00,0x00,0x00,0x00,0x00,0x00,0x00,0xEC,0xFF,0xC6,0x18,0xFF,
    0xFF,0x74,0x00,0x00,0x00,0x00,0x00,0x00,0x00,0xD6,0xFF,0xD9,0x18,0xFF,0xFF,0x74,0x00,0x00,0x00,0x00,
    0x00,0x00,0x00,0xDC,0xFF,0xD0,0x18,0xFF,0xFF,0x74,0x00,0x00,0x00,0x00,0x00,0x00,0x04,0xF5,0xFF,0xB6,
    0x18,0xFF,0xFF,0x74,0x00,0x00,0x00,0x00,0x00,0x00,0x40,0xFF,0xFF,0x75,0x18,0xFF,0xFF,0x74,0x00,0x00,
    0x00,0x00,0x00,0x01,0xBC,0xFF,0xF8,0x1D,0x18,0xFF,0xFF,0x74,0x00,0x00,0x00,0x00,0x03,0x94,0xFF,0xFF,
    0x85,0x00,0x18,0xFF,0xFF,0x89,0x28,0x2A,0x3C,0x72,0xD7,0xFF,0xFF,0xB0,0x03,0x00,0x18,0xFF,0xFF,0xFF,
    0xFF,0xFF,0xFF,0xFF,0xFF,0xF8,0x83,0x03,0x00,0x00,0x18,0xFF,0xFF,0xFF,0xFF,0xF9,0xE7,0xBF,0x7D,0x1A,
    0x00,0x00,0x00,0x00,0x18,0xFF,0xFF,0xFF,0xFF,0xFF,0xFF,0xFF,0xFF,0x34,0x18,0xFF,0xFF,0xFF,0xFF,0xFF,
    0xFF,0xFF,0xFF,0x34,0x18,0xFF,0xFF,0x8C,0x2C,0x2C,0x2C,0x2C,0x2C,0x08,0x18,0xFF,0xFF,0x74,0x00,0x00,
    0x00,0x00,0x00,0x00,0x18,0xFF,0xFF,0x74,0x00,0x00,0x00,0x00,0x00,0x00,0x18,0xFF,0xFF,0x74,0x00,0x00,
    0x00,0x00,0x00,0x00,0x18,0xFF,0xFF,0x74,0x00,0x00,0x00,0x00,0x00,0x00,0x18,0xFF,0xFF,0xFF,0xFF,0xFF,
    0xFF,0xFF,0xC0,0x00,0x18,0xFF,0xFF,0xFF,0xFF,0xFF,0xFF,0xFF,0xC0,0x00,0x18,0xFF,0xFF,0x89,0x28,0x28,
    0x28,0x28,0x1E,0x00,0x18,0xFF,0xFF,0x74,0x00,0x00,0x00,0x00,0x00,0x00,0x18,0xFF,0xFF,0x74,0x00,0x00,
    0x00,0x00,0x00,0x00,0x18,0xFF,0xFF,0x74,0x00,0x00,0x00,0x00,0x00,0x00,0x18,0xFF,0xFF,0x89,0x28,0x28,
    0x28,0x28,0x28,0x15,0x18,0xFF,0xFF,0xFF,0xFF,0xFF,0xFF,0xFF,0xFF,0x8C,0x18,0xFF,0xFF,0xFF,0xFF,0xFF,
    0xFF,0xFF,0xFF,0x8C,0x18,0xFF,0xFF,0xFF,0xFF,0xFF,0xFF,0xFF,0xFF,0x38,0x18,0xFF,0xFF,0xFF,0xFF,0xFF,
    0xFF,0xFF,0xFF,0x38,0x18,0xFF,0xFF,0x8C,0x2C,0x2C,0x2C,0x2C,0x2C,0x09,0x18,0xFF,0xFF,0x74,0x00,0x00,
    0x00,0x00,0x00,0x00,0x18,0xFF,0xFF,0x74,0x00,0x00,0x00,0x00,0x00,0x00,0x18,0xFF,0xFF,0x74,0x00,0x00,
    0x00,0x00,0x00,0x00,0x18,0xFF,0xFF,0x74,0x00,0x00,0x00,0x00,0x00,0x00,0x18,0xFF,0xFF,0xFF,0xFF,0xFF,
    0xFF,0xFF,0xC4,0x00,0x18,0xFF,0xFF,0xFF,0xFF,0xFF,0xFF,0xFF,0xC4,0x00,0x18,0xFF,0xFF,0x89,0x28,0x28,
    0x28,0x28,0x1E,0x00,0x18,0xFF,0xFF,0x74,0x00,0x00,0x00,0x00,0x00,0x00,0x18,0xFF,0xFF,0x74,0x00,0x00,
    0x00,0x00,0x00,0x00,0x18,0xFF,0xFF,0x74,0x00,0x00,0x00,0x00,0x00,0x00,0x18,0xFF,0xFF,0x74,0x00,0x00,
    0x00,0x00,0x00,0x00,0x18,0xFF,0xFF,0x74,0x00,0x00,0x00,0x00,0x00,0x00,0x18,0xFF,0xFF,0x74,0x00,0x00,
    0x00,0x00,0x00,0x00,0x00,0x00,0x00,0x00,0x00,0x3D,0x9A,0xD9,0xF2,0xF8,0xE6,0xCD,0x90,0x29,0x00,0x00,
    0x00,0x10,0xB0,0xFF,0xFF,0xFF,0xFF,0xFF,0xFF,0xFF,0xFF,0x6C,0x00,0x00,0x12,0xD7,0xFF,0xFF,0xD8,0x75,
    0x44,0x3B,0x51,0x6F,0xB7,0x65,0x00,0x00,0xB9,0xFF,0xFF,0x8E,0x03,0x00,0x00,0x00,0x00,0x00,0x00,0x00,
    0x00,0x4A,0xFF,0xFF,0xA7,0x00,0x00,0x00,0x00,0x00,0x00,0x00,0x00,0x00,0x00,0xAD,0xFF,0xFB,0x1C,0x00,
    0x00,0x00,0x00,0x00,0x00,0x00,0x00,0x00,0x00,0xED,0xFF,0xC7,0x00,0x00,0x00,0x00,0x00,0x00,0x00,0x00,
    0x00,0x00,0x09,0xFF,0xFF,0xA3,0x00,0x00,0x00,0x00,0xE0,0xFF,0xFF,0xFF,0xFF,0xEC,0x11,0xFF,0xFF,0x9F,
    0x00,0x00,0x00,0x00,0xE0,0xFF,0xFF,0xFF,0xFF,0xEC,0x01,0xFC,0xFF,0xB8,0x00,0x00,0x00,0x00,0x23,0x28,
    0x28,0xAF,0xFF,0xEC,0x00,0xCD,0xFF,0xF0,0x08,0x00,0x00,0x00,0x00,0x00,0x00,0xA0,0xFF,0xEC,0x00,0x7D,
    0xFF,0xFF,0x6C,0x00,0x00,0x00,0x00,0x00,0x00,0xA0,0xFF,0xEC,0x00,0x11,0xEE,0xFF,0xF4,0x40,0x00,0x00,
    0x00,0x00,0x00,0xA0,0xFF,0xEC,0x00,0x00,0x48,0xFC,0xFF,0xFC,0xA2,0x53,0x39,0x4B,0x81,0xE8,0xFF,0xEC,
    0x00,0x00,0x00,0x46,0xEB,0xFF,0xFF,0xFF,0xFF,0xFF,0xFF,0xFF,0xFF,0xD0,0x00,0x00,0x00,0x00,0x0D,0x73,
    0xBF,0xEA,0xFB,0xF3,0xD4,0xA0,0x50,0x03,0x18,0xFF,0xFF,0x74,0x00,0x00,0x00,0x00,0x00,0x00,0x4C,0xFF,
    0xFF,0x48,0x18,0xFF,0xFF,0x74,0x00,0x00,0x00,0x00,0x00,0x00,0x4C,0xFF,0xFF,0x48,0x18,0xFF,0xFF,0x74,
    0x00,0x00,0x00,0x00,0x00,0x00,0x4C,0xFF,0xFF,0x48,0x18,0xFF,0xFF,0x74,0x00,0x00,0x00,0x00,0x00,0x00,
    0x4C,0xFF,0xFF,0x48,0x18,0xFF,0xFF,0x74,0x00,0x00,0x00,0x00,0x00,0x00,0x4C,0xFF,0xFF,0x48,0x18,0xFF,
    0xFF,0x74,0x00,0x00,0x00,0x00,0x00,0x00,0x4C,0xFF,0xFF,0x48,0x18,0xFF,0xFF,0x74,0x00,0x00,0x00,0x00,
    0x00,0x00,0x4C,0xFF,0xFF,0x48,0x18,0xFF,0xFF,0xFF,0xFF,0xFF,0xFF,0xFF,0xFF,0xFF,0xFF,0xFF,0xFF,0x48,
    0x18,0xFF,0xFF,0xFF,0xFF,0xFF,0xFF,0xFF,0xFF,0xFF,0xFF,0xFF,0xFF,0x48,0x18,0xFF,0xFF,0x97,0x40,0x40,
    0x40,0x40,0x40,0x40,0x79,0xFF,0xFF,0x48,0x18,0xFF,0xFF,0x74,0x00,0x00,0x00,0x00,0x00,0x00,0x4C,0xFF,
    0xFF,0x48,0x18,0xFF,0xFF,0x74,0x00,0x00,0x00,0x00,0x00,0x00,0x4C,0xFF,0xFF,0x48,0x18,0xFF,0xFF,0x74,
    0x00,0x00,0x00,0x00,0x00,0x00,0x4C,0xFF,0xFF,0x48,0x18,0xFF,0xFF,0x74,0x00,0x00,0x00,0x00,0x00,0x00,
    0x4C,0xFF,0xFF,0x48,0x18,0xFF,0xFF,0x74,0x00,0x00,0x00,0x00,0x00,0x00,0x4C,0xFF,0xFF,0x48,0x18,0xFF,
    0xFF,0x74,0x00,0x00,0x00,0x00,0x00,0x00,0x4C,0xFF,0xFF,0x48,0x1C,0xFF,0xFF,0x84,0x1C,0xFF,0xFF,0x84,
    0x1C,0xFF,0xFF,0x84,0x1C,0xFF,0xFF,0x84,0x1C,0xFF,0xFF,0x84,0x1C,0xFF,0xFF,0x84,0x1C,0xFF,0xFF,0x84,
    0x1C,0xFF,0xFF,0x84,0x1C,0xFF,0xFF,0x84,0x1C,0xFF,0xFF,0x84,0x1C,0xFF,0xFF,0x84,0x1C,0xFF,0xFF,0x84,
    0x1C,0xFF,0xFF,0x84,0x1C,0xFF,0xFF,0x84,0x1C,0xFF,0xFF,0x84,0x1C,0xFF,0xFF,0x84,0x00,0x00,0x00,0x00,
    0x98,0xFF,0xF8,0x00,0x00,0x00,0x00,0x98,0xFF,0xF8,0x00,0x00,0x00,0x00,0x98,0xFF,0xF8,0x00,0x00,0x00,
    0x00,0x98,0xFF,0xF8,0x00,0x00,0x00,0x00,0x98,0xFF,0xF8,0x00,0x00,0x00,0x00,0x98,0xFF,0xF8,0x00,0x00,
    0x00,0x00,0x98,0xFF,0xF8,0x00,0x00,0x00,0x00,0x98,0xFF,0xF8,0x00,0x00,0x00,0x00,0x98,0xFF,0xF8,0x00,
    0x00,0x00,0x00,0x98,0xFF,0xF8,0x00,0x00,0x00,0x00,0xAA,0xFF,0xF0,0x00,0x00,0x00,0x00,0xCA,0xFF,0xD9,
    0x00,0x00,0x00,0x29,0xFF,0xFF,0xA0,0x83,0x50,0x61,0xE0,0xFF,0xFE,0x39,0xBC,0xFF,0xFF,0xFF,0xFF,0x84,
    0x00,0x9A,0xF6,0xF5,0xC6,0x57,0x00,0x00,0x18,0xFF,0xFF,0x74,0x00,0x00,0x00,0x00,0x57,0xFF,0xFF,0xB1,
    0x01,0x18,0xFF,0xFF,0x74,0x00,0x00,0x00,0x23,0xF1,0xFF,0xDA,0x0F,0x00,0x18,0xFF,0xFF,0x74,0x00,0x00,
    0x06,0xCC,0xFF,0xF4,0x2B,0x00,0x00,0x18,0xFF,0xFF,0x74,0x00,0x00,0x91,0xFF,0xFF,0x56,0x00,0x00,0x00,
    0x18,0xFF,0xFF,0x74,0x00,0x4F,0xFF,0xFF,0x8B,0x00,0x00,0x00,0x00,0x18,0xFF,0xFF,0x74,0x1E,0xEE,0xFF,
    0xBE,0x03,0x00,0x00,0x00,0x00,0x18,0xFF,0xFF,0x78,0xC6,0xFF,0xE2,0x15,0x00,0x00,0x00,0x00,0x00,0x18,
    0xFF,0xFF,0xE3,0xFF,0xFF,0x44,0x00,0x00,0x00,0x00,0x00,0x00,0x18,0xFF,0xFF,0xB8,0xFE,0xFF,0xB0,0x01,
    0x00,0x00,0x00,0x00,0x00,0x18,0xFF,0xFF,0x74,0x8C,0xFF,0xFF,0x7A,0x00,0x00,0x00,0x00,0x00,0x18,0xFF,
    0xFF,0x74,0x05,0xC9,0xFF,0xFD,0x44,0x00,0x00,0x00,0x00,0x18,0xFF,0xFF,0x74,0x00,0x21,0xF1,0xFF,0xEB,
    0x1E,0x00,0x00,0x00,0x18,0xFF,0xFF,0x74,0x00,0x00,0x56,0xFF,0xFF,0xCA,0x07,0x00,0x00,0x18,0xFF,0xFF,
    0x74,0x00,0x00,0x00,0x9B,0xFF,0xFF,0x9B,0x00,0x00,0x18,0xFF,0xFF,0x74,0x00,0x00,0x00,0x09,0xD5,0xFF,
    0xFF,0x63,0x00,0x18,0xFF,0xFF,0x74,0x00,0x00,0x00,0x00,0x2C,0xF6,0xFF,0xF7,0x33,0x18,0xFF,0xFF,0x74,
    0x00,0x00,0x00,0x00,0x00,0x00,0x18,0xFF,0xFF,0x74,0x00,0x00,0x00,0x00,0x00,0x00,0x18,0xFF,0xFF,0x74,
    0x00,0x00,0x00,0x00,0x00,0x00,0x18,0xFF,0xFF,0x74,0x00,0x00,0x00,0x00,0x00,0x00,0x18,0xFF,0xFF,0x74,
    0x00,0x00,0x00,0x00,0x00,0x00,0x18,0xFF,0xFF,0x74,0x00,0x00,0x00,0x00,0x00,0x00,0x18,0xFF,0xFF,0x74,
    0x00,0x00,0x00,0x00,0x00,0x00,0x18,0xFF,0xFF,0x74,0x00,0x00,0x00,0x00,0x00,0x00,0x18,0xFF,0xFF,0x74,
    0x00,0x00,0x00,0x00,0x00,0x00,0x18,0xFF,0xFF,0x74,0x00,0x00,0x00,0x00,0x00,0x00,0x18,0xFF,0xFF,0x74,
    0x00,0x00,0x00,0x00,0x00,0x00,0x18,0xFF,0xFF,0x74,0x00,0x00,0x00,0x00,0x00,0x00,0x18,0xFF,0xFF,0x74,
    0x00,0x00,0x00,0x00,0x00,0x00,0x18,0xFF,0xFF,0x89,0x28,0x28,0x28,0x28,0x28,0x11,0x18,0xFF,0xFF,0xFF,
    0xFF,0xFF,0xFF,0xFF,0xFF,0x70,0x18,0xFF,0xFF,0xFF,0xFF,0xFF,0xFF,0xFF,0xFF,0x70,0x18,0xFF,0xFF,0xFF,
    0xB0,0x00,0x00,0x00,0x00,0x00,0x00,0x00,0x00,0x3A,0xFF,0xFF,0xFF,0x70,0x18,0xFF,0xFF,0xFF,0xFB,0x16,
    0x00,0x00,0x00,0x00,0x00,0x00,0x00,0x9E,0xFF,0xFF,0xFF,0x70,0x18,0xFF,0xFF,0xF6,0xFF,0x72,0x00,0x00,
    0x00,0x00,0x00,0x00,0x0C,0xF4,0xFA,0xFA,0xFF,0x70,0x18,0xFF,0xFF,0xC8,0xFF,0xD3,0x00,0x00,0x00,0x00,
    0x00,0x00,0x65,0xFF,0xC5,0xFE,0xFF,0x70,0x18,0xFF,0xFF,0x7B,0xFF,0xFF,0x35,0x00,0x00,0x00,0x00,0x00,
    0xC8,0xFF,0x79,0xFF,0xFF,0x70,0x18,0xFF,0xFF,0x43,0xD7,0xFF,0x96,0x00,0x00,0x00,0x00,0x2B,0xFF,0xF7,
    0x27,0xFF,0xFF,0x70,0x18,0xFF,0xFF,0x44,0x74,0xFF,0xEF,0x08,0x00,0x00,0x00,0x8F,0xFF,0xA5,0x18,0xFF,
    0xFF,0x70,0x18,0xFF,0xFF,0x44,0x16,0xFA,0xFF,0x58,0x00,0x00,0x06,0xEB,0xFF,0x43,0x18,0xFF,0xFF,0x70,
    0x18,0xFF,0xFF,0x44,0x00,0xAD,0xFF,0xB9,0x00,0x00,0x56,0xFF,0xDF,0x01,0x18,0xFF,0xFF,0x70,0x18,0xFF,
    0xFF,0x44,0x00,0x4A,0xFF,0xFD,0x1D,0x00,0xBA,0xFF,0x7E,0x00,0x18,0xFF,0xFF,0x70,0x18,0xFF,0xFF,0x44,
    0x00,0x03,0xE3,0xFF,0x7C,0x1E,0xFD,0xFD,0x1E,0x00,0x18,0xFF,0xFF,0x70,0x18,0xFF,0xFF,0x44,0x00,0x00,
    0x83,0xFF,0xD9,0x79,0xFF,0xBA,0x00,0x00,0x18,0xFF,0xFF,0x70,0x18,0xFF,0xFF,0x44,0x00,0x00,0x21,0xFE,
    0xFF,0xE7,0xFF,0x57,0x00,0x00,0x18,0xFF,0xFF,0x70,0x18,0xFF,0xFF,0x44,0x00,0x00,0x00,0xBD,0xFF,0xFF,
    0xED,0x07,0x00,0x00,0x18,0xFF,0xFF,0x70,0x18,0xFF,0xFF,0x44,0x00,0x00,0x00,0x59,0xFF,0xFF,0x93,0x00,
    0x00,0x00,0x18,0xFF,0xFF,0x70,0x18,0xFF,0xFF,0x44,0x00,0x00,0x00,0x07,0xED,0xFF,0x31,0x00,0x00,0x00,
    0x18,0xFF,0xFF,0x70,0x18,0xFF,0xFF,0xFC,0x32,0x00,0x00,0x00,0x00,0x00,0x00,0x80,0xFF,0xF8,0x18,0xFF,
    0xFF,0xFF,0xCA,0x02,0x00,0x00,0x00,0x00,0x00,0x80,0xFF,0xF8,0x18,0xFF,0xFF,0xFF,0xFF,0x6B,0x00,0x00,
    0x00,0x00,0x00,0x80,0xFF,0xF8,0x18,0xFF,0xFF,0xDC,0xFF,0xF1,0x19,0x00,0x00,0x00,0x00,0x80,0xFF,0xF8,
    0x18,0xFF,0xFF,0x72,0xEE,0xFF,0xA8,0x00,0x00,0x00,0x00,0x80,0xFF,0xF8,0x18,0xFF,0xFF,0x5F,0x66,0xFF,
    0xFF,0x47,0x00,0x00,0x00,0x80,0xFF,0xF8,0x18,0xFF,0xFF,0x60,0x01,0xC4,0xFF,0xDC,0x08,0x00,0x00,0x80,
    0xFF,0xF8,0x18,0xFF,0xFF,0x60,0x00,0x2B,0xFA,0xFF,0x84,0x00,0x00,0x80,0xFF,0xF8,0x18,0xFF,0xFF,0x60,
    0x00,0x00,0x85,0xFF,0xF9,0x28,0x00,0x80,0xFF,0xF8,0x18,0xFF,0xFF,0x60,0x00,0x00,0x08,0xDC,0xFF,0xC0,
    0x00,0x80,0xFF,0xF8,0x18,0xFF,0xFF,0x60,0x00,0x00,0x00,0x45,0xFF,0xFF,0x5F,0x7E,0xFF,0xF8,0x18,0xFF,
    0xFF,0x60,0x00,0x00,0x00,0x00,0xA5,0xFF,0xEB,0x8B,0xFF,0xF8,0x18,0xFF,0xFF,0x60,0x00,0x00,0x00,0x00,
    0x16,0xEE,0xFF,0xED,0xFF,0xF8,0x18,0xFF,0xFF,0x60,0x00,0x00,0x00,0x00,0x00,0x65,0xFF,0xFF,0xFF,0xF8,
    0x18,0xFF,0xFF,0x60,0x00,0x00,0x00,0x00,0x00,0x01,0xC3,0xFF,0xFF,0xF8,0x18,0xFF,0xFF,0x60,0x00,0x00,
    0x00,0x00,0x00,0x00,0x2A,0xF9,0xFF,0xF8,0x00,0x00,0x00,0x00,0x0F,0x77,0xC2,0xEA,0xFA,0xE8,0xBA,0x64,
    0x04,0x00,0x00,0x00,0x00,0x00,0x00,0x46,0xEC,0xFF,0xFF,0xFF,0xFF,0xFF,0xFF,0xFF,0xD3,0x20,0x00,0x00,
    0x00,0x00,0x44,0xFB,0xFF,0xFE,0xA9,0x5A,0x46,0x65,0xC1,0xFF,0xFF,0xE3,0x14,0x00,0x00,0x0C,0xE7,0xFF,
    0xF9,0x4E,0x00,0x00,0x00,0x00,0x00,0x81,0xFF,0xFF,0xA7,0x00,0x00,0x6E,0xFF,0xFF,0x7C,0x00,0x00,0x00,
    0x00,0x00,0x00,0x00,0xC2,0xFF,0xFD,0x22,0x00,0xC0,0xFF,0xF5,0x0D,0x00,0x00,0x00,0x00,0x00,0x00,0x00,
    0x56,0xFF,0xFF,0x6A,0x00,0xF5,0xFF,0xBE,0x00,0x00,0x00,0x00,0x00,0x00,0x00,0x00,0x1A,0xFF,0xFF,0x9A,
    0x0C,0xFF,0xFF,0xA0,0x00,0x00,0x00,0x00,0x00,0x00,0x00,0x00,0x02,0xFE,0xFF,0xAD,0x11,0xFF,0xFF,0x9F,
    0x00,0x00,0x00,0x00,0x00,0x00,0x00,0x00,0x01,0xFD,0xFF,0xA7,0x01,0xFC,0xFF,0xBA,0x00,0x00,0x00,0x00,
    0x00,0x00,0x00,0x00,0x18,0xFF,0xFF,0x91,0x00,0xCE,0xFF,0xF2,0x09,0x00,0x00,0x00,0x00,0x00,0x00,0x00,
    0x53,0xFF,0xFF,0x5C,0x00,0x80,0xFF,0xFF,0x6F,0x00,0x00,0x00,0x00,0x00,0x00,0x00,0xC0,0xFF,0xF7,0x15,
    0x00,0x15,0xF2,0xFF,0xF5,0x3E,0x00,0x00,0x00,0x00,0x00,0x83,0xFF,0xFF,0x94,0x00,0x00,0x00,0x57,0xFE,
    0xFF,0xFB,0x9A,0x50,0x42,0x65,0xC4,0xFF,0xFF,0xD6,0x0B,0x00,0x00,0x00,0x00,0x5A,0xF5,0xFF,0xFF,0xFF,
    0xFF,0xFF,0xFF,0xFF,0xC3,0x15,0x00,0x00,0x00,0x00,0x00,0x00,0x18,0x85,0xCE,0xF0,0xF9,0xE4,0xAE,0x54,
    0x01,0x00,0x00,0x00,0x18,0xFF,0xFF,0xFF,0xFF,0xFE,0xEF,0xC6,0x71,0x07,0x00,0x00,0x18,0xFF,0xFF,0xFF,
    0xFF,0xFF,0xFF,0xFF,0xFF,0xCF,0x11,0x00,0x18,0xFF,0xFF,0x83,0x1C,0x23,0x48,0xBE,0xFF,0xFF,0x9E,0x00,
    0x18,0xFF,0xFF,0x74,0x00,0x00,0x00,0x07,0xDC,0xFF,0xF5,0x06,0x18,0xFF,0xFF,0x74,0x00,0x00,0x00,0x00,
    0x9B,0xFF,0xFF,0x1F,0x18,0xFF,0xFF,0x74,0x00,0x00,0x00,0x00,0xA0,0xFF,0xFF,0x18,0x18,0xFF,0xFF,0x74,
    0x00,0x00,0x00,0x0C,0xE2,0xFF,0xE5,0x00,0x18,0xFF,0xFF,0x74,0x00,0x0D,0x3B,0xC1,0xFF,0xFF,0x76,0x00,
    0x18,0xFF,0xFF,0xFF,0xFF,0xFF,0xFF,0xFF,0xFF,0xAC,0x03,0x00,0x18,0xFF,0xFF,0xFF,0xFF,0xFF,0xFC,0xCB,
    0x63,0x01,0x00,0x00,0x18,0xFF,0xFF,0x7E,0x14,0x11,0x03,0x00,0x00,0x00,0x00,0x00,0x18,0xFF,0xFF,0x74,
    0x00,0x00,0x00,0x00,0x00,0x00,0x00,0x00,0x18,0xFF,0xFF,0x74,0x00,0x00,0x00,0x00,0x00,0x00,0x00,0x00,
    0x18,0xFF,0xFF,0x74,0x00,0x00,0x00,0x00,0x00,0x00,0x00,0x00,0x18,0xFF,0xFF,0x74,0x00,0x00,0x00,0x00,
    0x00,0x00,0x00,0x00,0x18,0xFF,0xFF,0x74,0x00,0x00,0x00,0x00,0x00,0x00,0x00,0x00,0x00,0x00,0x00,0x00,
    0x0B,0x70,0xBF,0xE8,0xF9,0xE7,0xB6,0x5C,0x02,0x00,0x00,0x00,0x00,0x00,0x00,0x00,0x00,0x42,0xE8,0xFF,
    0xFF,0xFF,0xFF,0xFF,0xFF,0xFF,0xCE,0x1C,0x00,0x00,0x00,0x00,0x00,0x00,0x41,0xFA,0xFF,0xFF,0xAD,0x5B,
    0x46,0x66,0xC3,0xFF,0xFF,0xDF,0x11,0x00,0x00,0x00,0x00,0x0A,0xE5,0xFF,0xFA,0x50,0x00,0x00,0x00,0x00,
    0x00,0x83,0xFF,0xFF,0x9F,0x00,0x00,0x00,0x00,0x6A,0xFF,0xFF,0x7F,0x00,0x00,0x00,0x00,0x00,0x00,0x01,
    0xC4,0xFF,0xFB,0x1C,0x00,0x00,0x00,0xBC,0xFF,0xF6,0x0F,0x00,0x00,0x00,0x00,0x00,0x00,0x00,0x59,0xFF,
    0xFF,0x65,0x00,0x00,0x00,0xF3,0xFF,0xBF,0x00,0x00,0x00,0x00,0x00,0x00,0x00,0x00,0x1C,0xFF,0xFF,0x98,
    0x00,0x00,0x0B,0xFF,0xFF,0xA1,0x00,0x00,0x00,0x00,0x00,0x00,0x00,0x00,0x02,0xFE,0xFF,0xAC,0x00,0x00,
    0x11,0xFF,0xFF,0x9F,0x00,0x00,0x00,0x00,0x00,0x00,0x00,0x00,0x02,0xFD,0xFF,0xA3,0x00,0x00,0x01,0xFB,
    0xFF,0xBB,0x00,0x00,0x00,0x00,0x00,0x00,0x00,0x00,0x1A,0xFF,0xFF,0x8C,0x00,0x00,0x00,0xCD,0xFF,0xF2,
    0x09,0x00,0x00,0x00,0x00,0x00,0x00,0x00,0x58,0xFF,0xFF,0x57,0x00,0x00,0x00,0x7F,0xFF,0xFF,0x70,0x00,
    0x00,0x00,0x00,0x00,0x00,0x01,0xC5,0xFF,0xF8,0x0E,0x00,0x00,0x00,0x14,0xF1,0xFF,0xF5,0x3F,0x00,0x00,
    0x00,0x00,0x00,0x87,0xFF,0xFF,0x88,0x00,0x00,0x00,0x00,0x00,0x56,0xFE,0xFF,0xFC,0x9C,0x51,0x43,0x67,
    0xC8,0xFF,0xFF,0xCF,0x0C,0x00,0x00,0x00,0x00,0x00,0x00,0x58,0xF3,0xFF,0xFF,0xFF,0xFF,0xFF,0xFF,0xFF,
    0xF6,0x1E,0x00,0x00,0x00,0x00,0x00,0x00,0x00,0x00,0x17,0x83,0xCD,0xEF,0xFA,0xE6,0xC6,0xFF,0xFF,0xD6,
    0x29,0x00,0x00,0x00,0x00,0x00,0x00,0x00,0x00,0x00,0x00,0x00,0x00,0x00,0x00,0x6A,0xFC,0xFF,0xF4,0x59,
    0x00,0x00,0x00,0x00,0x00,0x00,0x00,0x00,0x00,0x00,0x00,0x00,0x00,0x00,0x46,0xF0,0xFF,0xFF,0x96,0x06,
    0x18,0xFF,0xFF,0xFF,0xFF,0xFF,0xEE,0xCE,0x8C,0x16,0x00,0x00,0x00,0x18,0xFF,0xFF,0xFF,0xFF,0xFF,0xFF,
    0xFF,0xFF,0xE6,0x21,0x00,0x00,0x18,0xFF,0xFF,0x7E,0x14,0x16,0x36,0xAE,0xFF,0xFF,0xAA,0x00,0x00,0x18,
    0xFF,0xFF,0x74,0x00,0x00,0x00,0x05,0xE2,0xFF,0xEF,0x00,0x00,0x18,0xFF,0xFF,0x74,0x00,0x00,0x00,0x00,
    0xC0,0xFF,0xED,0x00,0x00,0x18,0xFF,0xFF,0x74,0x00,0x00,0x00,0x11,0xEF,0xFF,0xB8,0x00,0x00,0x18,0xFF,
    0xFF,0x7E,0x14,0x17,0x40,0xC7,0xFF,0xF9,0x36,0x00,0x00,0x18,0xFF,0xFF,0xFF,0xFF,0xFF,0xFF,0xFF,0xD5,
    0x3D,0x00,0x00,0x00,0x18,0xFF,0xFF,0xFF,0xFF,0xFF,0xFF,0xDF,0x1B,0x00,0x00,0x00,0x00,0x18,0xFF,0xFF,
    0x74,0x05,0x42,0xE3,0xFF,0xD7,0x0D,0x00,0x00,0x00,0x18,0xFF,0xFF,0x74,0x00,0x00,0x33,0xFC,0xFF,0x9D,
    0x00,0x00,0x00,0x18,0xFF,0xFF,0x74,0x00,0x00,0x00,0x94,0xFF,0xFF,0x3B,0x00,0x00,0x18,0xFF,0xFF,0x74,
    0x00,0x00,0x00,0x17,0xF4,0xFF,0xCB,0x01,0x00,0x18,0xFF,0xFF,0x74,0x00,0x00,0x00,0x00,0x84,0xFF,0xFF,
    0x5F,0x00,0x18,0xFF,0xFF,0x74,0x00,0x00,0x00,0x00,0x0F,0xEC,0xFF,0xE5,0x0B,0x18,0xFF,0xFF,0x74,0x00,
    0x00,0x00,0x00,0x00,0x74,0xFF,0xFF,0x83,0x00,0x00,0x40,0xA6,0xD5,0xF4,0xFA,0xE9,0xBF,0x35,0x00,0x00,
    0x92,0xFF,0xFF,0xFF,0xFF,0xFF,0xFF,0xFF,0x64,0x00,0x5D,0xFF,0xFF,0xDA,0x5F,0x2D,0x2E,0x4D,0x9D,0x5B,
    0x00,0xB7,0xFF,0xF8,0x17,0x00,0x00,0x00,0x00,0x00,0x00,0x00,0xC9,0xFF,0xF2,0x02,0x00,0x00,0x00,0x00,
    0x00,0x00,0x00,0x9C,0xFF,0xFF,0x7B,0x00,0x00,0x00,0x00,0x00,0x00,0x00,0x1E,0xF2,0xFF,0xFF,0xC2,0x43,
    0x00,0x00,0x00,0x00,0x00,0x00,0x38,0xE6,0xFF,0xFF,0xFF,0xBF,0x2C,0x00,0x00,0x00,0x00,0x00,0x10,0x8E,
    0xF8,0xFF,0xFF,0xF8,0x60,0x00,0x00,0x00,0x00,0x00,0x00,0x1A,0x93,0xFB,0xFF,0xFE,0x46,0x00,0x00,0x00,
    0x00,0x00,0x00,0x00,0x40,0xF7,0xFF,0xD5,0x00,0x00,0x00,0x00,0x00,0x00,0x00,0x00,0xAE,0xFF,0xFF,0x05,
    0x7F,0x0A,0x00,0x00,0x00,0x00,0x01,0xD0,0xFF,0xF5,0x00,0xD0,0xE3,0x75,0x32,0x24,0x43,0xAD,0xFF,0xFF,
    0xA5,0x00,0xD0,0xFF,0xFF,0xFF,0xFF,0xFF,0xFF,0xFF,0xD4,0x16,0x00,0x2A,0x8D,0xCB,0xF1,0xF8,0xE1,0xBF,
    0x6E,0x09,0x00,0x00,0x9C,0xFF,0xFF,0xFF,0xFF,0xFF,0xFF,0xFF,0xFF,0xFF,0xFF,0xC8,0x9C,0xFF,0xFF,0xFF,
    0xFF,0xFF,0xFF,0xFF,0xFF,0xFF,0xFF,0xC8,0x1A,0x2C,0x2C,0x2C,0x57,0xFF,0xFF,0x78,0x2C,0x2C,0x2C,0x22,
    0x00,0x00,0x00,0x00,0x34,0xFF,0xFF,0x5C,0x00,0x00,0x00,0x00,0x00,0x00,0x00,0x00,0x34,0xFF,0xFF,0x5C,
    0x00,0x00,0x00,0x00,0x00,0x00,0x00,0x00,0x34,0xFF,0xFF,0x5C,0x00,0x00,0x00,0x00,0x00,0x00,0x00,0x00,
    0x34,0xFF,0xFF,0x5C,0x00,0x00,0x00,0x00,0x00,0x00,0x00,0x00,0x34,0xFF,0xFF,0x5C,0x00,0x00,0x00,0x00,
    0x00,0x00,0x00,0x00,0x34,0xFF,0xFF,0x5C,0x00,0x00,0x00,0x00,0x00,0x00,0x00,0x00,0x34,0xFF,0xFF,0x5C,
    0x00,0x00,0x00,0x00,0x00,0x00,0x00,0x00,0x34,0xFF,0xFF,0x5C,0x00,0x00,0x00,0x00,0x00,0x00,0x00,0x00,
    0x34,0xFF,0xFF,0x5C,0x00,0x00,0x00,0x00,0x00,0x00,0x00,0x00,0x34,0xFF,0xFF,0x5C,0x00,0x00,0x00,0x00,
    0x00,0x00,0x00,0x00,0x34,0xFF,0xFF,0x5C,0x00,0x00,0x00,0x00,0x00,0x00,0x00,0x00,0x34,0xFF,0xFF,0x5C,
    0x00,0x00,0x00,0x00,0x00,0x00,0x00,0x00,0x34,0xFF,0xFF,0x5C,0x00,0x00,0x00,0x00,0x48,0xFF,0xFF,0x48,
    0x00,0x00,0x00,0x00,0x00,0x00,0xD0,0xFF,0xC0,0x48,0xFF,0xFF,0x48,0x00,0x00,0x00,0x00,0x00,0x00,0xD0,
    0xFF,0xC0,0x48,0xFF,0xFF,0x48,0x00,0x00,0x00,0x00,0x00,0x00,0xD0,0xFF,0xC0,0x48,0xFF,0xFF,0x48,0x00,
    0x00,0x00,0x00,0x00,0x00,0xD0,0xFF,0xC0,0x48,0xFF,0xFF,0x48,0x00,0x00,0x00,0x00,0x00,0x00,0xD0,0xFF,
    0xC0,0x48,0xFF,0xFF,0x48,0x00,0x00,0x00,0x00,0x00,0x00,0xD0,0xFF,0xC0,0x48,0xFF,0xFF,0x48,0x00,0x00,
    0x00,0x00,0x00,0x00,0xD0,0xFF,0xC0,0x48,0xFF,0xFF,0x48,0x00,0x00,0x00,0x00,0x00,0x00,0xD0,0xFF,0xC0,
    0x48,0xFF,0xFF,0x48,0x00,0x00,0x00,0x00,0x00,0x00,0xD0,0xFF,0xC0,0x47,0xFF,0xFF,0x4C,0x00,0x00,0x00,
    0x00,0x00,0x00,0xD3,0xFF,0xBC,0x3B,0xFF,0xFF,0x63,0x00,0x00,0x00,0x00,0x00,0x00,0xE7,0xFF,0xAD,0x1C,
    0xFF,0xFF,0x9E,0x00,0x00,0x00,0x00,0x00,0x1F,0xFF,0xFF,0x87,0x00,0xDC,0xFF,0xF7,0x28,0x00,0x00,0x00,
    0x00,0x99,0xFF,0xFF,0x42,0x00,0x6C,0xFF,0xFF,0xEA,0x75,0x43,0x4F,0xA9,0xFF,0xFF,0xCA,0x00,0x00,0x01,
    0xA6,0xFF,0xFF,0xFF,0xFF,0xFF,0xFF,0xFF,0xDD,0x22,0x00,0x00,0x00,0x01,0x57,0xB8,0xEA,0xFB,0xF0,0xC8,
    0x79,0x0E,0x00,0x00,0xAD,0xFF,0xFE,0x19,0x00,0x00,0x00,0x00,0x00,0x00,0x01,0xE4,0xFF,0xCB,0x56,0xFF,
    0xFF,0x68,0x00,0x00,0x00,0x00,0x00,0x00,0x38,0xFF,0xFF,0x72,0x0A,0xF4,0xFF,0xB8,0x00,0x00,0x00,0x00,
    0x00,0x00,0x8A,0xFF,0xFE,0x1C,0x00,0xA8,0xFF,0xF9,0x0E,0x00,0x00,0x00,0x00,0x00,0xDB,0xFF,0xC1,0x00,
    0x00,0x51,0xFF,0xFF,0x58,0x00,0x00,0x00,0x00,0x2F,0xFF,0xFF,0x69,0x00,0x00,0x08,0xF1,0xFF,0xA8,0x00,
    0x00,0x00,0x00,0x81,0xFF,0xFB,0x15,0x00,0x00,0x00,0xA3,0xFF,0xF1,0x06,0x00,0x00,0x00,0xD3,0xFF,0xB8,
    0x00,0x00,0x00,0x00,0x4C,0xFF,0xFF,0x48,0x00,0x00,0x25,0xFF,0xFF,0x5F,0x00,0x00,0x00,0x00,0x06,0xEF,
    0xFF,0x98,0x00,0x00,0x78,0xFF,0xF8,0x0F,0x00,0x00,0x00,0x00,0x00,0x9E,0xFF,0xE6,0x01,0x00,0xCA,0xFF,
    0xAE,0x00,0x00,0x00,0x00,0x00,0x00,0x47,0xFF,0xFF,0x38,0x1C,0xFE,0xFF,0x56,0x00,0x00,0x00,0x00,0x00,
    0x00,0x04,0xEB,0xFF,0x88,0x6E,0xFF,0xF3,0x0A,0x00,0x00,0x00,0x00,0x00,0x00,0x00,0x99,0xFF,0xCE,0xB6,
    0xFF,0xA5,0x00,0x00,0x00,0x00,0x00,0x00,0x00,0x00,0x42,0xFF,0xFB,0xF1,0xFF,0x4C,0x00,0x00,0x00,0x00,
    0x00,0x00,0x00,0x00,0x02,0xE8,0xFF,0xFF,0xEE,0x06,0x00,0x00,0x00,0x00,0x00,0x00,0x00,0x00,0x00,0x94,
    0xFF,0xFF,0x9C,0x00,0x00,0x00,0x00,0x00,0xA2,0xFF,0xFF,0x26,0x00,0x00,0x00,0x00,0x00,0x93,0xFF,0xFF,
    0x4F,0x00,0x00,0x00,0x00,0x00,0xBE,0xFF,0xE2,0x5D,0xFF,0xFF,0x63,0x00,0x00,0x00,0x00,0x00,0xD8,0xFF,
    0xFF,0x8F,0x00,0x00,0x00,0x00,0x04,0xF4,0xFF,0x9E,0x18,0xFF,0xFF,0xA0,0x00,0x00,0x00,0x00,0x1D,0xFF,
    0xFF,0xFF,0xCE,0x00,0x00,0x00,0x00,0x35,0xFF,0xFF,0x5A,0x00,0xD3,0xFF,0xDD,0x00,0x00,0x00,0x00,0x62,
    0xFF,0xE0,0xFF,0xFD,0x10,0x00,0x00,0x00,0x70,0xFF,0xFF,0x18,0x00,0x8E,0xFF,0xFF,0x1A,0x00,0x00,0x00,
    0xA7,0xFF,0x8F,0xFF,0xFF,0x4E,0x00,0x00,0x00,0xAC,0xFF,0xD3,0x00,0x00,0x49,0xFF,0xFF,0x58,0x00,0x00,
    0x01,0xEA,0xFF,0x40,0xDA,0xFF,0x8D,0x00,0x00,0x00,0xE7,0xFF,0x90,0x00,0x00,0x0A,0xF9,0xFF,0x95,0x00,
    0x00,0x31,0xFF,0xF6,0x07,0x97,0xFF,0xCD,0x00,0x00,0x23,0xFF,0xFF,0x4C,0x00,0x00,0x00,0xBF,0xFF,0xD2,
    0x00,0x00,0x76,0xFF,0xBA,0x00,0x53,0xFF,0xFD,0x0F,0x00,0x5E,0xFF,0xFB,0x0D,0x00,0x00,0x00,0x7A,0xFF,
    0xFE,0x11,0x00,0xBB,0xFF,0x76,0x00,0x12,0xFD,0xFF,0x4C,0x00,0x9A,0xFF,0xC5,0x00,0x00,0x00,0x00,0x35,
    0xFF,0xFF,0x4C,0x08,0xF7,0xFF,0x33,0x00,0x00,0xCD,0xFF,0x8C,0x00,0xD5,0xFF,0x82,0x00,0x00,0x00,0x00,
    0x02,0xED,0xFF,0x89,0x45,0xFF,0xEE,0x02,0x00,0x00,0x8A,0xFF,0xCC,0x12,0xFE,0xFF,0x3E,0x00,0x00,0x00,
    0x00,0x00,0xAB,0xFF,0xC6,0x89,0xFF,0xAD,0x00,0x00,0x00,0x47,0xFF,0xFC,0x5A,0xFF,0xF5,0x06,0x00,0x00,
    0x00,0x00,0x00,0x66,0xFF,0xF0,0xC7,0xFF,0x6A,0x00,0x00,0x00,0x0A,0xF9,0xFF,0xBC,0xFF,0xB7,0x00,0x00,
    0x00,0x00,0x00,0x00,0x21,0xFF,0xFF,0xFA,0xFF,0x27,0x00,0x00,0x00,0x00,0xC0,0xFF,0xFB,0xFF,0x74,0x00,
    0x00,0x00,0x00,0x00,0x00,0x00,0xDC,0xFF,0xFF,0xE4,0x00,0x00,0x00,0x00,0x00,0x7D,0xFF,0xFF,0xFF,0x30,
    0x00,0x00,0x00,0x00,0x00,0x00,0x00,0x97,0xFF,0xFF,0xA1,0x00,0x00,0x00,0x00,0x00,0x3A,0xFF,0xFF,0xEB,
    0x01,0x00,0x00,0x00,0x24,0xF9,0xFF,0xEC,0x0D,0x00,0x00,0x00,0x00,0x01,0xCF,0xFF,0xF0,0x16,0x00,0x88,
    0xFF,0xFF,0x7E,0x00,0x00,0x00,0x00,0x5C,0xFF,0xFF,0x6D,0x00,0x00,0x0C,0xE6,0xFF,0xF0,0x11,0x00,0x00,
    0x06,0xDE,0xFF,0xD1,0x03,0x00,0x00,0x00,0x5D,0xFF,0xFF,0x86,0x00,0x00,0x70,0xFF,0xFF,0x3C,0x00,0x00,
    0x00,0x00,0x01,0xC7,0xFF,0xF4,0x15,0x0E,0xEB,0xFF,0xA2,0x00,0x00,0x00,0x00,0x00,0x00,0x34,0xFE,0xFF,
    0x8B,0x82,0xFF,0xF1,0x18,0x00,0x00,0x00,0x00,0x00,0x00,0x00,0x9D,0xFF,0xF1,0xF1,0xFF,0x6F,0x00,0x00,
    0x00,0x00,0x00,0x00,0x00,0x00,0x17,0xF1,0xFF,0xFF,0xD3,0x04,0x00,0x00,0x00,0x00,0x00,0x00,0x00,0x00,
    0x24,0xF7,0xFF,0xFF,0xE0,0x09,0x00,0x00,0x00,0x00,0x00,0x00,0x00,0x00,0xBC,0xFF,0xD6,0xF9,0xFF,0x84,
    0x00,0x00,0x00,0x00,0x00,0x00,0x00,0x5D,0xFF,0xFF,0x54,0x9A,0xFF,0xF8,0x25,0x00,0x00,0x00,0x00,0x00,
    0x12,0xEA,0xFF,0xC5,0x00,0x1A,0xF6,0xFF,0xB7,0x00,0x00,0x00,0x00,0x00,0x9E,0xFF,0xFF,0x38,0x00,0x00,
    0x87,0xFF,0xFF,0x51,0x00,0x00,0x00,0x3F,0xFF,0xFF,0xA8,0x00,0x00,0x00,0x0F,0xED,0xFF,0xE0,0x0A,0x00,
    0x07,0xD8,0xFF,0xF8,0x21,0x00,0x00,0x00,0x00,0x73,0xFF,0xFF,0x85,0x00,0x80,0xFF,0xFF,0x8B,0x00,0x00,
    0x00,0x00,0x00,0x07,0xE1,0xFF,0xF9,0x25,0xA6,0xFF,0xFF,0x3A,0x00,0x00,0x00,0x00,0x00,0x4E,0xFF,0xFF,
    0x62,0x2A,0xFE,0xFF,0xA9,0x00,0x00,0x00,0x00,0x00,0xC0,0xFF,0xDC,0x04,0x00,0xAB,0xFF,0xFB,0x1B,0x00,
    0x00,0x00,0x32,0xFF,0xFF,0x5F,0x00,0x00,0x2E,0xFE,0xFF,0x85,0x00,0x00,0x00,0xA5,0xFF,0xDA,0x03,0x00,
    0x00,0x00,0xB0,0xFF,0xEB,0x08,0x00,0x1C,0xFB,0xFF,0x5C,0x00,0x00,0x00,0x00,0x32,0xFF,0xFF,0x61,0x00,
    0x8B,0xFF,0xD8,0x02,0x00,0x00,0x00,0x00,0x00,0xB5,0xFF,0xCF,0x0D,0xF0,0xFF,0x59,0x00,0x00,0x00,0x00,
    0x00,0x00,0x38,0xFF,0xFF,0x9C,0xFF,0xD5,0x02,0x00,0x00,0x00,0x00,0x00,0x00,0x00,0xBA,0xFF,0xFF,0xFF,
    0x56,0x00,0x00,0x00,0x00,0x00,0x00,0x00,0x00,0x3D,0xFF,0xFF,0xD3,0x01,0x00,0x00,0x00,0x00,0x00,0x00,
    0x00,0x00,0x00,0xF8,0xFF,0x94,0x00,0x00,0x00,0x00,0x00,0x00,0x00,0x00,0x00,0x00,0xF8,0xFF,0x94,0x00,
    0x00,0x00,0x00,0x00,0x00,0x00,0x00,0x00,0x00,0xF8,0xFF,0x94,0x00,0x00,0x00,0x00,0x00,0x00,0x00,0x00,
    0x00,0x00,0xF8,0xFF,0x94,0x00,0x00,0x00,0x00,0x00,0x00,0x00,0x00,0x00,0x00,0xF8,0xFF,0x94,0x00,0x00,
    0x00,0x00,0x00,0x00,0x00,0x00,0x00,0x00,0xF8,0xFF,0x94,0x00,0x00,0x00,0x00,0x00,0x00,0xF4,0xFF,0xFF,
    0xFF,0xFF,0xFF,0xFF,0xFF,0xFF,0xFF,0xFF,0x68,0x00,0xF4,0xFF,0xFF,0xFF,0xFF,0xFF,0xFF,0xFF,0xFF,0xFF,
    0xFA,0x2C,0x00,0x29,0x2C,0x2C,0x2C,0x2C,0x2C,0x2C,0x84,0xFF,0xFF,0x7E,0x00,0x00,0x00,0x00,0x00,0x00,
    0x00,0x00,0x19,0xEE,0xFF,0xCF,0x05,0x00,0x00,0x00,0x00,0x00,0x00,0x00,0x00,0xB2,0xFF,0xFA,0x2F,0x00,
    0x00,0x00,0x00,0x00,0x00,0x00,0x00,0x5E,0xFF,0xFF,0x80,0x00,0x00,0x00,0x00,0x00,0x00,0x00,0x00,0x1A,
    0xEF,0xFF,0xD1,0x05,0x00,0x00,0x00,0x00,0x00,0x00,0x00,0x00,0xB4,0xFF,0xFB,0x32,0x00,0x00,0x00,0x00,
    0x00,0x00,0x00,0x00,0x60,0xFF,0xFF,0x83,0x00,0x00,0x00,0x00,0x00,0x00,0x00,0x00,0x1B,0xEF,0xFF,0xD3,
    0x06,0x00,0x00,0x00,0x00,0x00,0x00,0x00,0x00,0xB6,0xFF,0xFB,0x33,0x00,0x00,0x00,0x00,0x00,0x00,0x00,
    0x00,0x62,0xFF,0xFF,0x85,0x00,0x00,0x00,0x00,0x00,0x00,0x00,0x00,0x1C,0xF0,0xFF,0xD5,0x07,0x00,0x00,
    0x00,0x00,0x00,0x00,0x00,0x00,0xB7,0xFF,0xFF,0x5D,0x28,0x28,0x28,0x28,0x28,0x28,0x28,0x0B,0x61,0xFF,
    0xFF,0xFF,0xFF,0xFF,0xFF,0xFF,0xFF,0xFF,0xFF,0xFF,0x4C,0x9C,0xFF,0xFF,0xFF,0xFF,0xFF,0xFF,0xFF,0xFF,
    0xFF,0xFF,0xFF,0x4C,0xC4,0xFF,0xFF,0xFF,0xAC,0xC4,0xFF,0xC8,0xAC,0x73,0xC4,0xFF,0x58,0x00,0x00,0xC4,
    0xFF,0x58,0x00,0x00,0xC4,0xFF,0x58,0x00,0x00,0xC4,0xFF,0x58,0x00,0x00,0xC4,0xFF,0x58,0x00,0x00,0xC4,
    0xFF,0x58,0x00,0x00,0xC4,0xFF,0x58,0x00,0x00,0xC4,0xFF,0x58,0x00,0x00,0xC4,0xFF,0x58,0x00,0x00,0xC4,
    0xFF,0x58,0x00,0x00,0xC4,0xFF,0x58,0x00,0x00,0xC4,0xFF,0x58,0x00,0x00,0xC4,0xFF,0x58,0x00,0x00,0xC4,
    0xFF,0x58,0x00,0x00,0xC4,0xFF,0x58,0x00,0x00,0xC4,0xFF,0x58,0x00,0x00,0xC4,0xFF,0xC8,0xAC,0x73,0xC4,
    0xFF,0xFF,0xFF,0xAC,0x06,0xEC,0xFF,0x4C,0x00,0x00,0x00,0x00,0x00,0x00,0x00,0x00,0x92,0xFF,0xAD,0x00,
    0x00,0x00,0x00,0x00,0x00,0x00,0x00,0x30,0xFF,0xFA,0x14,0x00,0x00,0x00,0x00,0x00,0x00,0x00,0x00,0xCE,
    0xFF,0x70,0x00,0x00,0x00,0x00,0x00,0x00,0x00,0x00,0x6D,0xFF,0xD1,0x00,0x00,0x00,0x00,0x00,0x00,0x00,
    0x00,0x12,0xF8,0xFF,0x32,0x00,0x00,0x00,0x00,0x00,0x00,0x00,0x00,0xA9,0xFF,0x93,0x00,0x00,0x00,0x00,
    0x00,0x00,0x00,0x00,0x48,0xFF,0xED,0x07,0x00,0x00,0x00,0x00,0x00,0x00,0x00,0x02,0xE3,0xFF,0x56,0x00,
    0x00,0x00,0x00,0x00,0x00,0x00,0x00,0x84,0xFF,0xB7,0x00,0x00,0x00,0x00,0x00,0x00,0x00,0x00,0x23,0xFE,
    0xFD,0x1B,0x00,0x00,0x00,0x00,0x00,0x00,0x00,0x00,0xC1,0xFF,0x7A,0x00,0x00,0x00,0x00,0x00,0x00,0x00,
    0x00,0x5F,0xFF,0xDA,0x00,0x00,0x00,0x00,0x00,0x00,0x00,0x00,0x0B,0xF2,0xFF,0x3C,0x00,0x00,0x00,0x00,
    0x00,0x00,0x00,0x00,0x9C,0xFF,0x9D,0x00,0x00,0x00,0x00,0x00,0x00,0x00,0x00,0x3A,0xFF,0xF3,0x0B,0x00,
    0x00,0x00,0x00,0x00,0x00,0x00,0x00,0xD8,0xFF,0x60,0x00,0x00,0x00,0x00,0x00,0x00,0x00,0x00,0x77,0xFF,
    0xC1,0x00,0x00,0x00,0x00,0x00,0x00,0x00,0x00,0x19,0xFC,0xFF,0x24,0x58,0xFF,0xFF,0xFF,0xFF,0x18,0x3B,
    0xAC,0xAE,0xFF,0xFF,0x18,0x00,0x00,0x08,0xFF,0xFF,0x18,0x00,0x00,0x08,0xFF,0xFF,0x18,0x00,0x00,0x08,
    0xFF,0xFF,0x18,0x00,0x00,0x08,0xFF,0xFF,0x18,0x00,0x00,0x08,0xFF,0xFF,0x18,0x00,0x00,0x08,0xFF,0xFF,
    0x18,0x00,0x00,0x08,0xFF,0xFF,0x18,0x00,0x00,0x08,0xFF,0xFF,0x18,0x00,0x00,0x08,0xFF,0xFF,0x18,0x00,
    0x00,0x08,0xFF,0xFF,0x18,0x00,0x00,0x08,0xFF,0xFF,0x18,0x00,0x00,0x08,0xFF,0xFF,0x18,0x00,0x00,0x08,
    0xFF,0xFF,0x18,0x00,0x00,0x08,0xFF,0xFF,0x18,0x00,0x00,0x08,0xFF,0xFF,0x18,0x00,0x00,0x08,0xFF,0xFF,
    0x18,0x3B,0xAC,0xAE,0xFF,0xFF,0x18,0x58,0xFF,0xFF,0xFF,0xFF,0x18,0x00,0x00,0x00,0x00,0x59,0xFF,0x59,
    0x00,0x00,0x00,0x00,0x00,0x00,0x00,0x02,0xD7,0xFF,0xDE,0x06,0x00,0x00,0x00,0x00,0x00,0x00,0x5D,0xFF,
    0xDC,0xFF,0x70,0x00,0x00,0x00,0x00,0x00,0x03,0xDA,0xF4,0x1D,0xE6,0xEC,0x0F,0x00,0x00,0x00,0x00,0x60,
    0xFF,0x8C,0x00,0x6A,0xFF,0x87,0x00,0x00,0x00,0x04,0xDD,0xF7,0x18,0x00,0x06,0xDF,0xF6,0x1C,0x00,0x00,
    0x64,0xFF,0x95,0x00,0x00,0x00,0x60,0xFF,0x9E,0x00,0x05,0xDF,0xFA,0x1E,0x00,0x00,0x00,0x03,0xD8,0xFD,
    0x2D,0x67,0xFF,0x9D,0x00,0x00,0x00,0x00,0x00,0x56,0xFF,0xB6,0x48,0x48,0x48,0x48,0x48,0x48,0x48,0x48,
    0x48,0x09,0xFF,0xFF,0xFF,0xFF,0xFF,0xFF,0xFF,0xFF,0xFF,0x20,0xAA,0xFF,0x93,0x00,0x00,0x12,0xE4,0xFC,
    0x2E,0x00,0x00,0x44,0xFE,0xC2,0x00,0x00,0x00,0x8E,0xFF,0x5B,0x00,0x00,0x46,0xA7,0xE0,0xF9,0xF4,0xC8,
    0x5A,0x00,0x00,0x00,0x1F,0xFF,0xFF,0xF3,0xE4,0xFC,0xFF,0xFF,0x62,0x00,0x00,0x20,0xC3,0x3F,0x02,0x00,
    0x19,0xD3,0xFF,0xD9,0x00,0x00,0x05,0x02,0x00,0x00,0x00,0x00,0x6B,0xFF,0xFF,0x06,0x00,0x00,0x0C,0x54,
    0x91,0xB5,0xD8,0xF8,0xFF,0xFF,0x0F,0x00,0x38,0xE4,0xFF,0xFF,0xEC,0xCA,0xCA,0xFF,0xFF,0x10,0x00,0xDD,
    0xFF,0xAF,0x1F,0x00,0x00,0x5D,0xFF,0xFF,0x10,0x1D,0xFF,0xFF,0x3C,0x00,0x00,0x00,0x93,0xFF,0xFF,0x10,
    0x15,0xFF,0xFF,0x92,0x04,0x02,0x5D,0xFB,0xFF,0xFF,0x10,0x00,0xB8,0xFF,0xFF,0xF5,0xF6,0xFD,0x9D,0xFF,
    0xFF,0x10,0x00,0x12,0x98,0xE4,0xF7,0xC8,0x46,0x58,0xFF,0xFF,0x10,0x60,0xFF,0xFF,0x1C,0x00,0x00,0x00,
    0x00,0x00,0x00,0x00,0x00,0x60,0xFF,0xFF,0x1C,0x00,0x00,0x00,0x00,0x00,0x00,0x00,0x00,0x60,0xFF,0xFF,
    0x1C,0x00,0x00,0x00,0x00,0x00,0x00,0x00,0x00,0x60,0xFF,0xFF,0x1C,0x00,0x00,0x00,0x00,0x00,0x00,0x00,
    0x00,0x60,0xFF,0xFF,0x1C,0x00,0x00,0x00,0x00,0x00,0x00,0x00,0x00,0x60,0xFF,0xFF,0x1C,0x00,0x00,0x00,
    0x00,0x00,0x00,0x00,0x00,0x60,0xFF,0xFF,0x1C,0x44,0xC1,0xF3,0xF1,0xB5,0x31,0x00,0x00,0x60,0xFF,0xFF,
    0x70,0xFD,0xFF,0xFF,0xFF,0xFF,0xF4,0x34,0x00,0x60,0xFF,0xFF,0xF5,0x75,0x16,0x12,0x72,0xFC,0xFF,0xC9,
    0x00,0x60,0xFF,0xFF,0x85,0x00,0x00,0x00,0x00,0x99,0xFF,0xFF,0x20,0x60,0xFF,0xFF,0x2F,0x00,0x00,0x00,
    0x00,0x51,0xFF,0xFF,0x47,0x60,0xFF,0xFF,0x18,0x00,0x00,0x00,0x00,0x43,0xFF,0xFF,0x4D,0x60,0xFF,0xFF,
    0x22,0x00,0x00,0x00,0x00,0x63,0xFF,0xFF,0x36,0x60,0xFF,0xFF,0x67,0x00,0x00,0x00,0x00,0xC2,0xFF,0xF5,
    0x08,0x60,0xFF,0xFF,0xF1,0x59,0x0C,0x1F,0x98,0xFF,0xFF,0x94,0x00,0x60,0xFF,0xFF,0xAF,0xFF,0xFF,0xFF,
    0xFF,0xFF,0xD3,0x0F,0x00,0x60,0xFF,0xFF,0x1F,0x7B,0xE1,0xF9,0xDE,0x8B,0x0F,0x00,0x00,0x00,0x00,0x00,
    0x29,0x9B,0xDD,0xF8,0xEF,0xC4,0x42,0x00,0x00,0x5E,0xF9,0xFF,0xFF,0xFF,0xFF,0xFF,0x80,0x00,0x36,0xFB,
    0xFF,0xE5,0x57,0x14,0x0B,0x5A,0x68,0x00,0xB2,0xFF,0xF7,0x26,0x00,0x00,0x00,0x00,0x00,0x01,0xF6,0xFF,
    0xA4,0x00,0x00,0x00,0x00,0x00,0x00,0x11,0xFF,0xFF,0x7F,0x00,0x00,0x00,0x00,0x00,0x00,0x08,0xFF,0xFF,
    0x9B,0x00,0x00,0x00,0x00,0x00,0x00,0x00,0xD1,0xFF,0xED,0x17,0x00,0x00,0x00,0x00,0x00,0x00,0x60,0xFF,
    0xFF,0xD4,0x47,0x0E,0x0C,0x5D,0x68,0x00,0x00,0x96,0xFF,0xFF,0xFF,0xFF,0xFF,0xFF,0x80,0x00,0x00,0x00,
    0x4F,0xB9,0xED,0xF9,0xDF,0x9F,0x29,0x00,0x00,0x00,0x00,0x00,0x00,0x00,0x00,0x00,0xDC,0xFF,0xA0,0x00,
    0x00,0x00,0x00,0x00,0x00,0x00,0x00,0x00,0xDC,0xFF,0xA0,0x00,0x00,0x00,0x00,0x00,0x00,0x00,0x00,0x00,
    0xDC,0xFF,0xA0,0x00,0x00,0x00,0x00,0x00,0x00,0x00,0x00,0x00,0xDC,0xFF,0xA0,0x00,0x00,0x00,0x00,0x00,
    0x00,0x00,0x00,0x00,0xDC,0xFF,0xA0,0x00,0x00,0x00,0x00,0x00,0x00,0x00,0x00,0x00,0xDC,0xFF,0xA0,0x00,
    0x00,0x02,0x68,0xCE,0xF6,0xED,0xA5,0x18,0xDC,0xFF,0xA0,0x00,0x00,0xA1,0xFF,0xFF,0xFF,0xFF,0xFF,0xD6,
    0xE5,0xFF,0xA0,0x00,0x59,0xFF,0xFF,0xC0,0x2E,0x08,0x3A,0xD4,0xFF,0xFF,0xA0,0x00,0xC3,0xFF,0xEA,0x0C,
    0x00,0x00,0x00,0x24,0xFE,0xFF,0xA0,0x03,0xFA,0xFF,0x9A,0x00,0x00,0x00,0x00,0x00,0xE0,0xFF,0xA0,0x13,
    0xFF,0xFF,0x7C,0x00,0x00,0x00,0x00,0x00,0xD8,0xFF,0xA0,0x0B,0xFF,0xFF,0x91,0x00,0x00,0x00,0x00,0x00,
    0xEF,0xFF,0xA0,0x00,0xE2,0xFF,0xDE,0x05,0x00,0x00,0x00,0x42,0xFF,0xFF,0xA0,0x00,0x8A,0xFF,0xFF,0xAD,
    0x23,0x0A,0x4B,0xE5,0xFC,0xFF,0xA0,0x00,0x0F,0xD9,0xFF,0xFF,0xFF,0xFF,0xFF,0x99,0xE0,0xFF,0xA0,0x00,
    0x00,0x15,0x98,0xE7,0xF8,0xD7,0x72,0x01,0xE0,0xFF,0xA0,0x00,0x00,0x00,0x44,0xB7,0xEF,0xF9,0xD9,0x86,
    0x0C,0x00,0x00,0x00,0x7B,0xFF,0xFF,0xF1,0xE5,0xFF,0xFF,0xCC,0x09,0x00,0x48,0xFF,0xFD,0x66,0x02,0x00,
    0x34,0xF0,0xFF,0x77,0x00,0xC0,0xFF,0x9F,0x00,0x00,0x00,0x00,0x90,0xFF,0xC7,0x04,0xFB,0xFF,0xFF,0xFF,
    0xFF,0xFF,0xFF,0xFF,0xFF,0xE8,0x13,0xFF,0xFF,0xDF,0xC4,0xC4,0xC4,0xC4,0xC4,0xC4,0xB7,0x06,0xFE,0xFF,
    0x91,0x00,0x00,0x00,0x00,0x00,0x00,0x00,0x00,0xD5,0xFF,0xDE,0x09,0x00,0x00,0x00,0x00,0x00,0x00,0x00,
    0x72,0xFF,0xFF,0xB7,0x28,0x01,0x01,0x30,0xA4,0x13,0x00,0x04,0xB8,0xFF,0xFF,0xFF,0xF5,0xF5,0xFF,0xFF,
    0x14,0x00,0x00,0x04,0x6E,0xCB,0xF5,0xF5,0xDA,0xAD,0x49,0x01,0x00,0x00,0x00,0x0C,0x8F,0xE5,0xFB,0xC4,
    0x00,0x00,0x04,0xC7,0xFF,0xFF,0xFE,0xD7,0x00,0x00,0x57,0xFF,0xFF,0x7E,0x08,0x00,0x00,0x00,0x90,0xFF,
    0xF6,0x04,0x00,0x00,0x00,0x00,0x9B,0xFF,0xE1,0x00,0x00,0x00,0x00,0x00,0x9C,0xFF,0xE0,0x00,0x00,0x00,
    0x7C,0xFF,0xFF,0xFF,0xFF,0xFF,0xFF,0x70,0x76,0xF4,0xFB,0xFF,0xFE,0xF4,0xF4,0x6A,0x00,0x00,0x9C,0xFF,
    0xE4,0x00,0x00,0x00,0x00,0x00,0x9C,0xFF,0xE4,0x00,0x00,0x00,0x00,0x00,0x9C,0xFF,0xE4,0x00,0x00,0x00,
    0x00,0x00,0x9C,0xFF,0xE4,0x00,0x00,0x00,0x00,0x00,0x9C,0xFF,0xE4,0x00,0x00,0x00,0x00,0x00,0x9C,0xFF,
    0xE4,0x00,0x00,0x00,0x00,0x00,0x9C,0xFF,0xE4,0x00,0x00,0x00,0x00,0x00,0x9C,0xFF,0xE4,0x00,0x00,0x00,
    0x00,0x00,0x9C,0xFF,0xE4,0x00,0x00,0x00,0x00,0x00,0x03,0x6D,0xD0,0xF6,0xEC,0xA4,0x17,0xDC,0xFF,0xA4,
    0x00,0x00,0xA9,0xFF,0xFF,0xFF,0xFF,0xFF,0xD5,0xE5,0xFF,0xA4,0x00,0x5B,0xFF,0xFF,0xC2,0x2F,0x08,0x39,
    0xD4,0xFF,0xFF,0xA4,0x00,0xC3,0xFF,0xEC,0x0D,0x00,0x00,0x00,0x25,0xFE,0xFF,0xA4,0x03,0xF8,0xFF,0x9B,
    0x00,0x00,0x00,0x00,0x00,0xE0,0xFF,0xA4,0x12,0xFF,0xFF,0x7D,0x00,0x00,0x00,0x00,0x00,0xD8,0xFF,0xA4,
    0x0D,0xFF,0xFF,0x91,0x00,0x00,0x00,0x00,0x00,0xEF,0xFF,0xA4,0x00,0xE4,0xFF,0xDD,0x05,0x00,0x00,0x00,
    0x42,0xFF,0xFF,0xA4,0x00,0x8D,0xFF,0xFF,0xAD,0x22,0x0B,0x4C,0xE5,0xFD,0xFF,0xA4,0x00,0x0F,0xD9,0xFF,
    0xFF,0xFF,0xFF,0xFF,0xA2,0xDC,0xFF,0xA4,0x00,0x00,0x14,0x97,0xE7,0xF9,0xD8,0x75,0x02,0xEA,0xFF,0x9B,
    0x00,0x00,0x00,0x00,0x00,0x00,0x00,0x00,0x10,0xFF,0xFF,0x82,0x00,0x00,0x00,0x00,0x00,0x00,0x00,0x00,
    0x82,0xFF,0xFF,0x46,0x00,0x31,0xA5,0x42,0x09,0x05,0x26,0x8C,0xFB,0xFF,0xD4,0x02,0x00,0x34,0xFF,0xFF,
    0xFF,0xFD,0xFF,0xFF,0xFF,0xE4,0x29,0x00,0x00,0x10,0x80,0xC9,0xE8,0xFB,0xF0,0xCB,0x7E,0x12,0x00,0x00,
    0x60,0xFF,0xFF,0x20,0x00,0x00,0x00,0x00,0x00,0x00,0x00,0x60,0xFF,0xFF,0x20,0x00,0x00,0x00,0x00,0x00,
    0x00,0x00,0x60,0xFF,0xFF,0x20,0x00,0x00,0x00,0x00,0x00,0x00,0x00,0x60,0xFF,0xFF,0x20,0x00,0x00,0x00,
    0x00,0x00,0x00,0x00,0x60,0xFF,0xFF,0x20,0x00,0x00,0x00,0x00,0x00,0x00,0x00,0x60,0xFF,0xFF,0x20,0x00,
    0x00,0x00,0x00,0x00,0x00,0x00,0x60,0xFF,0xFF,0x20,0x51,0xCA,0xF6,0xEB,0x9E,0x10,0x00,0x60,0xFF,0xFF,
    0x81,0xFF,0xFF,0xFF,0xFF,0xFF,0xB9,0x00,0x60,0xFF,0xFF,0xF8,0x6A,0x0D,0x2E,0xDA,0xFF,0xFF,0x25,0x60,
    0xFF,0xFF,0x8E,0x00,0x00,0x00,0x59,0xFF,0xFF,0x54,0x60,0xFF,0xFF,0x3B,0x00,0x00,0x00,0x29,0xFF,0xFF,
    0x62,0x60,0xFF,0xFF,0x21,0x00,0x00,0x00,0x18,0xFF,0xFF,0x64,0x60,0xFF,0xFF,0x20,0x00,0x00,0x00,0x18,
    0xFF,0xFF,0x64,0x60,0xFF,0xFF,0x20,0x00,0x00,0x00,0x18,0xFF,0xFF,0x64,0x60,0xFF,0xFF,0x20,0x00,0x00,
    0x00,0x18,0xFF,0xFF,0x64,0x60,0xFF,0xFF,0x20,0x00,0x00,0x00,0x18,0xFF,0xFF,0x64,0x60,0xFF,0xFF,0x20,
    0x00,0x00,0x00,0x18,0xFF,0xFF,0x64,0x27,0xC0,0xAB,0x0C,0x8F,0xFF,0xFF,0x56,0x3D,0xE9,0xD3,0x18,0x00,
    0x00,0x00,0x00,0x00,0x00,0x00,0x00,0x60,0xFF,0xFF,0x1C,0x60,0xFF,0xFF,0x1C,0x60,0xFF,0xFF,0x1C,0x60,
    0xFF,0xFF,0x1C,0x60,0xFF,0xFF,0x1C,0x60,0xFF,0xFF,0x1C,0x60,0xFF,0xFF,0x1C,0x60,0xFF,0xFF,0x1C,0x60,
    0xFF,0xFF,0x1C,0x60,0xFF,0xFF,0x1C,0x60,0xFF,0xFF,0x1C,0x00,0x00,0x00,0x24,0xBF,0xAB,0x0C,0x00,0x00,
    0x00,0x8B,0xFF,0xFF,0x56,0x00,0x00,0x00,0x3A,0xE8,0xD4,0x18,0x00,0x00,0x00,0x00,0x00,0x00,0x00,0x00,
    0x00,0x00,0x00,0x00,0x00,0x00,0x00,0x00,0x00,0x60,0xFF,0xFF,0x1C,0x00,0x00,0x00,0x60,0xFF,0xFF,0x1C,
    0x00,0x00,0x00,0x60,0xFF,0xFF,0x1C,0x00,0x00,0x00,0x60,0xFF,0xFF,0x1C,0x00,0x00,0x00,0x60,0xFF,0xFF,
    0x1C,0x00,0x00,0x00,0x60,0xFF,0xFF,0x1C,0x00,0x00,0x00,0x60,0xFF,0xFF,0x1C,0x00,0x00,0x00,0x60,0xFF,
    0xFF,0x1C,0x00,0x00,0x00,0x60,0xFF,0xFF,0x1C,0x00,0x00,0x00,0x60,0xFF,0xFF,0x1C,0x00,0x00,0x00,0x65,
    0xFF,0xFF,0x19,0x00,0x00,0x00,0x79,0xFF,0xFF,0x0A,0x00,0x00,0x00,0xB4,0xFF,0xDF,0x00,0x00,0x07,0x5E,
    0xFC,0xFF,0x8C,0x00,0xD0,0xFF,0xFF,0xFF,0xE1,0x13,0x00,0xAD,0xF9,0xEB,0xA3,0x1C,0x00,0x00,0x60,0xFF,
    0xFF,0x20,0x00,0x00,0x00,0x00,0x00,0x00,0x00,0x60,0xFF,0xFF,0x20,0x00,0x00,0x00,0x00,0x00,0x00,0x00,
    0x60,0xFF,0xFF,0x20,0x00,0x00,0x00,0x00,0x00,0x00,0x00,0x60,0xFF,0xFF,0x20,0x00,0x00,0x00,0x00,0x00,
    0x00,0x00,0x60,0xFF,0xFF,0x20,0x00,0x00,0x00,0x00,0x00,0x00,0x00,0x60,0xFF,0xFF,0x20,0x00,0x00,0x00,
    0x00,0x00,0x00,0x00,0x60,0xFF,0xFF,0x20,0x00,0x00,0x39,0xF9,0xFF,0xC0,0x06,0x60,0xFF,0xFF,0x20,0x00,
    0x19,0xE6,0xFF,0xD9,0x11,0x00,0x60,0xFF,0xFF,0x20,0x06,0xC6,0xFF,0xEB,0x23,0x00,0x00,0x60,0xFF,0xFF,
    0x20,0x9A,0xFF,0xF8,0x3C,0x00,0x00,0x00,0x60,0xFF,0xFF,0x87,0xFF,0xFF,0x5A,0x00,0x00,0x00,0x00,0x60,
    0xFF,0xFF,0xF4,0xFF,0xDD,0x09,0x00,0x00,0x00,0x00,0x60,0xFF,0xFF,0x59,0xF9,0xFF,0xAD,0x02,0x00,0x00,
    0x00,0x60,0xFF,0xFF,0x20,0x64,0xFF,0xFF,0x8F,0x00,0x00,0x00,0x60,0xFF,0xFF,0x20,0x00,0x95,0xFF,0xFF,
    0x6E,0x00,0x00,0x60,0xFF,0xFF,0x20,0x00,0x05,0xC1,0xFF,0xFD,0x50,0x00,0x60,0xFF,0xFF,0x20,0x00,0x00,
    0x15,0xE1,0xFF,0xF5,0x36,0x60,0xFF,0xFF,0x20,0x60,0xFF,0xFF,0x20,0x60,0xFF,0xFF,0x20,0x60,0xFF,0xFF,
    0x20,0x60,0xFF,0xFF,0x20,0x60,0xFF,0xFF,0x20,0x60,0xFF,0xFF,0x20,0x60,0xFF,0xFF,0x20,0x60,0xFF,0xFF,
    0x20,0x60,0xFF,0xFF,0x20,0x60,0xFF,0xFF,0x20,0x60,0xFF,0xFF,0x20,0x60,0xFF,0xFF,0x20,0x60,0xFF,0xFF,
    0x20,0x60,0xFF,0xFF,0x20,0x60,0xFF,0xFF,0x20,0x60,0xFF,0xFF,0x20,0x60,0xFF,0xFF,0x1C,0x62,0xD3,0xF7,
    0xDA,0x64,0x00,0x04,0x7E,0xDD,0xF9,0xDC,0x70,0x00,0x00,0x60,0xFF,0xFF,0x94,0xFF,0xFF,0xFF,0xFF,0xFF,
    0x60,0xAB,0xFF,0xFF,0xFF,0xFF,0xFF,0x67,0x00,0x60,0xFF,0xFF,0xF0,0x4A,0x0A,0x52,0xF8,0xFF,0xF5,0xF5,
    0x53,0x0A,0x4C,0xF6,0xFF,0xD2,0x00,0x60,0xFF,0xFF,0x76,0x00,0x00,0x00,0xA2,0xFF,0xFF,0x7E,0x00,0x00,
    0x00,0xA4,0xFF,0xFD,0x03,0x60,0xFF,0xFF,0x32,0x00,0x00,0x00,0x74,0xFF,0xFF,0x30,0x00,0x00,0x00,0x7B,
    0xFF,0xFF,0x0E,0x60,0xFF,0xFF,0x1C,0x00,0x00,0x00,0x68,0xFF,0xFF,0x18,0x00,0x00,0x00,0x6C,0xFF,0xFF,
    0x10,0x60,0xFF,0xFF,0x1C,0x00,0x00,0x00,0x68,0xFF,0xFF,0x18,0x00,0x00,0x00,0x6C,0xFF,0xFF,0x10,0x60,
    0xFF,0xFF,0x1C,0x00,0x00,0x00,0x68,0xFF,0xFF,0x18,0x00,0x00,0x00,0x6C,0xFF,0xFF,0x10,0x60,0xFF,0xFF,
    0x1C,0x00,0x00,0x00,0x68,0xFF,0xFF,0x18,0x00,0x00,0x00,0x6C,0xFF,0xFF,0x10,0x60,0xFF,0xFF,0x1C,0x00,
    0x00,0x00,0x68,0xFF,0xFF,0x18,0x00,0x00,0x00,0x6C,0xFF,0xFF,0x10,0x60,0xFF,0xFF,0x1C,0x00,0x00,0x00,
    0x68,0xFF,0xFF,0x18,0x00,0x00,0x00,0x6C,0xFF,0xFF,0x10,0x60,0xFF,0xFF,0x20,0x51,0xCA,0xF6,0xEA,0x98,
    0x0C,0x00,0x60,0xFF,0xFF,0x81,0xFF,0xFF,0xFF,0xFF,0xFF,0xA5,0x00,0x60,0xFF,0xFF,0xF2,0x5D,0x0C,0x29,
    0xD3,0xFF,0xFD,0x21,0x60,0xFF,0xFF,0x77,0x00,0x00,0x00,0x4E,0xFF,0xFF,0x4E,0x60,0xFF,0xFF,0x30,0x00,
    0x00,0x00,0x21,0xFF,0xFF,0x69,0x60,0xFF,0xFF,0x20,0x00,0x00,0x00,0x14,0xFF,0xFF,0x6C,0x60,0xFF,0xFF,
    0x20,0x00,0x00,0x00,0x14,0xFF,0xFF,0x6C,0x60,0xFF,0xFF,0x20,0x00,0x00,0x00,0x14,0xFF,0xFF,0x6C,0x60,
    0xFF,0xFF,0x20,0x00,0x00,0x00,0x14,0xFF,0xFF,0x6C,0x60,0xFF,0xFF,0x20,0x00,0x00,0x00,0x14,0xFF,0xFF,
    0x6C,0x60,0xFF,0xFF,0x20,0x00,0x00,0x00,0x14,0xFF,0xFF,0x6C,0x00,0x00,0x00,0x39,0xA6,0xE2,0xF9,0xF1,
    0xC6,0x6B,0x04,0x00,0x00,0x00,0x00,0x7A,0xFE,0xFF,0xFF,0xFF,0xFF,0xFF,0xFF,0xBD,0x07,0x00,0x00,0x4B,
    0xFF,0xFF,0xC7,0x36,0x08,0x24,0xA4,0xFF,0xFF,0x86,0x00,0x00,0xC1,0xFF,0xEB,0x0F,0x00,0x00,0x00,0x01,
    0xCD,0xFF,0xED,0x02,0x03,0xFA,0xFF,0x9A,0x00,0x00,0x00,0x00,0x00,0x76,0xFF,0xFF,0x24,0x12,0xFF,0xFF,
    0x7D,0x00,0x00,0x00,0x00,0x00,0x5C,0xFF,0xFF,0x32,0x06,0xFE,0xFF,0x97,0x00,0x00,0x00,0x00,0x00,0x76,
    0xFF,0xFF,0x1E,0x00,0xCC,0xFF,0xE7,0x0E,0x00,0x00,0x00,0x00,0xCA,0xFF,0xE0,0x00,0x00,0x5A,0xFF,0xFF,
    0xC4,0x34,0x07,0x23,0xA0,0xFF,0xFF,0x67,0x00,0x00,0x00,0x8E,0xFF,0xFF,0xFF,0xFF,0xFF,0xFF,0xFF,0x95,
    0x00,0x00,0x00,0x00,0x00,0x49,0xB4,0xEB,0xFB,0xEB,0xB5,0x4C,0x00,0x00,0x00,0x60,0xFF,0xFF,0x1C,0x44,
    0xC1,0xF3,0xF1,0xB6,0x34,0x00,0x00,0x60,0xFF,0xFF,0x70,0xFD,0xFF,0xFF,0xFF,0xFF,0xF6,0x38,0x00,0x60,
    0xFF,0xFF,0xF5,0x75,0x16,0x12,0x72,0xFC,0xFF,0xCC,0x00,0x60,0xFF,0xFF,0x86,0x00,0x00,0x00,0x00,0x9A,
    0xFF,0xFF,0x21,0x60,0xFF,0xFF,0x30,0x00,0x00,0x00,0x00,0x51,0xFF,0xFF,0x47,0x60,0xFF,0xFF,0x18,0x00,
    0x00,0x00,0x00,0x42,0xFF,0xFF,0x4D,0x60,0xFF,0xFF,0x21,0x00,0x00,0x00,0x00,0x62,0xFF,0xFF,0x37,0x60,
    0xFF,0xFF,0x62,0x00,0x00,0x00,0x00,0xC0,0xFF,0xF5,0x08,0x60,0xFF,0xFF,0xED,0x4D,0x04,0x0B,0x83,0xFF,
    0xFF,0x94,0x00,0x60,0xFF,0xFF,0xAE,0xFF,0xFA,0xFD,0xFF,0xFF,0xD3,0x0F,0x00,0x60,0xFF,0xFF,0x1E,0x79,
    0xE0,0xF9,0xDE,0x8B,0x0F,0x00,0x00,0x60,0xFF,0xFF,0x1C,0x00,0x00,0x00,0x00,0x00,0x00,0x00,0x00,0x60,
    0xFF,0xFF,0x1C,0x00,0x00,0x00,0x00,0x00,0x00,0x00,0x00,0x60,0xFF,0xFF,0x1C,0x00,0x00,0x00,0x00,0x00,
    0x00,0x00,0x00,0x60,0xFF,0xFF,0x1C,0x00,0x00,0x00,0x00,0x00,0x00,0x00,0x00,0x60,0xFF,0xFF,0x1C,0x00,
    0x00,0x00,0x00,0x00,0x00,0x00,0x00,0x00,0x00,0x02,0x69,0xCE,0xF6,0xEE,0xA8,0x1A,0xE0,0xFF,0xA0,0x00,
    0x00,0xA5,0xFF,0xFF,0xFF,0xFF,0xFF,0xD7,0xE8,0xFF,0xA0,0x00,0x5B,0xFF,0xFF,0xBF,0x2D,0x08,0x3B,0xD6,
    0xFF,0xFF,0xA0,0x00,0xC4,0xFF,0xEB,0x0C,0x00,0x00,0x00,0x27,0xFF,0xFF,0xA0,0x03,0xFA,0xFF,0x9B,0x00,
    0x00,0x00,0x00,0x00,0xE1,0xFF,0xA0,0x13,0xFF,0xFF,0x7D,0x00,0x00,0x00,0x00,0x00,0xD8,0xFF,0xA0,0x0B,
    0xFF,0xFF,0x90,0x00,0x00,0x00,0x00,0x00,0xEE,0xFF,0xA0,0x00,0xE2,0xFF,0xDB,0x05,0x00,0x00,0x00,0x40,
    0xFF,0xFF,0xA0,0x00,0x8A,0xFF,0xFF,0xAA,0x21,0x0B,0x4B,0xE4,0xFC,0xFF,0xA0,0x00,0x0F,0xD9,0xFF,0xFF,
    0xFF,0xFF,0xFF,0x9C,0xE0,0xFF,0xA0,0x00,0x00,0x14,0x97,0xE7,0xF9,0xDA,0x77,0x02,0xE0,0xFF,0xA0,0x00,
    0x00,0x00,0x00,0x00,0x00,0x00,0x00,0x00,0xE0,0xFF,0xA0,0x00,0x00,0x00,0x00,0x00,0x00,0x00,0x00,0x00,
    0xE0,0xFF,0xA0,0x00,0x00,0x00,0x00,0x00,0x00,0x00,0x00,0x00,0xE0,0xFF,0xA0,0x00,0x00,0x00,0x00,0x00,
    0x00,0x00,0x00,0x00,0xE0,0xFF,0xA0,0x00,0x00,0x00,0x00,0x00,0x00,0x00,0x00,0x00,0xE0,0xFF,0xA0,0x60,
    0xFF,0xFF,0x1D,0x83,0xEB,0xF1,0x60,0xFF,0xFF,0x92,0xFF,0xFF,0xFF,0x60,0xFF,0xFF,0xF6,0x72,0x0F,0x00,
    0x60,0xFF,0xFF,0x9B,0x00,0x00,0x00,0x60,0xFF,0xFF,0x42,0x00,0x00,0x00,0x60,0xFF,0xFF,0x23,0x00,0x00,
    0x00,0x60,0xFF,0xFF,0x1C,0x00,0x00,0x00,0x60,0xFF,0xFF,0x1C,0x00,0x00,0x00,0x60,0xFF,0xFF,0x1C,0x00,
    0x00,0x00,0x60,0xFF,0xFF,0x1C,0x00,0x00,0x00,0x60,0xFF,0xFF,0x1C,0x00,0x00,0x00,0x00,0x00,0x40,0xAD,
    0xE2,0xF9,0xE7,0xB1,0x17,0x00,0x63,0xFE,0xFF,0xF7,0xE1,0xFC,0xFF,0x2C,0x01,0xF0,0xFF,0xAF,0x09,0x00,
    0x08,0x71,0x22,0x02,0xF8,0xFF,0x9B,0x00,0x00,0x00,0x00,0x00,0x00,0xA9,0xFF,0xFF,0xC3,0x65,0x0B,0x00,
    0x00,0x00,0x0B,0x97,0xFA,0xFF,0xFF,0xEF,0x66,0x00,0x00,0x00,0x00,0x1A,0x77,0xE1,0xFF,0xFF,0x58,0x00,
    0x00,0x00,0x00,0x00,0x0D,0xE1,0xFF,0xAD,0x0D,0x8D,0x1B,0x00,0x00,0x1B,0xE4,0xFF,0xA3,0x10,0xFF,0xFF,
    0xEC,0xE0,0xFD,0xFF,0xE9,0x2A,0x06,0x94,0xD8,0xF3,0xF4,0xD8,0x8F,0x20,0x00,0x00,0x00,0x4E,0xA8,0xB6,
    0x00,0x00,0x00,0x00,0x00,0xB4,0xFF,0xCC,0x00,0x00,0x00,0x00,0x00,0xB4,0xFF,0xCC,0x00,0x00,0x00,0x88,
    0xFF,0xFF,0xFF,0xFF,0xFF,0xFF,0x6C,0x81,0xF4,0xFC,0xFF,0xFD,0xF4,0xF4,0x66,0x00,0x00,0xB4,0xFF,0xCC,
    0x00,0x00,0x00,0x00,0x00,0xB4,0xFF,0xCC,0x00,0x00,0x00,0x00,0x00,0xB4,0xFF,0xCC,0x00,0x00,0x00,0x00,
    0x00,0xB4,0xFF,0xCC,0x00,0x00,0x00,0x00,0x00,0xB4,0xFF,0xCC,0x00,0x00,0x00,0x00,0x00,0xB4,0xFF,0xD3,
    0x00,0x00,0x00,0x00,0x00,0xA1,0xFF,0xFA,0x35,0x00,0x00,0x00,0x00,0x5D,0xFF,0xFF,0xFF,0xFD,0x6B,0x00,
    0x00,0x00,0x79,0xDE,0xF9,0xE8,0x50,0x98,0xFF,0xE8,0x00,0x00,0x00,0x00,0x48,0xFF,0xFF,0x38,0x98,0xFF,
    0xE8,0x00,0x00,0x00,0x00,0x48,0xFF,0xFF,0x38,0x98,0xFF,0xE8,0x00,0x00,0x00,0x00,0x48,0xFF,0xFF,0x38,
    0x98,0xFF,0xE8,0x00,0x00,0x00,0x00,0x48,0xFF,0xFF,0x38,0x98,0xFF,0xE8,0x00,0x00,0x00,0x00,0x48,0xFF,
    0xFF,0x38,0x98,0xFF,0xE8,0x00,0x00,0x00,0x00,0x48,0xFF,0xFF,0x38,0x95,0xFF,0xF2,0x00,0x00,0x00,0x00,
    0x57,0xFF,0xFF,0x38,0x84,0xFF,0xFF,0x1F,0x00,0x00,0x00,0x99,0xFF,0xFF,0x38,0x4E,0xFF,0xFF,0xB8,0x1D,
    0x0D,0x6B,0xFC,0xFF,0xFF,0x38,0x05,0xD3,0xFF,0xFF,0xFF,0xFF,0xFE,0x99,0xFF,0xFF,0x38,0x00,0x19,0xA5,
    0xED,0xF7,0xCD,0x50,0x48,0xFF,0xFF,0x38,0xB9,0xFF,0xEE,0x05,0x00,0x00,0x00,0x00,0xB3,0xFF,0xE3,0x02,
    0x5B,0xFF,0xFF,0x45,0x00,0x00,0x00,0x0E,0xF8,0xFF,0x83,0x00,0x0A,0xF2,0xFF,0x96,0x00,0x00,0x00,0x5C,
    0xFF,0xFE,0x22,0x00,0x00,0x9F,0xFF,0xE6,0x01,0x00,0x00,0xB1,0xFF,0xBD,0x00,0x00,0x00,0x41,0xFF,0xFF,
    0x38,0x00,0x0D,0xF8,0xFF,0x5A,0x00,0x00,0x00,0x01,0xE0,0xFF,0x8A,0x00,0x5B,0xFF,0xEF,0x08,0x00,0x00,
    0x00,0x00,0x84,0xFF,0xDB,0x00,0xAF,0xFF,0x94,0x00,0x00,0x00,0x00,0x00,0x26,0xFF,0xFF,0x37,0xF7,0xFF,
    0x31,0x00,0x00,0x00,0x00,0x00,0x00,0xC8,0xFF,0xAC,0xFF,0xCE,0x00,0x00,0x00,0x00,0x00,0x00,0x00,0x6A,
    0xFF,0xFC,0xFF,0x6B,0x00,0x00,0x00,0x00,0x00,0x00,0x00,0x12,0xF9,0xFF,0xF7,0x11,0x00,0x00,0x00,0x00,
    0xA3,0xFF,0xEA,0x01,0x00,0x00,0x00,0xC0,0xFF,0xDB,0x00,0x00,0x00,0x14,0xFE,0xFF,0x45,0x57,0xFF,0xFF,
    0x2C,0x00,0x00,0x0D,0xFA,0xFF,0xFF,0x1B,0x00,0x00,0x52,0xFF,0xF3,0x06,0x10,0xFB,0xFF,0x6D,0x00,0x00,
    0x50,0xFF,0xF3,0xFF,0x5B,0x00,0x00,0x91,0xFF,0xAE,0x00,0x00,0xC1,0xFF,0xAD,0x00,0x00,0x98,0xFF,0x9C,
    0xFF,0x9B,0x00,0x00,0xD0,0xFF,0x63,0x00,0x00,0x75,0xFF,0xEC,0x01,0x00,0xDF,0xE5,0x2F,0xFF,0xDB,0x00,
    0x11,0xFD,0xFE,0x18,0x00,0x00,0x2A,0xFF,0xFF,0x2F,0x28,0xFF,0x9C,0x01,0xE9,0xFF,0x1B,0x4E,0xFF,0xCB,
    0x00,0x00,0x00,0x00,0xDF,0xFF,0x6F,0x6F,0xFF,0x52,0x00,0xA5,0xFF,0x5B,0x8D,0xFF,0x80,0x00,0x00,0x00,
    0x00,0x94,0xFF,0xB0,0xB6,0xFA,0x0D,0x00,0x61,0xFF,0x9A,0xCB,0xFF,0x34,0x00,0x00,0x00,0x00,0x48,0xFF,
    0xE1,0xEE,0xBD,0x00,0x00,0x1C,0xFF,0xD2,0xFA,0xE7,0x01,0x00,0x00,0x00,0x00,0x08,0xF5,0xFF,0xFF,0x73,
    0x00,0x00,0x00,0xD7,0xFF,0xFF,0x9D,0x00,0x00,0x00,0x00,0x00,0x00,0xB2,0xFF,0xFF,0x29,0x00,0x00,0x00,
    0x92,0xFF,0xFF,0x51,0x00,0x00,0x00,0x4F,0xFF,0xFF,0x8B,0x00,0x00,0x00,0x35,0xFE,0xFF,0x7B,0x00,0xAE,
    0xFF,0xF7,0x1B,0x00,0x00,0xC2,0xFF,0xCE,0x04,0x00,0x1A,0xF1,0xFF,0x99,0x00,0x52,0xFF,0xFB,0x30,0x00,
    0x00,0x00,0x6A,0xFF,0xFB,0x2B,0xDB,0xFF,0x82,0x00,0x00,0x00,0x00,0x01,0xC5,0xFF,0xE7,0xFF,0xD4,0x06,
    0x00,0x00,0x00,0x00,0x00,0x3F,0xFF,0xFF,0xFF,0x52,0x00,0x00,0x00,0x00,0x00,0x00,0xB1,0xFF,0xF7,0xFF,
    0xC4,0x02,0x00,0x00,0x00,0x00,0x63,0xFF,0xF6,0x3E,0xF8,0xFF,0x72,0x00,0x00,0x00,0x21,0xF2,0xFF,0x81,
    0x00,0x88,0xFF,0xF6,0x26,0x00,0x02,0xC3,0xFF,0xE3,0x0A,0x00,0x0E,0xE8,0xFF,0xC4,0x02,0x77,0xFF,0xFF,
    0x59,0x00,0x00,0x00,0x65,0xFF,0xFF,0x72,0xBE,0xFF,0xF4,0x09,0x00,0x00,0x00,0x00,0x88,0xFF,0xEE,0x07,
    0x58,0xFF,0xFF,0x51,0x00,0x00,0x00,0x00,0xDE,0xFF,0x92,0x00,0x06,0xEB,0xFF,0xA5,0x00,0x00,0x00,0x38,
    0xFF,0xFF,0x2E,0x00,0x00,0x8C,0xFF,0xF1,0x07,0x00,0x00,0x90,0xFF,0xCB,0x00,0x00,0x00,0x26,0xFF,0xFF,
    0x4D,0x00,0x02,0xE5,0xFF,0x67,0x00,0x00,0x00,0x00,0xC0,0xFF,0xA1,0x00,0x3F,0xFF,0xF5,0x0E,0x00,0x00,
    0x00,0x00,0x5B,0xFF,0xEF,0x05,0x97,0xFF,0xA0,0x00,0x00,0x00,0x00,0x00,0x07,0xEC,0xFF,0x4D,0xEA,0xFF,
    0x3D,0x00,0x00,0x00,0x00,0x00,0x00,0x8F,0xFF,0xCD,0xFF,0xD9,0x00,0x00,0x00,0x00,0x00,0x00,0x00,0x29,
    0xFF,0xFF,0xFF,0x76,0x00,0x00,0x00,0x00,0x00,0x00,0x00,0x00,0xC3,0xFF,0xFB,0x17,0x00,0x00,0x00,0x00,
    0x00,0x00,0x00,0x00,0xC9,0xFF,0xAF,0x00,0x00,0x00,0x00,0x00,0x00,0x00,0x00,0x3D,0xFF,0xFF,0x4A,0x00,
    0x00,0x00,0x00,0x00,0x00,0x05,0x37,0xDC,0xFF,0xC0,0x00,0x00,0x00,0x00,0x00,0x00,0x78,0xFF,0xFF,0xFF,
    0xE3,0x21,0x00,0x00,0x00,0x00,0x00,0x00,0x6B,0xF7,0xE7,0x9F,0x1C,0x00,0x00,0x00,0x00,0x00,0x00,0x00,
    0x1C,0xFF,0xFF,0xFF,0xFF,0xFF,0xFF,0xFF,0xFF,0xC0,0x1A,0xF0,0xF0,0xF0,0xF0,0xF0,0xFA,0xFF,0xFF,0x66,
    0x00,0x00,0x00,0x00,0x00,0x1D,0xED,0xFF,0xA9,0x00,0x00,0x00,0x00,0x00,0x04,0xC5,0xFF,0xDC,0x0E,0x00,
    0x00,0x00,0x00,0x00,0x89,0xFF,0xF9,0x33,0x00,0x00,0x00,0x00,0x00,0x4A,0xFE,0xFF,0x6F,0x00,0x00,0x00,
    0x00,0x00,0x1C,0xEB,0xFF,0xB1,0x00,0x00,0x00,0x00,0x00,0x03,0xC2,0xFF,0xE2,0x12,0x00,0x00,0x00,0x00,
    0x00,0x86,0xFF,0xFB,0x3A,0x00,0x00,0x00,0x00,0x00,0x46,0xFE,0xFF,0xFD,0xF0,0xF0,0xF0,0xF0,0xF0,0xAC,
    0xAF,0xFF,0xFF,0xFF,0xFF,0xFF,0xFF,0xFF,0xFF,0xB8,0x00,0x00,0x13,0x91,0xDA,0x82,0x00,0x01,0xBF,0xFF,
    0xEF,0x62,0x00,0x26,0xFF,0xFC,0x28,0x00,0x00,0x48,0xFF,0xDD,0x00,0x00,0x00,0x4C,0xFF,0xD4,0x00,0x00,
    0x00,0x4C,0xFF,0xD4,0x00,0x00,0x00,0x4D,0xFF,0xD3,0x00,0x00,0x00,0x69,0xFF,0xC1,0x00,0x00,0x23,0xD5,
    0xFF,0x6B,0x00,0x00,0xF8,0xF3,0x67,0x00,0x00,0x00,0xB0,0xFF,0xD7,0x1E,0x00,0x00,0x00,0x9E,0xFF,0x9B,
    0x00,0x00,0x00,0x59,0xFF,0xCB,0x00,0x00,0x00,0x4C,0xFF,0xD4,0x00,0x00,0x00,0x4C,0xFF,0xD4,0x00,0x00,
    0x00,0x4C,0xFF,0xD4,0x00,0x00,0x00,0x45,0xFF,0xDF,0x00,0x00,0x00,0x22,0xFF,0xFC,0x20,0x00,0x00,0x00,
    0xB8,0xFF,0xEB,0x60,0x00,0x00,0x10,0x8E,0xDB,0x82,0xF8,0xFF,0x1C,0xF8,0xFF,0x1C,0xF8,0xFF,0x1C,0xF8,
    0xFF,0x1C,0xF8,0xFF,0x1C,0xF8,0xFF,0x1C,0xF8,0xFF,0x1C,0xF8,0xFF,0x1C,0xF8,0xFF,0x1C,0xF8,0xFF,0x1C,
    0xF8,0xFF,0x1C,0xF8,0xFF,0x1C,0xF8,0xFF,0x1C,0xF8,0xFF,0x1C,0xF8,0xFF,0x1C,0xF8,0xFF,0x1C,0xF8,0xFF,
    0x1C,0xF8,0xFF,0x1C,0xF8,0xFF,0x1C,0xF8,0xFF,0x1C,0xF8,0xFF,0x1C,0xF8,0xFF,0x1C,0x33,0xE6,0xB3,0x31,
    0x00,0x00,0x00,0x24,0xDA,0xFF,0xF0,0x1C,0x00,0x00,0x00,0x04,0xCA,0xFF,0x71,0x00,0x00,0x00,0x00,0x86,
    0xFF,0x94,0x00,0x00,0x00,0x00,0x7C,0xFF,0x98,0x00,0x00,0x00,0x00,0x7C,0xFF,0x98,0x00,0x00,0x00,0x00,
    0x7B,0xFF,0x99,0x00,0x00,0x00,0x00,0x6A,0xFF,0xB4,0x00,0x00,0x00,0x00,0x1F,0xF6,0xF9,0x48,0x02,0x00,
    0x00,0x00,0x36,0xD3,0xFF,0x44,0x00,0x00,0x01,0xA2,0xFF,0xD3,0x28,0x00,0x00,0x47,0xFF,0xE2,0x07,0x00,
    0x00,0x00,0x74,0xFF,0xA4,0x00,0x00,0x00,0x00,0x7C,0xFF,0x98,0x00,0x00,0x00,0x00,0x7C,0xFF,0x98,0x00,
    0x00,0x00,0x00,0x7C,0xFF,0x98,0x00,0x00,0x00,0x00,0x88,0xFF,0x91,0x00,0x00,0x00,0x02,0xC5,0xFF,0x6D,
    0x00,0x00,0x23,0xD4,0xFF,0xEE,0x17,0x00,0x00,0x33,0xE6,0xB1,0x2D,0x00,0x00,0x00,0x00,0x67,0xE4,0xF0,
    0xB4,0x34,0x00,0x00,0x00,0xBF,0xFD,0x09,0x37,0xFF,0xFB,0xD6,0xFB,0xFD,0x8C,0x13,0x3D,0xFB,0xD6,0x00,
    0x9D,0xFF,0x51,0x00,0x26,0xC0,0xFF,0xFF,0xFF,0xFF,0x5E,0x00,0x97,0xC7,0x05,0x00,0x00,0x01,0x54,0xAF,
    0xB3,0x5B,0x00,0x00,
};

static const gfx_glyph_t gfx_font_label_glyphs[] = {
    {  0,  0,   0,  6,     0,   0},
    {  4, 16,   1,  7,     0, -16},
    {  7,  5,   1, 10,    64, -16},
    { 13, 15,   0, 13,    99, -16},
    { 10, 20,   1, 12,   294, -18},
    { 18, 16,   0, 18,   494, -16},
    { 15, 16,   1, 16,   782, -16},
    {  3,  5,   1,  6,  1022, -16},
    {  7, 20,   1,  7,  1037, -16},
    {  6, 20,   0,  7,  1177, -16},
    {  9,  8,   0, 10,  1297, -16},
    { 11, 10,   2, 15,  1369, -11},
    {  4,  5,   0,  5,  1479,  -3},
    {  7,  2,   1,  9,  1499,  -7},
    {  4,  3,   1,  5,  1513,  -3},
    { 11, 19,  -1,  9,  1525, -16},
    { 12, 16,   0, 12,  1734, -16},
    {  7, 16,   0,  9,  1926, -16},
    { 10, 16,   1, 12,  2038, -16},
    { 10, 16,   1, 12,  2198, -16},
    { 13, 16,   0, 13,  2358, -16},
    { 10, 16,   1, 12,  2566, -16},
    { 11, 16,   1, 12,  2726, -16},
    { 12, 16,   0, 12,  2902, -16},
    { 11, 16,   1, 12,  3094, -16},
    { 12, 16,   0, 12,  3270, -16},
    {  4, 11,   1,  5,  3462, -11},
    {  5, 13,   0,  5,  3506, -11},
    { 11, 11,   2, 15,  3571, -12},
    { 11,  7,   2, 15,  3692, -10},
    { 11, 11,   2, 15,  3769, -12},
    {  8, 16,   1, 10,  3890, -16},
    { 19, 18,   1, 21,  4018, -16},
    { 15, 16,   0, 15,  4360, -16},
    { 12, 16,   1, 13,  4600, -16},
    { 13, 16,   0, 14,  4792, -16},
    { 14, 16,   1, 16,  5000, -16},
    { 10, 16,   1, 11,  5224, -16},
    { 10, 16,   1, 11,  5384, -16},
    { 14, 16,   0, 15,  5544, -16},
    { 14, 16,   1, 16,  5768, -16},
    {  4, 16,   1,  6,  5992, -16},
    {  7, 16,   0,  9,  6056, -16},
    { 13, 16,   1, 13,  6168, -16},
    { 10, 16,   1, 11,  6376, -16},
    { 18, 16,   1, 20,  6536, -16},
    { 14, 16,   1, 17,  6824, -16},
    { 16, 16,   0, 17,  7048, -16},
    { 12, 16,   1, 13,  7304, -16},
    { 18, 18,   0, 17,  7496, -16},
    { 13, 16,   1, 14,  7820, -16},
    { 11, 16,   1, 12,  8028, -16},
    { 12, 16,   0, 12,  8204, -16},
    { 13, 16,   1, 15,  8396, -16},
    { 14, 16,   0, 14,  8604, -16},
    { 21, 16,   0, 21,  8828, -16},
    { 14, 16,   0, 14,  9164, -16},
    { 13, 16,   0, 13,  9388, -16},
    { 13, 16,   0, 13,  9596, -16},
    {  5, 20,   2,  7,  9804, -16},
    { 11, 19,  -1,  9,  9904, -16},
    {  6, 20,   0,  7, 10113, -16},
    { 11,  9,   2, 15, 10233, -16},
    { 10,  2,   0,  9, 10332,   1},
    {  5,  4,   1,  6, 10352, -17},
    { 11, 11,   0, 11, 10372, -11},
    { 12, 17,   1, 13, 10493, -17},
    { 10, 11,   0, 10, 10697, -11},
    { 12, 17,   0, 13, 10807, -17},
    { 11, 11,   0, 12, 11011, -11},
    {  8, 17,   0,  8, 11132, -17},
    { 12, 16,   0, 13, 11268, -11},
    { 11, 17,   1, 13, 11460, -17},
    {  4, 16,   1,  6, 11647, -16},
    {  7, 21,  -2,  6, 11711, -16},
    { 11, 17,   1, 12, 11858, -17},
    {  4, 17,   1,  6, 12045, -17},
    { 18, 11,   1, 19, 12113, -11},
    { 11, 11,   1, 13, 12311, -11},
    { 13, 11,   0, 13, 12432, -11},
    { 12, 16,   1, 13, 12575, -11},
    { 12, 16,   0, 13, 12767, -11},
    {  7, 11,   1,  8, 12959, -11},
    {  9, 11,   0,  9, 13036, -11},
    {  8, 14,   0,  8, 13135, -14},
    { 11, 11,   1, 13, 13247, -11},
    { 12, 11,   0, 11, 13368, -11},
    { 17, 11,   0, 17, 13500, -11},
    { 11, 11,   0, 11, 13687, -11},
    { 12, 16,   0, 11, 13808, -11},
    { 10, 11,   0, 10, 14000, -11},
    {  6, 20,   1,  7, 14110, -16},
    {  3, 22,   2,  6, 14230, -17},
    {  7, 20,   0,  7, 14296, -16},
    { 12,  4,   2, 15, 14436,  -8},
};

const gfx_font_t gfx_font_label = {
    .first = 0x20, .count = 95,
    .line_height = 30, .ascent = 24, .cap_height = 16,
    .glyphs = gfx_font_label_glyphs,
    .alpha = gfx_font_label_alpha,
};

/* gfx_font_value: 32px, line height 44, ascent 35, cap height 23 */
static const uint8_t gfx_font_value_alpha[] = {
    0x11,0xFF,0xFF,0xFF,0x95,0x00,0x0B,0xFF,0xFF,0xFF,0x90,0x00,0x04,0xFF,0xFF,0xFF,0x8B,0x00,0x00,0xFD,
    0xFF,0xFF,0x86,0x00,0x00,0xF7,0xFF,0xFF,0x82,0x00,0x00,0xF1,0xFF,0xFF,0x7D,0x00,0x00,0xEA,0xFF,0xFF,
    0x78,0x00,0x00,0xE4,0xFF,0xFF,0x73,0x00,0x00,0xDD,0xFF,0xFF,0x6F,0x00,0x00,0xD7,0xFF,0xFF,0x6A,0x00,
    0x00,0xD0,0xFF,0xFF,0x65,0x00,0x00,0xCA,0xFF,0xFF,0x60,0x00,0x00,0xC3,0xFF,0xFF,0x5C,0x00,0x00,0xBD,
    0xFF,0xFF,0x57,0x00,0x00,0xB6,0xFF,0xFF,0x52,0x00,0x00,0xAF,0xFF,0xFF,0x4E,0x00,0x00,0x00,0x00,0x00,
    0x00,0x00,0x00,0x00,0x00,0x00,0x00,0x00,0x00,0x00,0x00,0x00,0x00,0x00,0x00,0x86,0xEF,0xDD,0x49,0x00,
    0x43,0xFF,0xFF,0xFF,0xF1,0x04,0x47,0xFF,0xFF,0xFF,0xF4,0x05,0x00,0x8C,0xF0,0xE0,0x50,0x00,0x3C,0xFF,
    0xFF,0x9C,0x00,0x00,0xA0,0xFF,0xFF,0x40,0x3C,0xFF,0xFF,0x9C,0x00,0x00,0xA0,0xFF,0xFF,0x40,0x3C,0xFF,
    0xFF,0x9C,0x00,0x00,0xA0,0xFF,0xFF,0x40,0x3C,0xFF,0xFF,0x9C,0x00,0x00,0xA0,0xFF,0xFF,0x40,0x3C,0xFF,
    0xFF,0x9C,0x00,0x00,0xA0,0xFF,0xFF,0x40,0x3C,0xFF,0xFF,0x9C,0x00,0x00,0xA0,0xFF,0xFF,0x40,0x3C,0xFF,
    0xFF,0x9C,0x00,0x00,0xA0,0xFF,0xFF,0x40,0x00,0x00,0x00,0x00,0x00,0x00,0x01,0xF1,0xFF,0x91,0x00,0x00,
    0x00,0x9C,0xFF,0xDC,0x00,0x00,0x00,0x00,0x00,0x00,0x00,0x00,0x00,0x28,0xFF,0xFF,0x5C,0x00,0x00,0x00,
    0xD2,0xFF,0xA7,0x00,0x00,0x00,0x00,0x00,0x00,0x00,0x00,0x00,0x5E,0xFF,0xFF,0x27,0x00,0x00,0x0C,0xFC,
    0xFF,0x72,0x00,0x00,0x00,0x00,0x00,0x00,0x00,0x00,0x00,0x93,0xFF,0xF1,0x01,0x00,0x00,0x40,0xFF,0xFF,
    0x3C,0x00,0x00,0x00,0x00,0x00,0x00,0x00,0x00,0x00,0xC8,0xFF,0xBE,0x00,0x00,0x00,0x76,0xFF,0xFC,0x0B,
    0x00,0x00,0x00,0x00,0x00,0x00,0x00,0x00,0x05,0xF8,0xFF,0x8A,0x00,0x00,0x00,0xAD,0xFF,0xD2,0x00,0x00,
    0x00,0x00,0x00,0x08,0xFA,0xFF,0xFF,0xFF,0xFF,0xFF,0xFF,0xFF,0xFF,0xFF,0xFF,0xFF,0xFF,0xFF,0xFF,0xFF,
    0x2B,0x00,0x38,0xFF,0xFF,0xFF,0xFF,0xFF,0xFF,0xFF,0xFF,0xFF,0xFF,0xFF,0xFF,0xFF,0xFF,0xFF,0xF0,0x02,
    0x00,0x10,0x30,0x30,0x30,0xB1,0xFF,0xE8,0x30,0x30,0x30,0x6E,0xFF,0xFF,0x53,0x30,0x30,0x27,0x00,0x00,
    0x00,0x00,0x00,0x00,0xCB,0xFF,0xB3,0x00,0x00,0x00,0x7B,0xFF,0xF8,0x05,0x00,0x00,0x00,0x00,0x00,0x00,
    0x00,0x00,0x03,0xF6,0xFF,0x7F,0x00,0x00,0x00,0xAE,0xFF,0xCB,0x00,0x00,0x00,0x00,0x00,0x00,0x00,0x00,
    0x00,0x2A,0xFF,0xFF,0x4C,0x00,0x00,0x00,0xE1,0xFF,0x99,0x00,0x00,0x00,0x00,0x00,0x02,0x30,0x30,0x30,
    0x75,0xFF,0xFF,0x47,0x30,0x30,0x3C,0xFF,0xFF,0x87,0x30,0x30,0x30,0x09,0x00,0x2B,0xFF,0xFF,0xFF,0xFF,
    0xFF,0xFF,0xFF,0xFF,0xFF,0xFF,0xFF,0xFF,0xFF,0xFF,0xFF,0xFC,0x0E,0x00,0x5E,0xFF,0xFF,0xFF,0xFF,0xFF,
    0xFF,0xFF,0xFF,0xFF,0xFF,0xFF,0xFF,0xFF,0xFF,0xFF,0xCB,0x00,0x00,0x00,0x00,0x00,0x05,0xF8,0xFF,0x7D,
    0x00,0x00,0x00,0xBB,0xFF,0xC8,0x00,0x00,0x00,0x00,0x00,0x00,0x00,0x00,0x00,0x33,0xFF,0xFF,0x49,0x00,
    0x00,0x01,0xEF,0xFF,0x91,0x00,0x00,0x00,0x00,0x00,0x00,0x00,0x00,0x00,0x67,0xFF,0xFF,0x15,0x00,0x00,
    0x26,0xFF,0xFF,0x5A,0x00,0x00,0x00,0x00,0x00,0x00,0x00,0x00,0x00,0x9B,0xFF,0xE1,0x00,0x00,0x00,0x5B,
    0xFF,0xFF,0x24,0x00,0x00,0x00,0x00,0x00,0x00,0x00,0x00,0x00,0xCF,0xFF,0xAD,0x00,0x00,0x00,0x90,0xFF,
    0xEC,0x00,0x00,0x00,0x00,0x00,0x00,0x00,0x00,0x00,0x07,0xFA,0xFF,0x79,0x00,0x00,0x00,0xC5,0xFF,0xB7,
    0x00,0x00,0x00,0x00,0x00,0x00,0x00,0x00,0x00,0x00,0x00,0x00,0x00,0xE4,0xFF,0x08,0x00,0x00,0x00,0x00,
    0x00,0x00,0x00,0x00,0x00,0x00,0x00,0xE4,0xFF,0x08,0x00,0x00,0x00,0x00,0x00,0x00,0x00,0x00,0x00,0x00,
    0x00,0xE4,0xFF,0x08,0x00,0x00,0x00,0x00,0x00,0x00,0x00,0x00,0x1C,0x85,0xCE,0xFD,0xFF,0xF8,0xE7,0xC8,
    0x91,0x29,0x00,0x00,0x00,0x61,0xF4,0xFF,0xFF,0xFF,0xFF,0xFF,0xFF,0xFF,0xFF,0x90,0x00,0x00,0x61,0xFF,
    0xFF,0xFF,0xFF,0xFF,0xFF,0xEA,0xFC,0xFF,0xFF,0x90,0x00,0x18,0xF5,0xFF,0xFF,0xC5,0x2D,0xE4,0xFF,0x08,
    0x06,0x31,0x81,0x7C,0x00,0x78,0xFF,0xFF,0xE7,0x0D,0x00,0xE4,0xFF,0x08,0x00,0x00,0x00,0x00,0x00,0xAE,
    0xFF,0xFF,0xA1,0x00,0x00,0xE4,0xFF,0x08,0x00,0x00,0x00,0x00,0x00,0xBA,0xFF,0xFF,0xA2,0x00,0x00,0xE4,
    0xFF,0x08,0x00,0x00,0x00,0x00,0x00,0x9E,0xFF,0xFF,0xE7,0x09,0x00,0xE4,0xFF,0x08,0x00,0x00,0x00,0x00,
    0x00,0x55,0xFF,0xFF,0xFF,0xB7,0x10,0xE4,0xFF,0x08,0x00,0x00,0x00,0x00,0x00,0x03,0xCD,0xFF,0xFF,0xFF,
    0xE6,0xF5,0xFF,0x08,0x00,0x00,0x00,0x00,0x00,0x00,0x1A,0xD1,0xFF,0xFF,0xFF,0xFF,0xFF,0x71,0x07,0x00,
    0x00,0x00,0x00,0x00,0x00,0x09,0x8B,0xFB,0xFF,0xFF,0xFF,0xFF,0xE2,0x53,0x00,0x00,0x00,0x00,0x00,0x00,
    0x00,0x27,0xA6,0xFD,0xFF,0xFF,0xFF,0xFF,0xA2,0x07,0x00,0x00,0x00,0x00,0x00,0x00,0x00,0xE4,0xFF,0xF9,
    0xFF,0xFF,0xFF,0xB3,0x01,0x00,0x00,0x00,0x00,0x00,0x00,0xE4,0xFF,0x2E,0xCF,0xFF,0xFF,0xFF,0x61,0x00,
    0x00,0x00,0x00,0x00,0x00,0xE4,0xFF,0x08,0x10,0xE0,0xFF,0xFF,0xC8,0x00,0x00,0x00,0x00,0x00,0x00,0xE4,
    0xFF,0x08,0x00,0x72,0xFF,0xFF,0xF6,0x00,0x00,0x00,0x00,0x00,0x00,0xE4,0xFF,0x08,0x00,0x5F,0xFF,0xFF,
    0xF2,0x6C,0x42,0x00,0x00,0x00,0x00,0xE4,0xFF,0x08,0x00,0xAA,0xFF,0xFF,0xC5,0x88,0xFF,0xBD,0x5A,0x13,
    0x00,0xE4,0xFF,0x29,0x98,0xFF,0xFF,0xFF,0x62,0x88,0xFF,0xFF,0xFF,0xFF,0xEF,0xFC,0xFF,0xFF,0xFF,0xFF,
    0xFF,0xB4,0x02,0x66,0xFC,0xFF,0xFF,0xFF,0xFF,0xFF,0xFF,0xFF,0xFF,0xFD,0x95,0x06,0x00,0x00,0x25,0x80,
    0xBF,0xE7,0xF8,0xFF,0xFF,0xC7,0x86,0x27,0x00,0x00,0x00,0x00,0x00,0x00,0x00,0x00,0x00,0xE4,0xFF,0x08,
    0x00,0x00,0x00,0x00,0x00,0x00,0x00,0x00,0x00,0x00,0x00,0xE4,0xFF,0x08,0x00,0x00,0x00,0x00,0x00,0x00,
    0x00,0x00,0x00,0x00,0x00,0xE4,0xFF,0x08,0x00,0x00,0x00,0x00,0x00,0x00,0x00,0x11,0x87,0xD7,0xF7,0xF1,
    0xC1,0x56,0x00,0x00,0x00,0x00,0x00,0x00,0x00,0x00,0x08,0xDB,0xFF,0x5B,0x00,0x00,0x00,0x00,0x00,0x21,
    0xDF,0xFF,0xFF,0xFF,0xFF,0xFF,0xFF,0x88,0x00,0x00,0x00,0x00,0x00,0x00,0x00,0x84,0xFF,0xBB,0x00,0x00,
    0x00,0x00,0x00,0x00,0xC8,0xFF,0xFE,0x87,0x3A,0x60,0xE9,0xFF,0xFF,0x3E,0x00,0x00,0x00,0x00,0x00,0x29,
    0xF9,0xF7,0x24,0x00,0x00,0x00,0x00,0x00,0x3F,0xFF,0xFF,0x94,0x00,0x00,0x00,0x36,0xFF,0xFF,0xA6,0x00,
    0x00,0x00,0x00,0x01,0xC2,0xFF,0x7B,0x00,0x00,0x00,0x00,0x00,0x00,0x84,0xFF,0xFF,0x2B,0x00,0x00,0x00,
    0x00,0xD0,0xFF,0xDF,0x00,0x00,0x00,0x00,0x64,0xFF,0xD5,0x05,0x00,0x00,0x00,0x00,0x00,0x00,0xA4,0xFF,
    0xFE,0x06,0x00,0x00,0x00,0x00,0xAD,0xFF,0xF5,0x00,0x00,0x00,0x15,0xED,0xFE,0x3D,0x00,0x00,0x00,0x00,
    0x00,0x00,0x00,0xAA,0xFF,0xFC,0x03,0x00,0x00,0x00,0x00,0xB0,0xFF,0xEF,0x00,0x00,0x00,0xA3,0xFF,0x9B,
    0x00,0x00,0x00,0x00,0x00,0x00,0x00,0x00,0x93,0xFF,0xFF,0x20,0x00,0x00,0x00,0x00,0xD2,0xFF,0xCE,0x00,
    0x00,0x43,0xFF,0xE9,0x11,0x00,0x00,0x00,0x00,0x00,0x00,0x00,0x00,0x56,0xFF,0xFF,0x81,0x00,0x00,0x00,
    0x35,0xFF,0xFF,0x87,0x00,0x07,0xDA,0xFF,0x5B,0x00,0x00,0x00,0x00,0x00,0x00,0x00,0x00,0x00,0x06,0xE0,
    0xFF,0xFC,0x7C,0x31,0x4D,0xDE,0xFF,0xF0,0x1A,0x00,0x83,0xFF,0xBB,0x00,0x00,0x00,0x00,0x00,0x00,0x00,
    0x00,0x00,0x00,0x00,0x38,0xF1,0xFF,0xFF,0xFF,0xFF,0xFF,0xF7,0x4A,0x00,0x28,0xF9,0xF7,0x24,0x00,0x00,
    0x00,0x00,0x00,0x00,0x00,0x00,0x00,0x00,0x00,0x00,0x24,0xA0,0xE6,0xFA,0xE6,0xA3,0x29,0x00,0x00,0xC1,
    0xFF,0x7B,0x00,0x08,0x75,0xCE,0xF4,0xF4,0xCC,0x6B,0x03,0x00,0x00,0x00,0x00,0x00,0x00,0x00,0x00,0x00,
    0x00,0x00,0x00,0x62,0xFF,0xD5,0x05,0x0F,0xC9,0xFF,0xFF,0xFF,0xFF,0xFF,0xFF,0xAE,0x01,0x00,0x00,0x00,
    0x00,0x00,0x00,0x00,0x00,0x00,0x00,0x14,0xEC,0xFE,0x3D,0x00,0xA0,0xFF,0xFF,0xA1,0x3D,0x54,0xD6,0xFF,
    0xFF,0x66,0x00,0x00,0x00,0x00,0x00,0x00,0x00,0x00,0x00,0x00,0xA2,0xFF,0x9B,0x00,0x1B,0xFC,0xFF,0xBC,
    0x00,0x00,0x00,0x18,0xF6,0xFF,0xCE,0x00,0x00,0x00,0x00,0x00,0x00,0x00,0x00,0x00,0x42,0xFF,0xE9,0x11,
    0x00,0x5C,0xFF,0xFF,0x53,0x00,0x00,0x00,0x00,0xA8,0xFF,0xFD,0x09,0x00,0x00,0x00,0x00,0x00,0x00,0x00,
    0x07,0xD9,0xFF,0x5B,0x00,0x00,0x7C,0xFF,0xFF,0x2C,0x00,0x00,0x00,0x00,0x85,0xFF,0xFF,0x1D,0x00,0x00,
    0x00,0x00,0x00,0x00,0x00,0x81,0xFF,0xBB,0x00,0x00,0x00,0x82,0xFF,0xFF,0x27,0x00,0x00,0x00,0x00,0x88,
    0xFF,0xFF,0x17,0x00,0x00,0x00,0x00,0x00,0x00,0x27,0xF9,0xF7,0x24,0x00,0x00,0x00,0x6B,0xFF,0xFF,0x48,
    0x00,0x00,0x00,0x00,0xAA,0xFF,0xF3,0x03,0x00,0x00,0x00,0x00,0x00,0x00,0xBF,0xFF,0x7B,0x00,0x00,0x00,
    0x00,0x2E,0xFF,0xFF,0xA9,0x00,0x00,0x00,0x15,0xF7,0xFF,0xAF,0x00,0x00,0x00,0x00,0x00,0x00,0x61,0xFF,
    0xD5,0x05,0x00,0x00,0x00,0x00,0x00,0xBF,0xFF,0xFF,0x94,0x37,0x41,0xC9,0xFF,0xFC,0x36,0x00,0x00,0x00,
    0x00,0x00,0x14,0xEC,0xFE,0x3D,0x00,0x00,0x00,0x00,0x00,0x00,0x1F,0xE1,0xFF,0xFF,0xFF,0xFF,0xFF,0xFE,
    0x6B,0x00,0x00,0x00,0x00,0x00,0x00,0xA0,0xFF,0x9B,0x00,0x00,0x00,0x00,0x00,0x00,0x00,0x00,0x15,0x90,
    0xDF,0xFA,0xEC,0xB1,0x3C,0x00,0x00,0x00,0x00,0x00,0x00,0x00,0x00,0x02,0x56,0xB3,0xE8,0xFA,0xED,0xBD,
    0x62,0x03,0x00,0x00,0x00,0x00,0x00,0x00,0x00,0x00,0x00,0x00,0x00,0x00,0x12,0xC1,0xFF,0xFF,0xFF,0xFF,
    0xFF,0xFF,0xFF,0xC6,0x10,0x00,0x00,0x00,0x00,0x00,0x00,0x00,0x00,0x00,0x00,0x01,0xC1,0xFF,0xFF,0xFF,
    0xD0,0xA4,0xD3,0xFF,0xFF,0xFF,0xAB,0x00,0x00,0x00,0x00,0x00,0x00,0x00,0x00,0x00,0x00,0x4C,0xFF,0xFF,
    0xFF,0x6E,0x00,0x00,0x02,0x98,0xFF,0xFF,0xFE,0x1A,0x00,0x00,0x00,0x00,0x00,0x00,0x00,0x00,0x00,0x91,
    0xFF,0xFF,0xD8,0x00,0x00,0x00,0x00,0x16,0xFF,0xFF,0xFF,0x43,0x00,0x00,0x00,0x00,0x00,0x00,0x00,0x00,
    0x00,0x9F,0xFF,0xFF,0xBC,0x00,0x00,0x00,0x00,0x0F,0xFF,0xFF,0xFF,0x3C,0x00,0x00,0x00,0x00,0x00,0x00,
    0x00,0x00,0x00,0x7B,0xFF,0xFF,0xF2,0x0F,0x00,0x00,0x00,0x66,0xFF,0xFF,0xF9,0x0E,0x00,0x00,0x00,0x00,
    0x00,0x00,0x00,0x00,0x00,0x26,0xFE,0xFF,0xFF,0x93,0x00,0x00,0x3C,0xF1,0xFF,0xFF,0x97,0x00,0x00,0x00,
    0x00,0x00,0x00,0x00,0x00,0x00,0x00,0x00,0xA6,0xFF,0xFF,0xFE,0x5F,0x7E,0xF7,0xFF,0xFF,0xC6,0x0C,0x00,
    0x00,0x00,0x00,0x00,0x00,0x00,0x00,0x00,0x00,0x00,0x19,0xEB,0xFF,0xFF,0xFF,0xFF,0xFF,0xFE,0x96,0x08,
    0x00,0x00,0x00,0x00,0x00,0x00,0x00,0x00,0x00,0x00,0x00,0x00,0x03,0x9B,0xFF,0xFF,0xFF,0xFF,0xCF,0x35,
    0x00,0x00,0x00,0x00,0x00,0x00,0x00,0x00,0x00,0x00,0x00,0x00,0x00,0x2C,0xCF,0xFF,0xFF,0xFF,0xFF,0xFF,
    0xF0,0x31,0x00,0x00,0x00,0x00,0x13,0xFF,0xFF,0xFF,0x18,0x00,0x00,0x00,0x4C,0xF5,0xFF,0xFF,0xE5,0x95,
    0xFF,0xFF,0xFF,0xEA,0x29,0x00,0x00,0x00,0x2F,0xFF,0xFF,0xFE,0x04,0x00,0x00,0x36,0xF8,0xFF,0xFF,0xB7,
    0x0E,0x00,0x7D,0xFF,0xFF,0xFF,0xE4,0x23,0x00,0x00,0x69,0xFF,0xFF,0xD4,0x00,0x00,0x00,0xD0,0xFF,0xFF,
    0xD6,0x07,0x00,0x00,0x00,0x8F,0xFF,0xFF,0xFF,0xE1,0x20,0x00,0xC1,0xFF,0xFF,0x8E,0x00,0x00,0x35,0xFF,
    0xFF,0xFF,0x69,0x00,0x00,0x00,0x00,0x01,0x9F,0xFF,0xFF,0xFF,0xDF,0x5B,0xFF,0xFF,0xFD,0x28,0x00,0x00,
    0x63,0xFF,0xFF,0xFF,0x41,0x00,0x00,0x00,0x00,0x00,0x03,0xAC,0xFF,0xFF,0xFF,0xFF,0xFF,0xFF,0xA3,0x00,
    0x00,0x00,0x5E,0xFF,0xFF,0xFF,0x55,0x00,0x00,0x00,0x00,0x00,0x00,0x06,0xB7,0xFF,0xFF,0xFF,0xFF,0xE0,
    0x11,0x00,0x00,0x00,0x33,0xFF,0xFF,0xFF,0xC5,0x04,0x00,0x00,0x00,0x00,0x00,0x00,0x29,0xF9,0xFF,0xFF,
    0xFF,0xB4,0x01,0x00,0x00,0x00,0x00,0xD4,0xFF,0xFF,0xFF,0xAF,0x20,0x00,0x00,0x00,0x21,0x82,0xF1,0xFF,
    0xFF,0xFF,0xFF,0xFF,0x8F,0x00,0x00,0x00,0x00,0x39,0xF7,0xFF,0xFF,0xFF,0xFF,0xE6,0xD3,0xE9,0xFF,0xFF,
    0xFF,0xFF,0xD5,0xDA,0xFF,0xFF,0xFF,0x75,0x00,0x00,0x00,0x00,0x40,0xE2,0xFF,0xFF,0xFF,0xFF,0xFF,0xFF,
    0xFF,0xFF,0xF3,0x89,0x08,0x29,0xF1,0xFF,0xFF,0xFE,0x5E,0x00,0x00,0x00,0x00,0x0A,0x64,0xB3,0xE4,0xF8,
    0xF4,0xDD,0xAE,0x69,0x11,0x00,0x00,0x00,0x4E,0xFE,0xFF,0xFF,0xFB,0x49,0x4C,0xFF,0xFF,0x90,0x4C,0xFF,
    0xFF,0x90,0x4C,0xFF,0xFF,0x90,0x4C,0xFF,0xFF,0x90,0x4C,0xFF,0xFF,0x90,0x4C,0xFF,0xFF,0x90,0x4C,0xFF,
    0xFF,0x90,0x00,0x00,0x00,0x00,0x2D,0xF5,0xFF,0xE3,0x12,0x00,0x00,0x00,0x0A,0xDA,0xFF,0xFE,0x3D,0x00,
    0x00,0x00,0x00,0x8C,0xFF,0xFF,0x9A,0x00,0x00,0x00,0x00,0x25,0xFB,0xFF,0xF3,0x14,0x00,0x00,0x00,0x00,
    0xA4,0xFF,0xFF,0x88,0x00,0x00,0x00,0x00,0x18,0xFB,0xFF,0xFD,0x1D,0x00,0x00,0x00,0x00,0x76,0xFF,0xFF,
    0xB8,0x00,0x00,0x00,0x00,0x00,0xC6,0xFF,0xFF,0x69,0x00,0x00,0x00,0x00,0x0E,0xFD,0xFF,0xFF,0x22,0x00,
    0x00,0x00,0x00,0x41,0xFF,0xFF,0xEC,0x00,0x00,0x00,0x00,0x00,0x6C,0xFF,0xFF,0xBF,0x00,0x00,0x00,0x00,
    0x00,0x8B,0xFF,0xFF,0xA1,0x00,0x00,0x00,0x00,0x00,0xA1,0xFF,0xFF,0x8B,0x00,0x00,0x00,0x00,0x00,0xAA,
    0xFF,0xFF,0x81,0x00,0x00,0x00,0x00,0x00,0xAC,0xFF,0xFF,0x7F,0x00,0x00,0x00,0x00,0x00,0xA3,0xFF,0xFF,
    0x89,0x00,0x00,0x00,0x00,0x00,0x91,0xFF,0xFF,0x9C,0x00,0x00,0x00,0x00,0x00,0x73,0xFF,0xFF,0xBB,0x00,
    0x00,0x00,0x00,0x00,0x4A,0xFF,0xFF,0xE6,0x00,0x00,0x00,0x00,0x00,0x16,0xFF,0xFF,0xFF,0x1B,0x00,0x00,
    0x00,0x00,0x00,0xD3,0xFF,0xFF,0x60,0x00,0x00,0x00,0x00,0x00,0x83,0xFF,0xFF,0xB0,0x00,0x00,0x00,0x00,
    0x00,0x24,0xFE,0xFF,0xFA,0x16,0x00,0x00,0x00,0x00,0x00,0xB4,0xFF,0xFF,0x7E,0x00,0x00,0x00,0x00,0x00,
    0x31,0xFE,0xFF,0xEF,0x0F,0x00,0x00,0x00,0x00,0x00,0x99,0xFF,0xFF,0x92,0x00,0x00,0x00,0x00,0x00,0x0E,
    0xDF,0xFF,0xFD,0x38,0x00,0x00,0x00,0x00,0x00,0x31,0xF6,0xFF,0xDF,0x10,0x52,0xFF,0xFF,0xC5,0x05,0x00,
    0x00,0x00,0x00,0x00,0x98,0xFF,0xFF,0x8D,0x00,0x00,0x00,0x00,0x00,0x0F,0xE7,0xFF,0xFD,0x36,0x00,0x00,
    0x00,0x00,0x00,0x63,0xFF,0xFF,0xCA,0x00,0x00,0x00,0x00,0x00,0x04,0xDE,0xFF,0xFF,0x4D,0x00,0x00,0x00,
    0x00,0x00,0x75,0xFF,0xFF,0xBD,0x00,0x00,0x00,0x00,0x00,0x15,0xFC,0xFF,0xFE,0x21,0x00,0x00,0x00,0x00,
    0x00,0xC3,0xFF,0xFF,0x6F,0x00,0x00,0x00,0x00,0x00,0x7C,0xFF,0xFF,0xB5,0x00,0x00,0x00,0x00,0x00,0x46,
    0xFF,0xFF,0xEA,0x00,0x00,0x00,0x00,0x00,0x19,0xFF,0xFF,0xFF,0x16,0x00,0x00,0x00,0x00,0x01,0xF9,0xFF,
    0xFF,0x35,0x00,0x00,0x00,0x00,0x00,0xE4,0xFF,0xFF,0x4C,0x00,0x00,0x00,0x00,0x00,0xDA,0xFF,0xFF,0x55,
    0x00,0x00,0x00,0x00,0x00,0xD8,0xFF,0xFF,0x57,0x00,0x00,0x00,0x00,0x00,0xE3,0xFF,0xFF,0x4E,0x00,0x00,
    0x00,0x00,0x00,0xF5,0xFF,0xFF,0x3C,0x00,0x00,0x00,0x00,0x15,0xFF,0xFF,0xFF,0x1D,0x00,0x00,0x00,0x00,
    0x40,0xFF,0xFF,0xF2,0x02,0x00,0x00,0x00,0x00,0x75,0xFF,0xFF,0xBF,0x00,0x00,0x00,0x00,0x00,0xBB,0xFF,
    0xFF,0x7C,0x00,0x00,0x00,0x00,0x0F,0xF9,0xFF,0xFF,0x2D,0x00,0x00,0x00,0x00,0x6C,0xFF,0xFF,0xCA,0x00,
    0x00,0x00,0x00,0x02,0xD7,0xFF,0xFF,0x5B,0x00,0x00,0x00,0x00,0x5A,0xFF,0xFF,0xD4,0x02,0x00,0x00,0x00,
    0x0B,0xE2,0xFF,0xFE,0x41,0x00,0x00,0x00,0x00,0x91,0xFF,0xFF,0x93,0x00,0x00,0x00,0x00,0x4D,0xFF,0xFF,
    0xC5,0x06,0x00,0x00,0x00,0x00,0x00,0x00,0x00,0x00,0x67,0xFF,0xFF,0x55,0x00,0x00,0x00,0x00,0x00,0x00,
    0x00,0x00,0x4B,0xFF,0xFF,0x3A,0x00,0x00,0x00,0x00,0x00,0x00,0x00,0x00,0x2F,0xFF,0xFF,0x1E,0x00,0x00,
    0x00,0x00,0x26,0xCF,0x69,0x0E,0x13,0xFF,0xFD,0x04,0x11,0x6F,0xD2,0x17,0x81,0xFF,0xFF,0xF4,0x9B,0xFD,
    0xF4,0xA2,0xF7,0xFF,0xFF,0x6E,0x73,0xBD,0xEA,0xFF,0xFF,0xFF,0xFF,0xFF,0xFF,0xE6,0xBA,0x66,0x00,0x00,
    0x00,0x1B,0xDD,0xFF,0xFF,0xD3,0x15,0x00,0x00,0x00,0x00,0x00,0x00,0x97,0xFF,0xE4,0xED,0xFF,0x85,0x00,
    0x00,0x00,0x00,0x00,0x69,0xFF,0xFF,0x5D,0x6E,0xFF,0xFF,0x56,0x00,0x00,0x00,0x3E,0xFB,0xFF,0xC9,0x01,
    0x04,0xD7,0xFF,0xF5,0x2F,0x00,0x00,0x13,0xAF,0xFF,0x3A,0x00,0x00,0x4A,0xFF,0xA3,0x0D,0x00,0x00,0x00,
    0x00,0x3F,0x00,0x00,0x00,0x00,0x3F,0x00,0x00,0x00,0x00,0x00,0x00,0x00,0x00,0x00,0x28,0xFF,0xFF,0x6C,
    0x00,0x00,0x00,0x00,0x00,0x00,0x00,0x00,0x00,0x00,0x00,0x00,0x28,0xFF,0xFF,0x6C,0x00,0x00,0x00,0x00,
    0x00,0x00,0x00,0x00,0x00,0x00,0x00,0x00,0x28,0xFF,0xFF,0x6C,0x00,0x00,0x00,0x00,0x00,0x00,0x00,0x00,
    0x00,0x00,0x00,0x00,0x28,0xFF,0xFF,0x6C,0x00,0x00,0x00,0x00,0x00,0x00,0x00,0x00,0x00,0x00,0x00,0x00,
    0x28,0xFF,0xFF,0x6C,0x00,0x00,0x00,0x00,0x00,0x00,0x00,0x00,0x00,0x00,0x00,0x00,0x28,0xFF,0xFF,0x6C,
    0x00,0x00,0x00,0x00,0x00,0x00,0x54,0xFF,0xFF,0xFF,0xFF,0xFF,0xFF,0xFF,0xFF,0xFF,0xFF,0xFF,0xFF,0xFF,
    0xFF,0x98,0x54,0xFF,0xFF,0xFF,0xFF,0xFF,0xFF,0xFF,0xFF,0xFF,0xFF,0xFF,0xFF,0xFF,0xFF,0x98,0x30,0x94,
    0x94,0x94,0x94,0x94,0xA4,0xFF,0xFF,0xC1,0x94,0x94,0x94,0x94,0x94,0x57,0x00,0x00,0x00,0x00,0x00,0x00,
    0x28,0xFF,0xFF,0x6C,0x00,0x00,0x00,0x00,0x00,0x00,0x00,0x00,0x00,0x00,0x00,0x00,0x28,0xFF,0xFF,0x6C,
    0x00,0x00,0x00,0x00,0x00,0x00,0x00,0x00,0x00,0x00,0x00,0x00,0x28,0xFF,0xFF,0x6C,0x00,0x00,0x00,0x00,
    0x00,0x00,0x00,0x00,0x00,0x00,0x00,0x00,0x28,0xFF,0xFF,0x6C,0x00,0x00,0x00,0x00,0x00,0x00,0x00,0x00,
    0x00,0x00,0x00,0x00,0x28,0xFF,0xFF,0x6C,0x00,0x00,0x00,0x00,0x00,0x00,0x00,0x00,0x00,0x00,0x00,0x00,
    0x17,0x94,0x94,0x3E,0x00,0x00,0x00,0x00,0x00,0x00,0x00,0x00,0xC8,0xFF,0xFF,0x98,0x00,0x06,0xF8,0xFF,
    0xFF,0x4B,0x00,0x36,0xFF,0xFF,0xF5,0x08,0x00,0x6D,0xFF,0xFF,0xB0,0x00,0x00,0xA4,0xFF,0xFF,0x62,0x00,
    0x00,0xDB,0xFF,0xFE,0x17,0x00,0x12,0xFF,0xFF,0xC7,0x00,0x00,0x49,0xFF,0xFF,0x7A,0x00,0x00,0xC0,0xFF,
    0xFF,0xFF,0xFF,0xFF,0xFF,0xFF,0xC8,0xC0,0xFF,0xFF,0xFF,0xFF,0xFF,0xFF,0xFF,0xC8,0x81,0xAC,0xAC,0xAC,
    0xAC,0xAC,0xAC,0xAC,0x86,0x00,0x86,0xEF,0xE0,0x52,0x00,0x44,0xFF,0xFF,0xFF,0xF7,0x0A,0x45,0xFF,0xFF,
    0xFF,0xF8,0x0C,0x00,0x89,0xF0,0xE1,0x55,0x00,0x00,0x00,0x00,0x00,0x00,0x00,0x00,0x00,0x00,0x00,0x0C,
    0xF2,0xFF,0xFF,0x58,0x00,0x00,0x00,0x00,0x00,0x00,0x00,0x00,0x00,0x00,0x66,0xFF,0xFF,0xEB,0x06,0x00,
    0x00,0x00,0x00,0x00,0x00,0x00,0x00,0x00,0x00,0xCC,0xFF,0xFF,0x8A,0x00,0x00,0x00,0x00,0x00,0x00,0x00,
    0x00,0x00,0x00,0x31,0xFF,0xFF,0xFE,0x25,0x00,0x00,0x00,0x00,0x00,0x00,0x00,0x00,0x00,0x00,0x98,0xFF,
    0xFF,0xBD,0x00,0x00,0x00,0x00,0x00,0x00,0x00,0x00,0x00,0x00,0x0C,0xF2,0xFF,0xFF,0x56,0x00,0x00,0x00,
    0x00,0x00,0x00,0x00,0x00,0x00,0x00,0x65,0xFF,0xFF,0xEA,0x06,0x00,0x00,0x00,0x00,0x00,0x00,0x00,0x00,
    0x00,0x00,0xCB,0xFF,0xFF,0x89,0x00,0x00,0x00,0x00,0x00,0x00,0x00,0x00,0x00,0x00,0x31,0xFF,0xFF,0xFE,
    0x24,0x00,0x00,0x00,0x00,0x00,0x00,0x00,0x00,0x00,0x00,0x98,0xFF,0xFF,0xBC,0x00,0x00,0x00,0x00,0x00,
    0x00,0x00,0x00,0x00,0x00,0x0B,0xF2,0xFF,0xFF,0x55,0x00,0x00,0x00,0x00,0x00,0x00,0x00,0x00,0x00,0x00,
    0x64,0xFF,0xFF,0xE9,0x05,0x00,0x00,0x00,0x00,0x00,0x00,0x00,0x00,0x00,0x00,0xCA,0xFF,0xFF,0x88,0x00,
    0x00,0x00,0x00,0x00,0x00,0x00,0x00,0x00,0x00,0x30,0xFF,0xFF,0xFE,0x23,0x00,0x00,0x00,0x00,0x00,0x00,
    0x00,0x00,0x00,0x00,0x97,0xFF,0xFF,0xBA,0x00,0x00,0x00,0x00,0x00,0x00,0x00,0x00,0x00,0x00,0x0B,0xF1,
    0xFF,0xFF,0x54,0x00,0x00,0x00,0x00,0x00,0x00,0x00,0x00,0x00,0x00,0x63,0xFF,0xFF,0xE8,0x05,0x00,0x00,
    0x00,0x00,0x00,0x00,0x00,0x00,0x00,0x00,0xC9,0xFF,0xFF,0x86,0x00,0x00,0x00,0x00,0x00,0x00,0x00,0x00,
    0x00,0x00,0x2F,0xFF,0xFF,0xFE,0x22,0x00,0x00,0x00,0x00,0x00,0x00,0x00,0x00,0x00,0x00,0x96,0xFF,0xFF,
    0xB9,0x00,0x00,0x00,0x00,0x00,0x00,0x00,0x00,0x00,0x00,0x0A,0xF0,0xFF,0xFF,0x52,0x00,0x00,0x00,0x00,
    0x00,0x00,0x00,0x00,0x00,0x00,0x62,0xFF,0xFF,0xE7,0x04,0x00,0x00,0x00,0x00,0x00,0x00,0x00,0x00,0x00,
    0x00,0xC8,0xFF,0xFF,0x85,0x00,0x00,0x00,0x00,0x00,0x00,0x00,0x00,0x00,0x00,0x2E,0xFF,0xFF,0xFD,0x21,
    0x00,0x00,0x00,0x00,0x00,0x00,0x00,0x00,0x00,0x00,0x95,0xFF,0xFF,0xB8,0x00,0x00,0x00,0x00,0x00,0x00,
    0x00,0x00,0x00,0x00,0x0A,0xF0,0xFF,0xFF,0x51,0x00,0x00,0x00,0x00,0x00,0x00,0x00,0x00,0x00,0x00,0x61,
    0xFF,0xFF,0xE6,0x04,0x00,0x00,0x00,0x00,0x00,0x00,0x00,0x00,0x00,0x00,0x00,0x00,0x00,0x00,0x1B,0x80,
    0xCE,0xED,0xF6,0xDB,0x9B,0x33,0x00,0x00,0x00,0x00,0x00,0x00,0x00,0x56,0xF0,0xFF,0xFF,0xFF,0xFF,0xFF,
    0xFF,0xFC,0x7C,0x00,0x00,0x00,0x00,0x00,0x4B,0xFC,0xFF,0xFF,0xFF,0xF5,0xF6,0xFF,0xFF,0xFF,0xFF,0x6A,
    0x00,0x00,0x00,0x0E,0xEC,0xFF,0xFF,0xF1,0x51,0x01,0x02,0x5E,0xF9,0xFF,0xFF,0xF4,0x15,0x00,0x00,0x81,
    0xFF,0xFF,0xFF,0x4E,0x00,0x00,0x00,0x00,0x70,0xFF,0xFF,0xFF,0x82,0x00,0x00,0xDF,0xFF,0xFF,0xCE,0x00,
    0x00,0x00,0x00,0x00,0x06,0xEF,0xFF,0xFF,0xD3,0x00,0x2E,0xFF,0xFF,0xFF,0x79,0x00,0x00,0x00,0x00,0x00,
    0x00,0xA7,0xFF,0xFF,0xFF,0x19,0x63,0xFF,0xFF,0xFF,0x42,0x00,0x00,0x00,0x00,0x00,0x00,0x73,0xFF,0xFF,
    0xFF,0x42,0x8C,0xFF,0xFF,0xFF,0x1C,0x00,0x00,0x00,0x00,0x00,0x00,0x51,0xFF,0xFF,0xFF,0x67,0xAB,0xFF,
    0xFF,0xFE,0x04,0x00,0x00,0x00,0x00,0x00,0x00,0x38,0xFF,0xFF,0xFF,0x7A,0xB7,0xFF,0xFF,0xF5,0x00,0x00,
    0x00,0x00,0x00,0x00,0x00,0x2D,0xFF,0xFF,0xFF,0x85,0xC2,0xFF,0xFF,0xEE,0x00,0x00,0x00,0x00,0x00,0x00,
    0x00,0x26,0xFF,0xFF,0xFF,0x8C,0xC2,0xFF,0xFF,0xF1,0x00,0x00,0x00,0x00,0x00,0x00,0x00,0x2B,0xFF,0xFF,
    0xFF,0x81,0xB5,0xFF,0xFF,0xFA,0x00,0x00,0x00,0x00,0x00,0x00,0x00,0x34,0xFF,0xFF,0xFF,0x74,0xA4,0xFF,
    0xFF,0xFF,0x11,0x00,0x00,0x00,0x00,0x00,0x00,0x4C,0xFF,0xFF,0xFF,0x5A,0x7E,0xFF,0xFF,0xFF,0x31,0x00,
    0x00,0x00,0x00,0x00,0x00,0x6C,0xFF,0xFF,0xFF,0x2F,0x51,0xFF,0xFF,0xFF,0x67,0x00,0x00,0x00,0x00,0x00,
    0x00,0xA1,0xFF,0xFF,0xF5,0x07,0x0E,0xF9,0xFF,0xFF,0xB7,0x00,0x00,0x00,0x00,0x00,0x05,0xEB,0xFF,0xFF,
    0xAC,0x00,0x00,0xB0,0xFF,0xFF,0xFD,0x36,0x00,0x00,0x00,0x00,0x6B,0xFF,0xFF,0xFF,0x4C,0x00,0x00,0x31,
    0xFE,0xFF,0xFF,0xE5,0x3E,0x00,0x01,0x5B,0xF7,0xFF,0xFF,0xC2,0x00,0x00,0x00,0x00,0x87,0xFF,0xFF,0xFF,
    0xFF,0xEF,0xF3,0xFF,0xFF,0xFF,0xEA,0x23,0x00,0x00,0x00,0x00,0x01,0x90,0xFE,0xFF,0xFF,0xFF,0xFF,0xFF,
    0xFF,0xDA,0x31,0x00,0x00,0x00,0x00,0x00,0x00,0x00,0x3D,0xA5,0xE1,0xF8,0xE9,0xC3,0x6D,0x0A,0x00,0x00,
    0x00,0x00,0x00,0x00,0x00,0x00,0x00,0x21,0xAB,0xFF,0x9C,0x00,0x00,0x00,0x2E,0x9F,0xFA,0xFF,0xFF,0x9C,
    0x25,0x76,0xCD,0xFF,0xFF,0xFF,0xFF,0xFF,0x9C,0xB8,0xFF,0xFF,0xFF,0xFF,0xFF,0xFF,0xFF,0x9C,0xB8,0xFF,
    0xFF,0xDA,0x5C,0xFF,0xFF,0xFF,0x9C,0xA6,0xAA,0x54,0x04,0x04,0xFF,0xFF,0xFF,0x9C,0x00,0x00,0x00,0x00,
    0x04,0xFF,0xFF,0xFF,0x9C,0x00,0x00,0x00,0x00,0x04,0xFF,0xFF,0xFF,0x9C,0x00,0x00,0x00,0x00,0x04,0xFF,
    0xFF,0xFF,0x9C,0x00,0x00,0x00,0x00,0x04,0xFF,0xFF,0xFF,0x9C,0x00,0x00,0x00,0x00,0x04,0xFF,0xFF,0xFF,
    0x9C,0x00,0x00,0x00,0x00,0x04,0xFF,0xFF,0xFF,0x9C,0x00,0x00,0x00,0x00,0x04,0xFF,0xFF,0xFF,0x9C,0x00,
    0x00,0x00,0x00,0x04,0xFF,0xFF,0xFF,0x9C,0x00,0x00,0x00,0x00,0x04,0xFF,0xFF,0xFF,0x9C,0x00,0x00,0x00,
    0x00,0x04,0xFF,0xFF,0xFF,0x9C,0x00,0x00,0x00,0x00,0x04,0xFF,0xFF,0xFF,0x9C,0x00,0x00,0x00,0x00,0x04,
    0xFF,0xFF,0xFF,0x9C,0x00,0x00,0x00,0x00,0x04,0xFF,0xFF,0xFF,0x9C,0x00,0x00,0x00,0x00,0x04,0xFF,0xFF,
    0xFF,0x9C,0x00,0x00,0x00,0x00,0x04,0xFF,0xFF,0xFF,0x9C,0x00,0x00,0x00,0x00,0x04,0xFF,0xFF,0xFF,0x9C,
    0x00,0x00,0x00,0x00,0x04,0xFF,0xFF,0xFF,0x9C,0x00,0x00,0x00,0x2B,0x8C,0xCB,0xEC,0xFB,0xEF,0xC8,0x80,
    0x18,0x00,0x00,0x00,0x00,0x17,0xAA,0xFF,0xFF,0xFF,0xFF,0xFF,0xFF,0xFF,0xFF,0xF0,0x4E,0x00,0x00,0x00,
    0x9F,0xFF,0xFF,0xFF,0xFF,0xFE,0xFF,0xFF,0xFF,0xFF,0xFF,0xF8,0x32,0x00,0x00,0xA0,0xFF,0xEA,0x7D,0x2A,
    0x06,0x10,0x4F,0xDA,0xFF,0xFF,0xFF,0xB6,0x00,0x00,0xA0,0xA0,0x0F,0x00,0x00,0x00,0x00,0x00,0x1E,0xF1,
    0xFF,0xFF,0xFB,0x0E,0x00,0x32,0x00,0x00,0x00,0x00,0x00,0x00,0x00,0x00,0x92,0xFF,0xFF,0xFF,0x30,0x00,
    0x00,0x00,0x00,0x00,0x00,0x00,0x00,0x00,0x00,0x73,0xFF,0xFF,0xFF,0x39,0x00,0x00,0x00,0x00,0x00,0x00,
    0x00,0x00,0x00,0x00,0x8F,0xFF,0xFF,0xFF,0x25,0x00,0x00,0x00,0x00,0x00,0x00,0x00,0x00,0x00,0x01,0xD4,
    0xFF,0xFF,0xEF,0x02,0x00,0x00,0x00,0x00,0x00,0x00,0x00,0x00,0x00,0x60,0xFF,0xFF,0xFF,0x99,0x00,0x00,
    0x00,0x00,0x00,0x00,0x00,0x00,0x00,0x38,0xF6,0xFF,0xFF,0xF6,0x1F,0x00,0x00,0x00,0x00,0x00,0x00,0x00,
    0x00,0x41,0xF2,0xFF,0xFF,0xFF,0x63,0x00,0x00,0x00,0x00,0x00,0x00,0x00,0x00,0x63,0xF9,0xFF,0xFF,0xFF,
    0x7D,0x00,0x00,0x00,0x00,0x00,0x00,0x00,0x02,0x8E,0xFF,0xFF,0xFF,0xFD,0x6A,0x00,0x00,0x00,0x00,0x00,
    0x00,0x00,0x08,0xB2,0xFF,0xFF,0xFF,0xF2,0x4E,0x00,0x00,0x00,0x00,0x00,0x00,0x00,0x08,0xB9,0xFF,0xFF,
    0xFF,0xDA,0x2A,0x00,0x00,0x00,0x00,0x00,0x00,0x00,0x00,0xA0,0xFF,0xFF,0xFF,0xC0,0x12,0x00,0x00,0x00,
    0x00,0x00,0x00,0x00,0x00,0x56,0xFF,0xFF,0xFF,0xB5,0x06,0x00,0x00,0x00,0x00,0x00,0x00,0x00,0x00,0x00,
    0xD2,0xFF,0xFF,0xE2,0x0D,0x00,0x00,0x00,0x00,0x00,0x00,0x00,0x00,0x00,0x38,0xFF,0xFF,0xFF,0x98,0x1C,
    0x1C,0x1C,0x1C,0x1C,0x1C,0x1C,0x1C,0x1C,0x10,0x69,0xFF,0xFF,0xFF,0xFF,0xFF,0xFF,0xFF,0xFF,0xFF,0xFF,
    0xFF,0xFF,0xFF,0x98,0x77,0xFF,0xFF,0xFF,0xFF,0xFF,0xFF,0xFF,0xFF,0xFF,0xFF,0xFF,0xFF,0xFF,0x98,0x78,
    0xFF,0xFF,0xFF,0xFF,0xFF,0xFF,0xFF,0xFF,0xFF,0xFF,0xFF,0xFF,0xFF,0x98,0x00,0x00,0x15,0x6E,0xB5,0xE1,
    0xF6,0xF9,0xE4,0xB0,0x55,0x02,0x00,0x00,0x00,0x00,0x2C,0xF5,0xFF,0xFF,0xFF,0xFF,0xFF,0xFF,0xFF,0xFF,
    0xC2,0x13,0x00,0x00,0x00,0x3C,0xFF,0xFF,0xFF,0xF1,0xF3,0xFF,0xFF,0xFF,0xFF,0xFF,0xC7,0x02,0x00,0x00,
    0x3C,0xF0,0x7B,0x1E,0x00,0x00,0x15,0x7A,0xF8,0xFF,0xFF,0xFF,0x58,0x00,0x00,0x1E,0x1E,0x00,0x00,0x00,
    0x00,0x00,0x00,0x73,0xFF,0xFF,0xFF,0xA0,0x00,0x00,0x00,0x00,0x00,0x00,0x00,0x00,0x00,0x00,0x1B,0xFF,
    0xFF,0xFF,0xB6,0x00,0x00,0x00,0x00,0x00,0x00,0x00,0x00,0x00,0x00,0x01,0xFD,0xFF,0xFF,0xA5,0x00,0x00,
    0x00,0x00,0x00,0x00,0x00,0x00,0x00,0x00,0x29,0xFF,0xFF,0xFF,0x6D,0x00,0x00,0x00,0x00,0x00,0x00,0x00,
    0x00,0x00,0x03,0xB1,0xFF,0xFF,0xED,0x12,0x00,0x00,0x00,0x00,0x00,0x00,0x07,0x20,0x5A,0xCA,0xFF,0xFF,
    0xF9,0x4B,0x00,0x00,0x00,0x00,0x00,0xCC,0xFF,0xFF,0xFF,0xFF,0xFF,0xFF,0xC0,0x32,0x00,0x00,0x00,0x00,
    0x00,0x00,0xCC,0xFF,0xFF,0xFF,0xFF,0xFF,0xCD,0x76,0x21,0x00,0x00,0x00,0x00,0x00,0x00,0xB8,0xE8,0xEE,
    0xFB,0xFF,0xFF,0xFF,0xFF,0xFB,0x83,0x01,0x00,0x00,0x00,0x00,0x00,0x00,0x00,0x03,0x27,0x72,0xE5,0xFF,
    0xFF,0xFF,0x80,0x00,0x00,0x00,0x00,0x00,0x00,0x00,0x00,0x00,0x00,0x15,0xDE,0xFF,0xFF,0xF9,0x18,0x00,
    0x00,0x00,0x00,0x00,0x00,0x00,0x00,0x00,0x00,0x68,0xFF,0xFF,0xFF,0x5C,0x00,0x00,0x00,0x00,0x00,0x00,
    0x00,0x00,0x00,0x00,0x43,0xFF,0xFF,0xFF,0x71,0x00,0x00,0x00,0x00,0x00,0x00,0x00,0x00,0x00,0x00,0x66,
    0xFF,0xFF,0xFF,0x5C,0x09,0x26,0x00,0x00,0x00,0x00,0x00,0x00,0x00,0x12,0xDB,0xFF,0xFF,0xFE,0x1E,0x14,
    0xF8,0x96,0x38,0x04,0x00,0x00,0x13,0x69,0xE0,0xFF,0xFF,0xFF,0xA8,0x00,0x14,0xFF,0xFF,0xFF,0xFA,0xE7,
    0xF3,0xFF,0xFF,0xFF,0xFF,0xFF,0xD4,0x14,0x00,0x10,0xFB,0xFF,0xFF,0xFF,0xFF,0xFF,0xFF,0xFF,0xFF,0xFF,
    0xA8,0x13,0x00,0x00,0x00,0x1F,0x7E,0xBE,0xE6,0xF8,0xFB,0xEB,0xC8,0x8D,0x2E,0x00,0x00,0x00,0x00,0x00,
    0x00,0x00,0x00,0x00,0x00,0x00,0x00,0x00,0x00,0x6D,0xFF,0xFF,0xFF,0x78,0x00,0x00,0x00,0x00,0x00,0x00,
    0x00,0x00,0x00,0x00,0x00,0x00,0x05,0xE1,0xFF,0xFF,0xFF,0x78,0x00,0x00,0x00,0x00,0x00,0x00,0x00,0x00,
    0x00,0x00,0x00,0x00,0x6C,0xFF,0xFF,0xFF,0xFF,0x78,0x00,0x00,0x00,0x00,0x00,0x00,0x00,0x00,0x00,0x00,
    0x00,0x0D,0xE9,0xFF,0xFF,0xFF,0xFF,0x78,0x00,0x00,0x00,0x00,0x00,0x00,0x00,0x00,0x00,0x00,0x00,0x94,
    0xFF,0xFF,0xFF,0xFF,0xFF,0x78,0x00,0x00,0x00,0x00,0x00,0x00,0x00,0x00,0x00,0x00,0x38,0xFD,0xFF,0xD6,
    0xFF,0xFF,0xFF,0x78,0x00,0x00,0x00,0x00,0x00,0x00,0x00,0x00,0x00,0x05,0xD3,0xFF,0xFF,0x49,0xFF,0xFF,
    0xFF,0x78,0x00,0x00,0x00,0x00,0x00,0x00,0x00,0x00,0x00,0x7D,0xFF,0xFF,0xAB,0x0C,0xFF,0xFF,0xFF,0x78,
    0x00,0x00,0x00,0x00,0x00,0x00,0x00,0x00,0x37,0xFB,0xFF,0xF3,0x1F,0x0C,0xFF,0xFF,0xFF,0x78,0x00,0x00,
    0x00,0x00,0x00,0x00,0x00,0x0E,0xDD,0xFF,0xFF,0x6C,0x00,0x0C,0xFF,0xFF,0xFF,0x78,0x00,0x00,0x00,0x00,
    0x00,0x00,0x00,0xA6,0xFF,0xFF,0xC3,0x01,0x00,0x0C,0xFF,0xFF,0xFF,0x78,0x00,0x00,0x00,0x00,0x00,0x00,
    0x63,0xFF,0xFF,0xF1,0x21,0x00,0x00,0x0C,0xFF,0xFF,0xFF,0x78,0x00,0x00,0x00,0x00,0x00,0x37,0xF8,0xFF,
    0xFF,0x5A,0x00,0x00,0x00,0x0C,0xFF,0xFF,0xFF,0x78,0x00,0x00,0x00,0x00,0x19,0xE5,0xFF,0xFF,0x9C,0x00,
    0x00,0x00,0x00,0x0C,0xFF,0xFF,0xFF,0x78,0x00,0x00,0x00,0x07,0xC7,0xFF,0xFF,0xD0,0x08,0x00,0x00,0x00,
    0x00,0x0C,0xFF,0xFF,0xFF,0x78,0x00,0x00,0x00,0x30,0xFF,0xFF,0xFF,0xFF,0xFF,0xFF,0xFF,0xFF,0xFF,0xFF,
    0xFF,0xFF,0xFF,0xFF,0xFF,0xFF,0xCC,0x30,0xFF,0xFF,0xFF,0xFF,0xFF,0xFF,0xFF,0xFF,0xFF,0xFF,0xFF,0xFF,
    0xFF,0xFF,0xFF,0xFF,0xCC,0x30,0xFF,0xFF,0xFF,0xFF,0xFF,0xFF,0xFF,0xFF,0xFF,0xFF,0xFF,0xFF,0xFF,0xFF,
    0xFF,0xFF,0xCC,0x00,0x04,0x04,0x04,0x04,0x04,0x04,0x04,0x04,0x04,0x0F,0xFF,0xFF,0xFF,0x7A,0x04,0x04,
    0x03,0x00,0x00,0x00,0x00,0x00,0x00,0x00,0x00,0x00,0x00,0x0C,0xFF,0xFF,0xFF,0x78,0x00,0x00,0x00,0x00,
    0x00,0x00,0x00,0x00,0x00,0x00,0x00,0x00,0x00,0x0C,0xFF,0xFF,0xFF,0x78,0x00,0x00,0x00,0x00,0x00,0x00,
    0x00,0x00,0x00,0x00,0x00,0x00,0x00,0x0C,0xFF,0xFF,0xFF,0x78,0x00,0x00,0x00,0x00,0x00,0x00,0x00,0x00,
    0x00,0x00,0x00,0x00,0x00,0x0C,0xFF,0xFF,0xFF,0x78,0x00,0x00,0x00,0x00,0x6D,0xFF,0xFF,0xFF,0xFF,0xFF,
    0xFF,0xFF,0xFF,0xFF,0xFF,0xA4,0x00,0x00,0x7D,0xFF,0xFF,0xFF,0xFF,0xFF,0xFF,0xFF,0xFF,0xFF,0xFF,0xA4,
    0x00,0x00,0x8E,0xFF,0xFF,0xFF,0xFF,0xFF,0xFF,0xFF,0xFF,0xFF,0xFF,0xA4,0x00,0x00,0x9F,0xFF,0xFF,0xA2,
    0x18,0x18,0x18,0x18,0x18,0x18,0x18,0x0F,0x00,0x00,0xB0,0xFF,0xFF,0x89,0x00,0x00,0x00,0x00,0x00,0x00,
    0x00,0x00,0x00,0x00,0xC1,0xFF,0xFF,0x79,0x00,0x00,0x00,0x00,0x00,0x00,0x00,0x00,0x00,0x00,0xD1,0xFF,
    0xFF,0x69,0x00,0x00,0x00,0x00,0x00,0x00,0x00,0x00,0x00,0x00,0xE2,0xFF,0xFF,0x59,0x00,0x00,0x00,0x00,
    0x00,0x00,0x00,0x00,0x00,0x00,0xF3,0xFF,0xFF,0x49,0x00,0x00,0x00,0x00,0x00,0x00,0x00,0x00,0x00,0x04,
    0xFF,0xFF,0xFF,0xF6,0xFA,0xFA,0xE9,0xBE,0x78,0x13,0x00,0x00,0x00,0x15,0xFF,0xFF,0xFF,0xFF,0xFF,0xFF,
    0xFF,0xFF,0xFF,0xF1,0x54,0x00,0x00,0x25,0xFF,0xFF,0xFB,0xF6,0xFF,0xFF,0xFF,0xFF,0xFF,0xFF,0xFD,0x4D,
    0x00,0x06,0x19,0x09,0x00,0x00,0x04,0x29,0x76,0xEB,0xFF,0xFF,0xFF,0xE4,0x09,0x00,0x00,0x00,0x00,0x00,
    0x00,0x00,0x00,0x1A,0xDD,0xFF,0xFF,0xFF,0x51,0x00,0x00,0x00,0x00,0x00,0x00,0x00,0x00,0x00,0x53,0xFF,
    0xFF,0xFF,0x8A,0x00,0x00,0x00,0x00,0x00,0x00,0x00,0x00,0x00,0x16,0xFF,0xFF,0xFF,0xA0,0x00,0x00,0x00,
    0x00,0x00,0x00,0x00,0x00,0x00,0x1C,0xFF,0xFF,0xFF,0x96,0x00,0x00,0x00,0x00,0x00,0x00,0x00,0x00,0x00,
    0x62,0xFF,0xFF,0xFF,0x72,0x1C,0x00,0x00,0x00,0x00,0x00,0x00,0x00,0x20,0xE6,0xFF,0xFF,0xFE,0x26,0x94,
    0xC3,0x59,0x14,0x00,0x00,0x1B,0x70,0xED,0xFF,0xFF,0xFF,0xA5,0x00,0x94,0xFF,0xFF,0xFF,0xF4,0xF5,0xFF,
    0xFF,0xFF,0xFF,0xFF,0xD3,0x11,0x00,0x94,0xFF,0xFF,0xFF,0xFF,0xFF,0xFF,0xFF,0xFF,0xFF,0xAB,0x12,0x00,
    0x00,0x20,0x86,0xC4,0xE8,0xF9,0xFB,0xEC,0xCC,0x90,0x32,0x00,0x00,0x00,0x00,0x00,0x00,0x00,0x00,0x00,
    0x00,0x2A,0x87,0xCE,0xEC,0xF8,0xE4,0xCB,0x90,0x0F,0x00,0x00,0x00,0x00,0x00,0x0C,0x93,0xFD,0xFF,0xFF,
    0xFF,0xFF,0xFF,0xFF,0xFF,0x2C,0x00,0x00,0x00,0x00,0x0E,0xC7,0xFF,0xFF,0xFF,0xFF,0xFF,0xF5,0xFF,0xFF,
    0xFF,0x2C,0x00,0x00,0x00,0x01,0xBC,0xFF,0xFF,0xFF,0xC7,0x4C,0x09,0x00,0x0B,0x4D,0xC0,0x2B,0x00,0x00,
    0x00,0x66,0xFF,0xFF,0xFF,0x9B,0x02,0x00,0x00,0x00,0x00,0x00,0x00,0x01,0x00,0x00,0x06,0xEA,0xFF,0xFF,
    0xCB,0x02,0x00,0x00,0x00,0x00,0x00,0x00,0x00,0x00,0x00,0x00,0x5A,0xFF,0xFF,0xFF,0x41,0x00,0x00,0x00,
    0x00,0x00,0x00,0x00,0x00,0x00,0x00,0x00,0xB5,0xFF,0xFF,0xDE,0x01,0x00,0x00,0x00,0x00,0x00,0x00,0x00,
    0x00,0x00,0x00,0x00,0xED,0xFF,0xFF,0x9E,0x00,0x00,0x00,0x00,0x00,0x00,0x00,0x00,0x00,0x00,0x00,0x25,
    0xFF,0xFF,0xFF,0x70,0x04,0x68,0xC4,0xEC,0xF8,0xE1,0xA2,0x36,0x00,0x00,0x00,0x44,0xFF,0xFF,0xFF,0x6C,
    0xC9,0xFF,0xFF,0xFF,0xFF,0xFF,0xFF,0xFF,0x87,0x00,0x00,0x54,0xFF,0xFF,0xFF,0xEF,0xFF,0xFF,0xF9,0xEE,
    0xFE,0xFF,0xFF,0xFF,0xFF,0x6D,0x00,0x63,0xFF,0xFF,0xFF,0xFF,0xEA,0x55,0x04,0x00,0x17,0xA1,0xFF,0xFF,
    0xFF,0xEF,0x0E,0x5D,0xFF,0xFF,0xFF,0xFB,0x2D,0x00,0x00,0x00,0x00,0x00,0xAF,0xFF,0xFF,0xFF,0x57,0x4E,
    0xFF,0xFF,0xFF,0xAA,0x00,0x00,0x00,0x00,0x00,0x00,0x3E,0xFF,0xFF,0xFF,0x8B,0x31,0xFF,0xFF,0xFF,0x82,
    0x00,0x00,0x00,0x00,0x00,0x00,0x15,0xFF,0xFF,0xFF,0x9D,0x05,0xF8,0xFF,0xFF,0x99,0x00,0x00,0x00,0x00,
    0x00,0x00,0x1A,0xFF,0xFF,0xFF,0x90,0x00,0xBB,0xFF,0xFF,0xDD,0x03,0x00,0x00,0x00,0x00,0x00,0x4A,0xFF,
    0xFF,0xFF,0x6A,0x00,0x59,0xFF,0xFF,0xFF,0x6E,0x00,0x00,0x00,0x00,0x02,0xC5,0xFF,0xFF,0xFD,0x1F,0x00,
    0x04,0xD2,0xFF,0xFF,0xFE,0x81,0x17,0x03,0x2B,0xBB,0xFF,0xFF,0xFF,0xA1,0x00,0x00,0x00,0x34,0xF3,0xFF,
    0xFF,0xFF,0xFF,0xFF,0xFF,0xFF,0xFF,0xFF,0xDC,0x11,0x00,0x00,0x00,0x00,0x3B,0xE4,0xFF,0xFF,0xFF,0xFF,
    0xFF,0xFF,0xFF,0xC4,0x1A,0x00,0x00,0x00,0x00,0x00,0x00,0x0D,0x76,0xC6,0xEC,0xF9,0xE3,0xAB,0x50,0x01,
    0x00,0x00,0x00,0xE8,0xFF,0xFF,0xFF,0xFF,0xFF,0xFF,0xFF,0xFF,0xFF,0xFF,0xFF,0xFF,0xFF,0xFF,0x10,0xE8,
    0xFF,0xFF,0xFF,0xFF,0xFF,0xFF,0xFF,0xFF,0xFF,0xFF,0xFF,0xFF,0xFF,0xFF,0x0E,0xE8,0xFF,0xFF,0xFF,0xFF,
    0xFF,0xFF,0xFF,0xFF,0xFF,0xFF,0xFF,0xFF,0xFF,0xB6,0x00,0x15,0x18,0x18,0x18,0x18,0x18,0x18,0x18,0x18,
    0x18,0x90,0xFF,0xFF,0xFF,0x35,0x00,0x00,0x00,0x00,0x00,0x00,0x00,0x00,0x00,0x00,0x0E,0xEE,0xFF,0xFF,
    0xB3,0x00,0x00,0x00,0x00,0x00,0x00,0x00,0x00,0x00,0x00,0x00,0x7C,0xFF,0xFF,0xFF,0x33,0x00,0x00,0x00,
    0x00,0x00,0x00,0x00,0x00,0x00,0x00,0x0C,0xEC,0xFF,0xFF,0xB0,0x00,0x00,0x00,0x00,0x00,0x00,0x00,0x00,
    0x00,0x00,0x00,0x78,0xFF,0xFF,0xFF,0x37,0x00,0x00,0x00,0x00,0x00,0x00,0x00,0x00,0x00,0x00,0x06,0xE8,
    0xFF,0xFF,0xC7,0x00,0x00,0x00,0x00,0x00,0x00,0x00,0x00,0x00,0x00,0x00,0x5B,0xFF,0xFF,0xFF,0x58,0x00,
    0x00,0x00,0x00,0x00,0x00,0x00,0x00,0x00,0x00,0x00,0xC7,0xFF,0xFF,0xE4,0x05,0x00,0x00,0x00,0x00,0x00,
    0x00,0x00,0x00,0x00,0x00,0x32,0xFF,0xFF,0xFF,0x7A,0x00,0x00,0x00,0x00,0x00,0x00,0x00,0x00,0x00,0x00,
    0x00,0x9F,0xFF,0xFF,0xFA,0x15,0x00,0x00,0x00,0x00,0x00,0x00,0x00,0x00,0x00,0x00,0x0B,0xF5,0xFF,0xFF,
    0xB2,0x00,0x00,0x00,0x00,0x00,0x00,0x00,0x00,0x00,0x00,0x00,0x56,0xFF,0xFF,0xFF,0x56,0x00,0x00,0x00,
    0x00,0x00,0x00,0x00,0x00,0x00,0x00,0x00,0xAB,0xFF,0xFF,0xF7,0x0A,0x00,0x00,0x00,0x00,0x00,0x00,0x00,
    0x00,0x00,0x00,0x0A,0xF5,0xFF,0xFF,0xB3,0x00,0x00,0x00,0x00,0x00,0x00,0x00,0x00,0x00,0x00,0x00,0x56,
    0xFF,0xFF,0xFF,0x66,0x00,0x00,0x00,0x00,0x00,0x00,0x00,0x00,0x00,0x00,0x00,0xA1,0xFF,0xFF,0xFF,0x24,
    0x00,0x00,0x00,0x00,0x00,0x00,0x00,0x00,0x00,0x00,0x00,0xE0,0xFF,0xFF,0xE4,0x00,0x00,0x00,0x00,0x00,
    0x00,0x00,0x00,0x00,0x00,0x00,0x1C,0xFF,0xFF,0xFF,0xAA,0x00,0x00,0x00,0x00,0x00,0x00,0x00,0x00,0x00,
    0x00,0x00,0x4E,0xFF,0xFF,0xFF,0x7C,0x00,0x00,0x00,0x00,0x00,0x00,0x00,0x00,0x00,0x00,0x00,0x7D,0xFF,
    0xFF,0xFF,0x4E,0x00,0x00,0x00,0x00,0x00,0x00,0x00,0x00,0x00,0x00,0x00,0x00,0x48,0xA6,0xE0,0xF8,0xF2,
    0xD2,0x8F,0x26,0x00,0x00,0x00,0x00,0x00,0x00,0x11,0xB9,0xFF,0xFF,0xFF,0xFF,0xFF,0xFF,0xFF,0xFB,0x7E,
    0x00,0x00,0x00,0x00,0x04,0xC7,0xFF,0xFF,0xFF,0xFF,0xDE,0xEA,0xFF,0xFF,0xFF,0xFF,0x7D,0x00,0x00,0x00,
    0x65,0xFF,0xFF,0xFF,0xCB,0x25,0x00,0x00,0x4A,0xED,0xFF,0xFF,0xFA,0x1C,0x00,0x00,0xB7,0xFF,0xFF,0xF8,
    0x1E,0x00,0x00,0x00,0x00,0x5F,0xFF,0xFF,0xFF,0x6A,0x00,0x00,0xD0,0xFF,0xFF,0xCA,0x00,0x00,0x00,0x00,
    0x00,0x11,0xFF,0xFF,0xFF,0x83,0x00,0x00,0xB2,0xFF,0xFF,0xD7,0x00,0x00,0x00,0x00,0x00,0x1C,0xFF,0xFF,
    0xFF,0x65,0x00,0x00,0x5A,0xFF,0xFF,0xFE,0x3B,0x00,0x00,0x00,0x00,0x82,0xFF,0xFF,0xF6,0x17,0x00,0x00,
    0x02,0xB8,0xFF,0xFF,0xE9,0x59,0x12,0x1F,0x84,0xFC,0xFF,0xFF,0x70,0x00,0x00,0x00,0x00,0x0B,0xAB,0xFF,
    0xFF,0xFF,0xFF,0xFF,0xFF,0xFF,0xFA,0x74,0x00,0x00,0x00,0x00,0x00,0x00,0x48,0xEE,0xFF,0xFF,0xFF,0xFF,
    0xFF,0xFF,0xCB,0x25,0x00,0x00,0x00,0x00,0x00,0x98,0xFF,0xFF,0xFF,0xEA,0xB6,0xBD,0xF7,0xFF,0xFF,0xF9,
    0x59,0x00,0x00,0x00,0x75,0xFF,0xFF,0xFF,0x82,0x05,0x00,0x00,0x19,0xBC,0xFF,0xFF,0xFA,0x3C,0x00,0x0B,
    0xEF,0xFF,0xFF,0xAF,0x00,0x00,0x00,0x00,0x00,0x09,0xE0,0xFF,0xFF,0xBE,0x00,0x58,0xFF,0xFF,0xFF,0x2F,
    0x00,0x00,0x00,0x00,0x00,0x00,0x69,0xFF,0xFF,0xFF,0x1D,0x7C,0xFF,0xFF,0xFC,0x01,0x00,0x00,0x00,0x00,
    0x00,0x00,0x35,0xFF,0xFF,0xFF,0x42,0x8C,0xFF,0xFF,0xFC,0x01,0x00,0x00,0x00,0x00,0x00,0x00,0x37,0xFF,
    0xFF,0xFF,0x53,0x73,0xFF,0xFF,0xFF,0x2F,0x00,0x00,0x00,0x00,0x00,0x00,0x6E,0xFF,0xFF,0xFF,0x3A,0x30,
    0xFF,0xFF,0xFF,0xB1,0x00,0x00,0x00,0x00,0x00,0x0E,0xE6,0xFF,0xFF,0xF1,0x06,0x00,0xBE,0xFF,0xFF,0xFF,
    0x9D,0x10,0x00,0x00,0x2C,0xCB,0xFF,0xFF,0xFF,0x87,0x00,0x00,0x23,0xEA,0xFF,0xFF,0xFF,0xFA,0xD8,0xDF,
    0xFF,0xFF,0xFF,0xFF,0xCD,0x0B,0x00,0x00,0x00,0x29,0xD0,0xFF,0xFF,0xFF,0xFF,0xFF,0xFF,0xFF,0xFF,0xB3,
    0x13,0x00,0x00,0x00,0x00,0x00,0x03,0x57,0xAD,0xE2,0xF8,0xF4,0xDA,0x9F,0x3F,0x00,0x00,0x00,0x00,0x00,
    0x00,0x00,0x00,0x3A,0x9C,0xDC,0xF6,0xF0,0xCD,0x81,0x13,0x00,0x00,0x00,0x00,0x00,0x00,0x0B,0xA7,0xFF,
    0xFF,0xFF,0xFF,0xFF,0xFF,0xFF,0xEE,0x46,0x00,0x00,0x00,0x00,0x05,0xC2,0xFF,0xFF,0xFF,0xFF,0xFD,0xFF,
    0xFF,0xFF,0xFF,0xF8,0x38,0x00,0x00,0x00,0x82,0xFF,0xFF,0xFF,0xC9,0x39,0x02,0x17,0x86,0xFE,0xFF,0xFF,
    0xD6,0x05,0x00,0x0F,0xF3,0xFF,0xFF,0xE0,0x0B,0x00,0x00,0x00,0x00,0x7C,0xFF,0xFF,0xFF,0x55,0x00,0x56,
    0xFF,0xFF,0xFF,0x5D,0x00,0x00,0x00,0x00,0x00,0x05,0xE9,0xFF,0xFF,0xB6,0x00,0x8A,0xFF,0xFF,0xFF,0x13,
    0x00,0x00,0x00,0x00,0x00,0x00,0x9F,0xFF,0xFF,0xF1,0x01,0xA0,0xFF,0xFF,0xFF,0x01,0x00,0x00,0x00,0x00,
    0x00,0x00,0x78,0xFF,0xFF,0xFF,0x27,0x9B,0xFF,0xFF,0xFF,0x13,0x00,0x00,0x00,0x00,0x00,0x00,0x74,0xFF,
    0xFF,0xFF,0x40,0x7D,0xFF,0xFF,0xFF,0x53,0x00,0x00,0x00,0x00,0x00,0x00,0xAA,0xFF,0xFF,0xFF,0x4F,0x3B,
    0xFF,0xFF,0xFF,0xD1,0x08,0x00,0x00,0x00,0x00,0x3C,0xFE,0xFF,0xFF,0xFF,0x57,0x00,0xCE,0xFF,0xFF,0xFF,
    0xC7,0x3D,0x06,0x0D,0x67,0xF2,0xFF,0xFF,0xFF,0xFF,0x49,0x00,0x35,0xF9,0xFF,0xFF,0xFF,0xFF,0xFF,0xFF,
    0xFF,0xFF,0xDD,0xFF,0xFF,0xFF,0x39,0x00,0x00,0x49,0xF1,0xFF,0xFF,0xFF,0xFF,0xFF,0xFF,0xB8,0x65,0xFF,
    0xFF,0xFF,0x23,0x00,0x00,0x00,0x16,0x88,0xD3,0xF5,0xEE,0xC4,0x60,0x02,0x77,0xFF,0xFF,0xEF,0x01,0x00,
    0x00,0x00,0x00,0x00,0x00,0x00,0x00,0x00,0x00,0x00,0xAC,0xFF,0xFF,0xBB,0x00,0x00,0x00,0x00,0x00,0x00,
    0x00,0x00,0x00,0x00,0x00,0x0C,0xF4,0xFF,0xFF,0x6F,0x00,0x00,0x00,0x00,0x00,0x00,0x00,0x00,0x00,0x00,
    0x00,0x7F,0xFF,0xFF,0xF8,0x12,0x00,0x00,0x00,0x00,0x00,0x00,0x00,0x00,0x00,0x00,0x4C,0xF9,0xFF,0xFF,
    0x92,0x00,0x00,0x00,0x4F,0x80,0x3C,0x0F,0x00,0x05,0x32,0x98,0xFD,0xFF,0xFF,0xE2,0x0D,0x00,0x00,0x00,
    0x68,0xFF,0xFF,0xFF,0xFA,0xFE,0xFF,0xFF,0xFF,0xFF,0xEA,0x2E,0x00,0x00,0x00,0x00,0x68,0xFF,0xFF,0xFF,
    0xFF,0xFF,0xFF,0xFF,0xFF,0xC2,0x27,0x00,0x00,0x00,0x00,0x00,0x1C,0x82,0xC0,0xE8,0xFA,0xF3,0xD9,0x9F,
    0x4B,0x00,0x00,0x00,0x00,0x00,0x00,0x00,0x86,0xEF,0xE0,0x52,0x00,0x44,0xFF,0xFF,0xFF,0xF7,0x0A,0x45,
    0xFF,0xFF,0xFF,0xF8,0x0C,0x00,0x89,0xF0,0xE1,0x55,0x00,0x00,0x00,0x00,0x00,0x00,0x00,0x00,0x00,0x00,
    0x00,0x00,0x00,0x00,0x00,0x00,0x00,0x00,0x00,0x00,0x00,0x00,0x00,0x00,0x00,0x00,0x00,0x00,0x00,0x00,
    0x00,0x00,0x00,0x00,0x00,0x00,0x00,0x00,0x00,0x00,0x00,0x00,0x00,0x00,0x00,0x00,0x00,0x00,0x00,0x00,
    0x86,0xEF,0xE0,0x52,0x00,0x44,0xFF,0xFF,0xFF,0xF7,0x0A,0x45,0xFF,0xFF,0xFF,0xF8,0x0C,0x00,0x89,0xF0,
    0xE1,0x55,0x00,0x00,0x00,0x82,0xEF,0xDD,0x46,0x00,0x37,0xFF,0xFF,0xFF,0xE9,0x00,0x35,0xFF,0xFF,0xFF,
    0xE7,0x00,0x00,0x7F,0xEF,0xDD,0x44,0x00,0x00,0x00,0x00,0x00,0x00,0x00,0x00,0x00,0x00,0x00,0x00,0x00,
    0x00,0x00,0x00,0x00,0x00,0x00,0x00,0x00,0x00,0x00,0x00,0x00,0x00,0x00,0x00,0x00,0x00,0x00,0x00,0x00,
    0x00,0x00,0x00,0x00,0x00,0x00,0x00,0x00,0x00,0x00,0x00,0x00,0x00,0x00,0x00,0x00,0x00,0xCC,0xFF,0xFF,
    0x99,0x00,0x07,0xFA,0xFF,0xFF,0x4D,0x00,0x39,0xFF,0xFF,0xF7,0x0A,0x00,0x6F,0xFF,0xFF,0xB5,0x00,0x00,
    0xA6,0xFF,0xFF,0x69,0x00,0x00,0xDC,0xFF,0xFF,0x1E,0x00,0x13,0xFF,0xFF,0xD1,0x00,0x00,0x49,0xFF,0xFF,
    0x85,0x00,0x00,0x00,0x00,0x00,0x00,0x00,0x00,0x00,0x00,0x00,0x00,0x00,0x00,0x27,0xAC,0x1B,0x00,0x00,
    0x00,0x00,0x00,0x00,0x00,0x00,0x00,0x00,0x1B,0x9A,0xFC,0xFF,0x1C,0x00,0x00,0x00,0x00,0x00,0x00,0x00,
    0x00,0x11,0x89,0xF6,0xFF,0xFF,0xFF,0x1C,0x00,0x00,0x00,0x00,0x00,0x00,0x09,0x77,0xEF,0xFF,0xFF,0xFF,
    0xD6,0x58,0x01,0x00,0x00,0x00,0x00,0x04,0x66,0xE5,0xFF,0xFF,0xFF,0xDA,0x5C,0x02,0x00,0x00,0x00,0x00,
    0x01,0x54,0xD9,0xFF,0xFF,0xFF,0xDD,0x60,0x03,0x00,0x00,0x00,0x00,0x00,0x43,0xCB,0xFF,0xFF,0xFF,0xE0,
    0x65,0x04,0x00,0x00,0x00,0x00,0x00,0x00,0xA6,0xFF,0xFF,0xFF,0xE3,0x69,0x06,0x00,0x00,0x00,0x00,0x00,
    0x00,0x00,0x00,0xD8,0xFF,0xFF,0xFD,0x78,0x0C,0x00,0x00,0x00,0x00,0x00,0x00,0x00,0x00,0x00,0x4B,0xCD,
    0xFF,0xFF,0xFF,0xEE,0x85,0x17,0x00,0x00,0x00,0x00,0x00,0x00,0x00,0x00,0x00,0x4B,0xC8,0xFF,0xFF,0xFF,
    0xF7,0x99,0x25,0x00,0x00,0x00,0x00,0x00,0x00,0x00,0x00,0x00,0x47,0xC4,0xFF,0xFF,0xFF,0xFD,0xAD,0x37,
    0x00,0x00,0x00,0x00,0x00,0x00,0x00,0x00,0x00,0x43,0xC1,0xFF,0xFF,0xFF,0xFF,0xC1,0x4B,0x01,0x00,0x00,
    0x00,0x00,0x00,0x00,0x00,0x00,0x3E,0xBC,0xFF,0xFF,0xFF,0xFF,0x1C,0x00,0x00,0x00,0x00,0x00,0x00,0x00,
    0x00,0x00,0x00,0x3A,0xB8,0xFF,0xFF,0x1C,0x00,0x00,0x00,0x00,0x00,0x00,0x00,0x00,0x00,0x00,0x00,0x00,
    0x36,0xB4,0x1B,0x54,0xFF,0xFF,0xFF,0xFF,0xFF,0xFF,0xFF,0xFF,0xFF,0xFF,0xFF,0xFF,0xFF,0xFF,0x98,0x54,
    0xFF,0xFF,0xFF,0xFF,0xFF,0xFF,0xFF,0xFF,0xFF,0xFF,0xFF,0xFF,0xFF,0xFF,0x98,0x30,0x94,0x94,0x94,0x94,
    0x94,0x94,0x94,0x94,0x94,0x94,0x94,0x94,0x94,0x94,0x57,0x00,0x00,0x00,0x00,0x00,0x00,0x00,0x00,0x00,
    0x00,0x00,0x00,0x00,0x00,0x00,0x00,0x00,0x00,0x00,0x00,0x00,0x00,0x00,0x00,0x00,0x00,0x00,0x00,0x00,
    0x00,0x00,0x00,0x00,0x00,0x00,0x00,0x00,0x00,0x00,0x00,0x00,0x00,0x00,0x00,0x00,0x00,0x00,0x00,0x00,
    0x00,0x00,0x00,0x00,0x00,0x00,0x00,0x00,0x00,0x00,0x00,0x00,0x00,0x00,0x00,0x54,0xFF,0xFF,0xFF,0xFF,
    0xFF,0xFF,0xFF,0xFF,0xFF,0xFF,0xFF,0xFF,0xFF,0xFF,0x98,0x54,0xFF,0xFF,0xFF,0xFF,0xFF,0xFF,0xFF,0xFF,
    0xFF,0xFF,0xFF,0xFF,0xFF,0xFF,0x98,0x2F,0x90,0x90,0x90,0x90,0x90,0x90,0x90,0x90,0x90,0x90,0x90,0x90,
    0x90,0x90,0x55,0xA6,0x48,0x00,0x00,0x00,0x00,0x00,0x00,0x00,0x00,0x00,0x00,0x00,0x00,0x00,0xD8,0xFF,
    0xBF,0x37,0x00,0x00,0x00,0x00,0x00,0x00,0x00,0x00,0x00,0x00,0x00,0xD8,0xFF,0xFF,0xFF,0xAF,0x29,0x00,
    0x00,0x00,0x00,0x00,0x00,0x00,0x00,0x00,0x38,0xBA,0xFF,0xFF,0xFF,0xFC,0x9E,0x1D,0x00,0x00,0x00,0x00,
    0x00,0x00,0x00,0x00,0x00,0x3C,0xBE,0xFF,0xFF,0xFF,0xF8,0x8D,0x13,0x00,0x00,0x00,0x00,0x00,0x00,0x00,
    0x00,0x00,0x3F,0xC0,0xFF,0xFF,0xFF,0xF1,0x7C,0x0B,0x00,0x00,0x00,0x00,0x00,0x00,0x00,0x00,0x00,0x42,
    0xC3,0xFF,0xFF,0xFF,0xE8,0x6B,0x05,0x00,0x00,0x00,0x00,0x00,0x00,0x00,0x00,0x00,0x45,0xC6,0xFF,0xFF,
    0xFF,0xDC,0x10,0x00,0x00,0x00,0x00,0x00,0x00,0x00,0x00,0x01,0x49,0xE5,0xFF,0xFF,0xFF,0x1C,0x00,0x00,
    0x00,0x00,0x00,0x00,0x06,0x60,0xD3,0xFF,0xFF,0xFF,0xE6,0x71,0x04,0x00,0x00,0x00,0x00,0x0F,0x77,0xE5,
    0xFF,0xFF,0xFF,0xE3,0x6D,0x08,0x00,0x00,0x00,0x00,0x1D,0x8D,0xF2,0xFF,0xFF,0xFF,0xE0,0x69,0x06,0x00,
    0x00,0x00,0x00,0x30,0xA4,0xFB,0xFF,0xFF,0xFF,0xDD,0x64,0x05,0x00,0x00,0x00,0x00,0x00,0x00,0xD8,0xFF,
    0xFF,0xFF,0xDA,0x60,0x04,0x00,0x00,0x00,0x00,0x00,0x00,0x00,0x00,0xD8,0xFF,0xD6,0x5C,0x03,0x00,0x00,
    0x00,0x00,0x00,0x00,0x00,0x00,0x00,0x00,0xAB,0x57,0x02,0x00,0x00,0x00,0x00,0x00,0x00,0x00,0x00,0x00,
    0x00,0x00,0x00,0x00,0x0E,0x65,0xB2,0xE3,0xF8,0xF4,0xD2,0x8D,0x23,0x00,0x00,0x00,0x48,0xEF,0xFF,0xFF,
    0xFF,0xFF,0xFF,0xFF,0xFF,0xF7,0x60,0x00,0x00,0x74,0xFF,0xFF,0xFF,0xFF,0xFF,0xFF,0xFF,0xFF,0xFF,0xFE,
    0x3E,0x00,0x74,0xFF,0xA9,0x45,0x15,0x1B,0x52,0xD2,0xFF,0xFF,0xFF,0xB8,0x00,0x61,0x45,0x00,0x00,0x00,
    0x00,0x00,0x11,0xDF,0xFF,0xFF,0xF4,0x00,0x00,0x00,0x00,0x00,0x00,0x00,0x00,0x00,0x89,0xFF,0xFF,0xFE,
    0x02,0x00,0x00,0x00,0x00,0x00,0x00,0x00,0x00,0x91,0xFF,0xFF,0xE4,0x00,0x00,0x00,0x00,0x00,0x00,0x00,
    0x00,0x0E,0xE5,0xFF,0xFF,0x95,0x00,0x00,0x00,0x00,0x00,0x00,0x00,0x00,0xA6,0xFF,0xFF,0xF2,0x18,0x00,
    0x00,0x00,0x00,0x00,0x00,0x00,0x8F,0xFF,0xFF,0xFF,0x61,0x00,0x00,0x00,0x00,0x00,0x00,0x00,0x82,0xFF,
    0xFF,0xFF,0x76,0x00,0x00,0x00,0x00,0x00,0x00,0x00,0x5E,0xFF,0xFF,0xFF,0x72,0x00,0x00,0x00,0x00,0x00,
    0x00,0x00,0x15,0xED,0xFF,0xFF,0x89,0x00,0x00,0x00,0x00,0x00,0x00,0x00,0x00,0x73,0xFF,0xFF,0xD5,0x03,
    0x00,0x00,0x00,0x00,0x00,0x00,0x00,0x00,0x99,0xFF,0xFF,0x8E,0x00,0x00,0x00,0x00,0x00,0x00,0x00,0x00,
    0x00,0x8D,0xFF,0xFF,0x9C,0x00,0x00,0x00,0x00,0x00,0x00,0x00,0x00,0x00,0x63,0xFF,0xFF,0xD9,0x00,0x00,
    0x00,0x00,0x00,0x00,0x00,0x00,0x00,0x00,0x00,0x00,0x00,0x00,0x00,0x00,0x00,0x00,0x00,0x00,0x00,0x00,
    0x00,0x00,0x00,0x00,0x00,0x00,0x00,0x00,0x00,0x00,0x00,0x00,0x00,0x17,0xB9,0xF4,0xBB,0x18,0x00,0x00,
    0x00,0x00,0x00,0x00,0x00,0x00,0x99,0xFF,0xFF,0xFF,0x9D,0x00,0x00,0x00,0x00,0x00,0x00,0x00,0x00,0x99,
    0xFF,0xFF,0xFF,0x9D,0x00,0x00,0x00,0x00,0x00,0x00,0x00,0x00,0x18,0xBB,0xF5,0xBD,0x1A,0x00,0x00,0x00,
    0x00,0x00,0x00,0x00,0x00,0x00,0x00,0x00,0x00,0x00,0x16,0x5D,0xA6,0xD0,0xE6,0xF9,0xEE,0xDB,0xBA,0x7A,
    0x35,0x00,0x00,0x00,0x00,0x00,0x00,0x00,0x00,0x00,0x00,0x00,0x00,0x00,0x00,0x18,0x95,0xFA,0xFF,0xFF,
    0xFF,0xFF,0xFF,0xFF,0xFF,0xFF,0xFF,0xFF,0xC6,0x4C,0x00,0x00,0x00,0x00,0x00,0x00,0x00,0x00,0x00,0x00,
    0x00,0x55,0xF4,0xFF,0xFF,0xF8,0xB8,0x74,0x59,0x45,0x53,0x68,0x9D,0xDF,0xFF,0xFF,0xFF,0xA1,0x0B,0x00,
    0x00,0x00,0x00,0x00,0x00,0x00,0x00,0x7B,0xFE,0xFF,0xFB,0x93,0x13,0x00,0x00,0x00,0x00,0x00,0x00,0x00,
    0x01,0x4F,0xD3,0xFF,0xFF,0xD1,0x11,0x00,0x00,0x00,0x00,0x00,0x00,0x69,0xFF,0xFF,0xED,0x3B,0x00,0x00,
    0x00,0x00,0x00,0x00,0x00,0x00,0x00,0x00,0x00,0x09,0xA3,0xFF,0xFF,0xC4,0x09,0x00,0x00,0x00,0x00,0x3B,
    0xFA,0xFF,0xEF,0x29,0x00,0x00,0x00,0x00,0x00,0x00,0x00,0x00,0x00,0x00,0x00,0x00,0x00,0x01,0xAF,0xFF,
    0xFF,0x83,0x00,0x00,0x00,0x01,0xD1,0xFF,0xFF,0x4F,0x00,0x00,0x00,0x00,0x55,0xBC,0xED,0xF2,0xB1,0x22,
    0x8B,0xFF,0xFF,0x10,0x00,0x0C,0xE8,0xFF,0xF6,0x1D,0x00,0x00,0x56,0xFF,0xFF,0xA8,0x00,0x00,0x00,0x03,
    0xA5,0xFF,0xFF,0xFF,0xFF,0xFF,0xE3,0xB3,0xFF,0xF9,0x00,0x00,0x00,0x6F,0xFF,0xFF,0x7B,0x00,0x00,0xC0,
    0xFF,0xFE,0x2D,0x00,0x00,0x00,0x8C,0xFF,0xFF,0xE0,0x66,0x42,0x78,0xF5,0xFF,0xFF,0xE3,0x00,0x00,0x00,
    0x15,0xFE,0xFF,0xC9,0x00,0x0D,0xFA,0xFF,0xCE,0x00,0x00,0x00,0x2D,0xFC,0xFF,0xE5,0x18,0x00,0x00,0x00,
    0x70,0xFF,0xFF,0xCD,0x00,0x00,0x00,0x00,0xD0,0xFF,0xFB,0x01,0x4C,0xFF,0xFF,0x8A,0x00,0x00,0x00,0x99,
    0xFF,0xFF,0x5C,0x00,0x00,0x00,0x00,0x28,0xFF,0xFF,0xB7,0x00,0x00,0x00,0x00,0xB2,0xFF,0xFF,0x15,0x6C,
    0xFF,0xFF,0x5C,0x00,0x00,0x00,0xE5,0xFF,0xF2,0x07,0x00,0x00,0x00,0x00,0x14,0xFF,0xFF,0xA1,0x00,0x00,
    0x00,0x00,0xA0,0xFF,0xFF,0x26,0x81,0xFF,0xFF,0x48,0x00,0x00,0x17,0xFF,0xFF,0xBF,0x00,0x00,0x00,0x00,
    0x00,0x1F,0xFF,0xFF,0x8C,0x00,0x00,0x00,0x00,0xA8,0xFF,0xFF,0x19,0x8E,0xFF,0xFF,0x3D,0x00,0x00,0x2D,
    0xFF,0xFF,0xA3,0x00,0x00,0x00,0x00,0x00,0x3F,0xFF,0xFF,0x76,0x00,0x00,0x00,0x00,0xC5,0xFF,0xF8,0x05,
    0x7D,0xFF,0xFF,0x50,0x00,0x00,0x32,0xFF,0xFF,0xA7,0x00,0x00,0x00,0x00,0x00,0x79,0xFF,0xFF,0x64,0x00,
    0x00,0x00,0x07,0xF4,0xFF,0xC4,0x00,0x68,0xFF,0xFF,0x69,0x00,0x00,0x1D,0xFF,0xFF,0xC9,0x00,0x00,0x00,
    0x00,0x01,0xD4,0xFF,0xFF,0x70,0x00,0x00,0x00,0x55,0xFF,0xFF,0x6C,0x00,0x3F,0xFF,0xFF,0xA6,0x00,0x00,
    0x00,0xE6,0xFF,0xFF,0x2F,0x00,0x00,0x00,0x6C,0xEE,0xFF,0xFF,0x9F,0x00,0x00,0x0B,0xD9,0xFF,0xE6,0x0D,
    0x00,0x05,0xF3,0xFF,0xEA,0x06,0x00,0x00,0x82,0xFF,0xFF,0xE7,0x63,0x43,0x8E,0xFD,0x6F,0xF1,0xFF,0xF8,
    0x63,0x4F,0xCB,0xFF,0xFD,0x4A,0x00,0x00,0x00,0xAC,0xFF,0xFF,0x66,0x00,0x00,0x09,0xCD,0xFF,0xFF,0xFF,
    0xFF,0xFF,0xC1,0x07,0x98,0xFF,0xFF,0xFF,0xFF,0xFF,0xF8,0x5E,0x00,0x00,0x00,0x00,0x32,0xFF,0xFF,0xE3,
    0x13,0x00,0x00,0x0E,0x8D,0xE3,0xF8,0xDA,0x82,0x0C,0x00,0x0B,0x89,0xDE,0xF8,0xE4,0x9F,0x29,0x00,0x00,
    0x00,0x00,0x00,0x00,0xA9,0xFF,0xFF,0xBB,0x04,0x00,0x00,0x00,0x00,0x00,0x00,0x00,0x00,0x00,0x00,0x00,
    0x00,0x00,0x00,0x00,0x00,0x00,0x00,0x00,0x00,0x00,0x00,0x10,0xD9,0xFF,0xFF,0xBC,0x12,0x00,0x00,0x00,
    0x00,0x00,0x00,0x00,0x00,0x00,0x00,0x00,0x00,0x00,0x00,0x00,0x00,0x00,0x00,0x00,0x00,0x00,0x00,0x26,
    0xE4,0xFF,0xFF,0xE4,0x69,0x06,0x00,0x00,0x00,0x00,0x00,0x00,0x00,0x00,0x00,0x1E,0x02,0x00,0x00,0x00,
    0x00,0x00,0x00,0x00,0x00,0x00,0x00,0x17,0xC3,0xFF,0xFF,0xFF,0xEF,0xAE,0x74,0x5E,0x4C,0x4F,0x5B,0x76,
    0x9D,0xD3,0xFF,0x08,0x00,0x00,0x00,0x00,0x00,0x00,0x00,0x00,0x00,0x00,0x00,0x04,0x62,0xDD,0xFF,0xFF,
    0xFF,0xFF,0xFF,0xFF,0xFF,0xFF,0xFF,0xFF,0xFF,0xFE,0x07,0x00,0x00,0x00,0x00,0x00,0x00,0x00,0x00,0x00,
    0x00,0x00,0x00,0x00,0x04,0x43,0x88,0xC4,0xDE,0xF2,0xFD,0xF5,0xE5,0xC9,0xA0,0x68,0x1C,0x00,0x00,0x00,
    0x00,0x00,0x00,0x00,0x00,0x00,0x00,0x00,0x00,0x00,0x00,0x00,0x87,0xFF,0xFF,0xFF,0xF7,0x0E,0x00,0x00,
    0x00,0x00,0x00,0x00,0x00,0x00,0x00,0x00,0x00,0x00,0x00,0x00,0x00,0x01,0xE2,0xFF,0xFF,0xFF,0xFF,0x62,
    0x00,0x00,0x00,0x00,0x00,0x00,0x00,0x00,0x00,0x00,0x00,0x00,0x00,0x00,0x00,0x42,0xFF,0xFF,0xFF,0xFF,
    0xFF,0xBF,0x00,0x00,0x00,0x00,0x00,0x00,0x00,0x00,0x00,0x00,0x00,0x00,0x00,0x00,0x00,0x9F,0xFF,0xFF,
    0xC2,0xFF,0xFF,0xFE,0x1D,0x00,0x00,0x00,0x00,0x00,0x00,0x00,0x00,0x00,0x00,0x00,0x00,0x00,0x09,0xF2,
    0xFF,0xFF,0x54,0xF6,0xFF,0xFF,0x78,0x00,0x00,0x00,0x00,0x00,0x00,0x00,0x00,0x00,0x00,0x00,0x00,0x00,
    0x5A,0xFF,0xFF,0xF2,0x07,0xAE,0xFF,0xFF,0xD5,0x00,0x00,0x00,0x00,0x00,0x00,0x00,0x00,0x00,0x00,0x00,
    0x00,0x00,0xB7,0xFF,0xFF,0xA7,0x00,0x5B,0xFF,0xFF,0xFF,0x32,0x00,0x00,0x00,0x00,0x00,0x00,0x00,0x00,
    0x00,0x00,0x00,0x18,0xFC,0xFF,0xFF,0x55,0x00,0x0E,0xF8,0xFF,0xFF,0x8E,0x00,0x00,0x00,0x00,0x00,0x00,
    0x00,0x00,0x00,0x00,0x00,0x72,0xFF,0xFF,0xF6,0x0B,0x00,0x00,0xB4,0xFF,0xFF,0xE7,0x03,0x00,0x00,0x00,
    0x00,0x00,0x00,0x00,0x00,0x00,0x00,0xCF,0xFF,0xFF,0xAF,0x00,0x00,0x00,0x60,0xFF,0xFF,0xFF,0x48,0x00,
    0x00,0x00,0x00,0x00,0x00,0x00,0x00,0x00,0x2C,0xFF,0xFF,0xFF,0x5D,0x00,0x00,0x00,0x11,0xFA,0xFF,0xFF,
    0xA4,0x00,0x00,0x00,0x00,0x00,0x00,0x00,0x00,0x00,0x8A,0xFF,0xFF,0xFA,0x10,0x00,0x00,0x00,0x00,0xB9,
    0xFF,0xFF,0xF5,0x0C,0x00,0x00,0x00,0x00,0x00,0x00,0x00,0x02,0xE4,0xFF,0xFF,0xB7,0x00,0x00,0x00,0x00,
    0x00,0x66,0xFF,0xFF,0xFF,0x5E,0x00,0x00,0x00,0x00,0x00,0x00,0x00,0x45,0xFF,0xFF,0xFF,0x65,0x00,0x00,
    0x00,0x00,0x00,0x15,0xFC,0xFF,0xFF,0xBB,0x00,0x00,0x00,0x00,0x00,0x00,0x00,0xA2,0xFF,0xFF,0xFF,0xFF,
    0xFF,0xFF,0xFF,0xFF,0xFF,0xFF,0xFF,0xFF,0xFF,0xFD,0x1A,0x00,0x00,0x00,0x00,0x00,0x0B,0xF4,0xFF,0xFF,
    0xFF,0xFF,0xFF,0xFF,0xFF,0xFF,0xFF,0xFF,0xFF,0xFF,0xFF,0xFF,0x74,0x00,0x00,0x00,0x00,0x00,0x5D,0xFF,
    0xFF,0xFF,0xFF,0xFF,0xFF,0xFF,0xFF,0xFF,0xFF,0xFF,0xFF,0xFF,0xFF,0xFF,0xD1,0x00,0x00,0x00,0x00,0x00,
    0xBB,0xFF,0xFF,0xFF,0x23,0x08,0x08,0x08,0x08,0x08,0x08,0x08,0x08,0xC4,0xFF,0xFF,0xFF,0x2D,0x00,0x00,
    0x00,0x1A,0xFD,0xFF,0xFF,0xC9,0x00,0x00,0x00,0x00,0x00,0x00,0x00,0x00,0x00,0x6D,0xFF,0xFF,0xFF,0x8A,
    0x00,0x00,0x00,0x75,0xFF,0xFF,0xFF,0x76,0x00,0x00,0x00,0x00,0x00,0x00,0x00,0x00,0x00,0x19,0xFD,0xFF,
    0xFF,0xE4,0x02,0x00,0x00,0xD2,0xFF,0xFF,0xFF,0x23,0x00,0x00,0x00,0x00,0x00,0x00,0x00,0x00,0x00,0x00,
    0xC0,0xFF,0xFF,0xFF,0x43,0x00,0x30,0xFF,0xFF,0xFF,0xD0,0x00,0x00,0x00,0x00,0x00,0x00,0x00,0x00,0x00,
    0x00,0x00,0x6A,0xFF,0xFF,0xFF,0xA0,0x00,0x8D,0xFF,0xFF,0xFF,0x7D,0x00,0x00,0x00,0x00,0x00,0x00,0x00,
    0x00,0x00,0x00,0x00,0x16,0xFC,0xFF,0xFF,0xF3,0x0A,0x3C,0xFF,0xFF,0xFF,0xFF,0xFF,0xFF,0xFF,0xF5,0xDF,
    0xAC,0x56,0x03,0x00,0x00,0x00,0x3C,0xFF,0xFF,0xFF,0xFF,0xFF,0xFF,0xFF,0xFF,0xFF,0xFF,0xFF,0xCC,0x20,
    0x00,0x00,0x3C,0xFF,0xFF,0xFF,0xFD,0xFC,0xFC,0xFF,0xFF,0xFF,0xFF,0xFF,0xFF,0xE0,0x0F,0x00,0x3C,0xFF,
    0xFF,0xFF,0x78,0x00,0x00,0x07,0x25,0x81,0xF7,0xFF,0xFF,0xFF,0x85,0x00,0x3C,0xFF,0xFF,0xFF,0x78,0x00,
    0x00,0x00,0x00,0x00,0x6E,0xFF,0xFF,0xFF,0xD0,0x00,0x3C,0xFF,0xFF,0xFF,0x78,0x00,0x00,0x00,0x00,0x00,
    0x19,0xFF,0xFF,0xFF,0xE6,0x00,0x3C,0xFF,0xFF,0xFF,0x78,0x00,0x00,0x00,0x00,0x00,0x04,0xFF,0xFF,0xFF,
    0xD1,0x00,0x3C,0xFF,0xFF,0xFF,0x78,0x00,0x00,0x00,0x00,0x00,0x31,0xFF,0xFF,0xFF,0x93,0x00,0x3C,0xFF,
    0xFF,0xFF,0x78,0x00,0x00,0x00,0x00,0x01,0xB0,0xFF,0xFF,0xF9,0x25,0x00,0x3C,0xFF,0xFF,0xFF,0x78,0x00,
    0x00,0x16,0x44,0xC3,0xFF,0xFF,0xFA,0x53,0x00,0x00,0x3C,0xFF,0xFF,0xFF,0xFF,0xFF,0xFF,0xFF,0xFF,0xFF,
    0xFF,0xC2,0x3D,0x00,0x00,0x00,0x3C,0xFF,0xFF,0xFF,0xFF,0xFF,0xFF,0xFF,0xFF,0xFF,0xFC,0xBC,0x75,0x0F,
    0x00,0x00,0x3C,0xFF,0xFF,0xFF,0xFD,0xFC,0xFC,0xFE,0xFF,0xFF,0xFF,0xFF,0xFF,0xE8,0x39,0x00,0x3C,0xFF,
    0xFF,0xFF,0x78,0x00,0x00,0x01,0x14,0x48,0xB4,0xFF,0xFF,0xFF,0xED,0x1B,0x3C,0xFF,0xFF,0xFF,0x78,0x00,
    0x00,0x00,0x00,0x00,0x00,0x9E,0xFF,0xFF,0xFF,0x8F,0x3C,0xFF,0xFF,0xFF,0x78,0x00,0x00,0x00,0x00,0x00,
    0x00,0x27,0xFF,0xFF,0xFF,0xD3,0x3C,0xFF,0xFF,0xFF,0x78,0x00,0x00,0x00,0x00,0x00,0x00,0x0A,0xFF,0xFF,
    0xFF,0xE9,0x3C,0xFF,0xFF,0xFF,0x78,0x00,0x00,0x00,0x00,0x00,0x00,0x2C,0xFF,0xFF,0xFF,0xD6,0x3C,0xFF,
    0xFF,0xFF,0x78,0x00,0x00,0x00,0x00,0x00,0x00,0xA8,0xFF,0xFF,0xFF,0x9B,0x3C,0xFF,0xFF,0xFF,0x78,0x00,
    0x00,0x00,0x14,0x43,0xBE,0xFF,0xFF,0xFF,0xFB,0x2E,0x3C,0xFF,0xFF,0xFF,0xFB,0xF8,0xF8,0xF9,0xFF,0xFF,
    0xFF,0xFF,0xFF,0xFF,0x6B,0x00,0x3C,0xFF,0xFF,0xFF,0xFF,0xFF,0xFF,0xFF,0xFF,0xFF,0xFF,0xFF,0xE9,0x54,
    0x00,0x00,0x3C,0xFF,0xFF,0xFF,0xFF,0xFF,0xFF,0xFF,0xF7,0xE2,0xB2,0x66,0x0C,0x00,0x00,0x00,0x00,0x00,
    0x00,0x00,0x00,0x00,0x00,0x30,0x7D,0xC0,0xDF,0xF4,0xFA,0xED,0xCF,0x9E,0x56,0x07,0x00,0x00,0x00,0x00,
    0x00,0x31,0xB6,0xFF,0xFF,0xFF,0xFF,0xFF,0xFF,0xFF,0xFF,0xFF,0xFF,0x64,0x00,0x00,0x00,0x00,0x68,0xFA,
    0xFF,0xFF,0xFF,0xFF,0xFF,0xFF,0xFF,0xFF,0xFF,0xFF,0xFF,0x64,0x00,0x00,0x00,0x82,0xFF,0xFF,0xFF,0xFF,
    0xFD,0xBB,0x77,0x57,0x49,0x5D,0x92,0xE5,0xFF,0x64,0x00,0x00,0x58,0xFF,0xFF,0xFF,0xFF,0xBC,0x2A,0x00,
    0x00,0x00,0x00,0x00,0x00,0x05,0x6D,0x57,0x00,0x13,0xF2,0xFF,0xFF,0xFF,0x9A,0x03,0x00,0x00,0x00,0x00,
    0x00,0x00,0x00,0x00,0x00,0x00,0x00,0x88,0xFF,0xFF,0xFF,0xBF,0x03,0x00,0x00,0x00,0x00,0x00,0x00,0x00,
    0x00,0x00,0x00,0x00,0x02,0xEE,0xFF,0xFF,0xFE,0x2D,0x00,0x00,0x00,0x00,0x00,0x00,0x00,0x00,0x00,0x00,
    0x00,0x00,0x37,0xFF,0xFF,0xFF,0xBE,0x00,0x00,0x00,0x00,0x00,0x00,0x00,0x00,0x00,0x00,0x00,0x00,0x00,
    0x73,0xFF,0xFF,0xFF,0x7A,0x00,0x00,0x00,0x00,0x00,0x00,0x00,0x00,0x00,0x00,0x00,0x00,0x00,0x8B,0xFF,
    0xFF,0xFF,0x54,0x00,0x00,0x00,0x00,0x00,0x00,0x00,0x00,0x00,0x00,0x00,0x00,0x00,0x9F,0xFF,0xFF,0xFF,
    0x41,0x00,0x00,0x00,0x00,0x00,0x00,0x00,0x00,0x00,0x00,0x00,0x00,0x00,0x9D,0xFF,0xFF,0xFF,0x4A,0x00,
    0x00,0x00,0x00,0x00,0x00,0x00,0x00,0x00,0x00,0x00,0x00,0x00,0x89,0xFF,0xFF,0xFF,0x63,0x00,0x00,0x00,
    0x00,0x00,0x00,0x00,0x00,0x00,0x00,0x00,0x00,0x00,0x69,0xFF,0xFF,0xFF,0x9F,0x00,0x00,0x00,0x00,0x00,
    0x00,0x00,0x00,0x00,0x00,0x00,0x00,0x00,0x29,0xFF,0xFF,0xFF,0xEE,0x0D,0x00,0x00,0x00,0x00,0x00,0x00,
    0x00,0x00,0x00,0x00,0x00,0x00,0x00,0xDC,0xFF,0xFF,0xFF,0x85,0x00,0x00,0x00,0x00,0x00,0x00,0x00,0x00,
    0x00,0x00,0x00,0x00,0x00,0x65,0xFF,0xFF,0xFF,0xFD,0x53,0x00,0x00,0x00,0x00,0x00,0x00,0x00,0x00,0x00,
    0x00,0x00,0x00,0x06,0xD0,0xFF,0xFF,0xFF,0xFD,0x7E,0x09,0x00,0x00,0x00,0x00,0x00,0x00,0x08,0x71,0x57,
    0x00,0x00,0x23,0xEF,0xFF,0xFF,0xFF,0xFF,0xE8,0x97,0x5E,0x48,0x4A,0x63,0x9B,0xEC,0xFF,0x64,0x00,0x00,
    0x00,0x2F,0xE2,0xFF,0xFF,0xFF,0xFF,0xFF,0xFF,0xFF,0xFF,0xFF,0xFF,0xFF,0xFF,0x64,0x00,0x00,0x00,0x00,
    0x17,0x9E,0xFC,0xFF,0xFF,0xFF,0xFF,0xFF,0xFF,0xFF,0xFF,0xFF,0xF4,0x47,0x00,0x00,0x00,0x00,0x00,0x00,
    0x23,0x76,0xBB,0xDF,0xF4,0xFA,0xEE,0xD2,0xA6,0x62,0x11,0x00,0x3C,0xFF,0xFF,0xFF,0xFF,0xFF,0xFF,0xFB,
    0xEC,0xDC,0xBE,0x89,0x50,0x07,0x00,0x00,0x00,0x00,0x00,0x00,0x3C,0xFF,0xFF,0xFF,0xFF,0xFF,0xFF,0xFF,
    0xFF,0xFF,0xFF,0xFF,0xFF,0xEB,0x87,0x0C,0x00,0x00,0x00,0x00,0x3C,0xFF,0xFF,0xFF,0xFF,0xFF,0xFF,0xFF,
    0xFF,0xFF,0xFF,0xFF,0xFF,0xFF,0xFF,0xDD,0x37,0x00,0x00,0x00,0x3C,0xFF,0xFF,0xFF,0x8D,0x28,0x28,0x29,
    0x38,0x4F,0x85,0xD4,0xFF,0xFF,0xFF,0xFF,0xF1,0x2D,0x00,0x00,0x3C,0xFF,0xFF,0xFF,0x78,0x00,0x00,0x00,
    0x00,0x00,0x00,0x01,0x53,0xED,0xFF,0xFF,0xFF,0xE0,0x09,0x00,0x3C,0xFF,0xFF,0xFF,0x78,0x00,0x00,0x00,
    0x00,0x00,0x00,0x00,0x00,0x26,0xF0,0xFF,0xFF,0xFF,0x70,0x00,0x3C,0xFF,0xFF,0xFF,0x78,0x00,0x00,0x00,
    0x00,0x00,0x00,0x00,0x00,0x00,0x60,0xFF,0xFF,0xFF,0xE1,0x00,0x3C,0xFF,0xFF,0xFF,0x78,0x00,0x00,0x00,
    0x00,0x00,0x00,0x00,0x00,0x00,0x04,0xE4,0xFF,0xFF,0xFF,0x26,0x3C,0xFF,0xFF,0xFF,0x78,0x00,0x00,0x00,
    0x00,0x00,0x00,0x00,0x00,0x00,0x00,0x9E,0xFF,0xFF,0xFF,0x63,0x3C,0xFF,0xFF,0xFF,0x78,0x00,0x00,0x00,
    0x00,0x00,0x00,0x00,0x00,0x00,0x00,0x6A,0xFF,0xFF,0xFF,0x7E,0x3C,0xFF,0xFF,0xFF,0x78,0x00,0x00,0x00,
    0x00,0x00,0x00,0x00,0x00,0x00,0x00,0x56,0xFF,0xFF,0xFF,0x91,0x3C,0xFF,0xFF,0xFF,0x78,0x00,0x00,0x00,
    0x00,0x00,0x00,0x00,0x00,0x00,0x00,0x4D,0xFF,0xFF,0xFF,0x98,0x3C,0xFF,0xFF,0xFF,0x78,0x00,0x00,0x00,
    0x00,0x00,0x00,0x00,0x00,0x00,0x00,0x5E,0xFF,0xFF,0xFF,0x83,0x3C,0xFF,0xFF,0xFF,0x78,0x00,0x00,0x00,
    0x00,0x00,0x00,0x00,0x00,0x00,0x00,0x7C,0xFF,0xFF,0xFF,0x6C,0x3C,0xFF,0xFF,0xFF,0x78,0x00,0x00,0x00,
    0x00,0x00,0x00,0x00,0x00,0x00,0x00,0xB9,0xFF,0xFF,0xFF,0x31,0x3C,0xFF,0xFF,0xFF,0x78,0x00,0x00,0x00,
    0x00,0x00,0x00,0x00,0x00,0x00,0x1D,0xFA,0xFF,0xFF,0xE7,0x01,0x3C,0xFF,0xFF,0xFF,0x78,0x00,0x00,0x00,
    0x00,0x00,0x00,0x00,0x00,0x00,0x9E,0xFF,0xFF,0xFF,0x80,0x00,0x3C,0xFF,0xFF,0xFF,0x78,0x00,0x00,0x00,
    0x00,0x00,0x00,0x00,0x00,0x67,0xFF,0xFF,0xFF,0xEA,0x0D,0x00,0x3C,0xFF,0xFF,0xFF,0x78,0x00,0x00,0x00,
    0x00,0x00,0x00,0x0D,0x8B,0xFF,0xFF,0xFF,0xFC,0x4A,0x00,0x00,0x3C,0xFF,0xFF,0xFF,0x8B,0x24,0x24,0x26,
    0x37,0x56,0x97,0xED,0xFF,0xFF,0xFF,0xFE,0x68,0x00,0x00,0x00,0x3C,0xFF,0xFF,0xFF,0xFF,0xFF,0xFF,0xFF,
    0xFF,0xFF,0xFF,0xFF,0xFF,0xFF,0xED,0x4A,0x00,0x00,0x00,0x00,0x3C,0xFF,0xFF,0xFF,0xFF,0xFF,0xFF,0xFF,
    0xFF,0xFF,0xFF,0xFF,0xF5,0x91,0x1A,0x00,0x00,0x00,0x00,0x00,0x3C,0xFF,0xFF,0xFF,0xFF,0xFF,0xFF,0xF6,
    0xE4,0xCF,0x9B,0x5C,0x12,0x00,0x00,0x00,0x00,0x00,0x00,0x00,0x3C,0xFF,0xFF,0xFF,0xFF,0xFF,0xFF,0xFF,
    0xFF,0xFF,0xFF,0xFF,0xD8,0x00,0x3C,0xFF,0xFF,0xFF,0xFF,0xFF,0xFF,0xFF,0xFF,0xFF,0xFF,0xFF,0xD8,0x00,
    0x3C,0xFF,0xFF,0xFF,0xFF,0xFF,0xFF,0xFF,0xFF,0xFF,0xFF,0xFF,0xD8,0x00,0x3C,0xFF,0xFF,0xFF,0x90,0x28,
    0x28,0x28,0x28,0x28,0x28,0x28,0x21,0x00,0x3C,0xFF,0xFF,0xFF,0x7C,0x00,0x00,0x00,0x00,0x00,0x00,0x00,
    0x00,0x00,0x3C,0xFF,0xFF,0xFF,0x7C,0x00,0x00,0x00,0x00,0x00,0x00,0x00,0x00,0x00,0x3C,0xFF,0xFF,0xFF,
    0x7C,0x00,0x00,0x00,0x00,0x00,0x00,0x00,0x00,0x00,0x3C,0xFF,0xFF,0xFF,0x7C,0x00,0x00,0x00,0x00,0x00,
    0x00,0x00,0x00,0x00,0x3C,0xFF,0xFF,0xFF,0x7C,0x00,0x00,0x00,0x00,0x00,0x00,0x00,0x00,0x00,0x3C,0xFF,
    0xFF,0xFF,0x7C,0x00,0x00,0x00,0x00,0x00,0x00,0x00,0x00,0x00,0x3C,0xFF,0xFF,0xFF,0xFF,0xFF,0xFF,0xFF,
    0xFF,0xFF,0xFF,0xFF,0x30,0x00,0x3C,0xFF,0xFF,0xFF,0xFF,0xFF,0xFF,0xFF,0xFF,0xFF,0xFF,0xFF,0x30,0x00,
    0x3C,0xFF,0xFF,0xFF,0xFF,0xFF,0xFF,0xFF,0xFF,0xFF,0xFF,0xFF,0x30,0x00,0x3C,0xFF,0xFF,0xFF,0x8E,0x24,
    0x24,0x24,0x24,0x24,0x24,0x24,0x06,0x00,0x3C,0xFF,0xFF,0xFF,0x7C,0x00,0x00,0x00,0x00,0x00,0x00,0x00,
    0x00,0x00,0x3C,0xFF,0xFF,0xFF,0x7C,0x00,0x00,0x00,0x00,0x00,0x00,0x00,0x00,0x00,0x3C,0xFF,0xFF,0xFF,
    0x7C,0x00,0x00,0x00,0x00,0x00,0x00,0x00,0x00,0x00,0x3C,0xFF,0xFF,0xFF,0x7C,0x00,0x00,0x00,0x00,0x00,
    0x00,0x00,0x00,0x00,0x3C,0xFF,0xFF,0xFF,0x7C,0x00,0x00,0x00,0x00,0x00,0x00,0x00,0x00,0x00,0x3C,0xFF,
    0xFF,0xFF,0x8E,0x24,0x24,0x24,0x24,0x24,0x24,0x24,0x24,0x0C,0x3C,0xFF,0xFF,0xFF,0xFF,0xFF,0xFF,0xFF,
    0xFF,0xFF,0xFF,0xFF,0xFF,0x58,0x3C,0xFF,0xFF,0xFF,0xFF,0xFF,0xFF,0xFF,0xFF,0xFF,0xFF,0xFF,0xFF,0x58,
    0x3C,0xFF,0xFF,0xFF,0xFF,0xFF,0xFF,0xFF,0xFF,0xFF,0xFF,0xFF,0xFF,0x58,0x3C,0xFF,0xFF,0xFF,0xFF,0xFF,
    0xFF,0xFF,0xFF,0xFF,0xFF,0xFF,0xDC,0x3C,0xFF,0xFF,0xFF,0xFF,0xFF,0xFF,0xFF,0xFF,0xFF,0xFF,0xFF,0xDC,
    0x3C,0xFF,0xFF,0xFF,0xFF,0xFF,0xFF,0xFF,0xFF,0xFF,0xFF,0xFF,0xDC,0x3C,0xFF,0xFF,0xFF,0x90,0x28,0x28,
    0x28,0x28,0x28,0x28,0x28,0x22,0x3C,0xFF,0xFF,0xFF,0x7C,0x00,0x00,0x00,0x00,0x00,0x00,0x00,0x00,0x3C,
    0xFF,0xFF,0xFF,0x7C,0x00,0x00,0x00,0x00,0x00,0x00,0x00,0x00,0x3C,0xFF,0xFF,0xFF,0x7C,0x00,0x00,0x00,
    0x00,0x00,0x00,0x00,0x00,0x3C,0xFF,0xFF,0xFF,0x7C,0x00,0x00,0x00,0x00,0x00,0x00,0x00,0x00,0x3C,0xFF,
    0xFF,0xFF,0x7C,0x00,0x00,0x00,0x00,0x00,0x00,0x00,0x00,0x3C,0xFF,0xFF,0xFF,0x7C,0x00,0x00,0x00,0x00,
    0x00,0x00,0x00,0x00,0x3C,0xFF,0xFF,0xFF,0xFF,0xFF,0xFF,0xFF,0xFF,0xFF,0xFF,0xFF,0x34,0x3C,0xFF,0xFF,
    0xFF,0xFF,0xFF,0xFF,0xFF,0xFF,0xFF,0xFF,0xFF,0x34,0x3C,0xFF,0xFF,0xFF,0xFF,0xFF,0xFF,0xFF,0xFF,0xFF,
    0xFF,0xFF,0x34,0x3C,0xFF,0xFF,0xFF,0x8E,0x24,0x24,0x24,0x24,0x24,0x24,0x24,0x07,0x3C,0xFF,0xFF,0xFF,
    0x7C,0x00,0x00,0x00,0x00,0x00,0x00,0x00,0x00,0x3C,0xFF,0xFF,0xFF,0x7C,0x00,0x00,0x00,0x00,0x00,0x00,
    0x00,0x00,0x3C,0xFF,0xFF,0xFF,0x7C,0x00,0x00,0x00,0x00,0x00,0x00,0x00,0x00,0x3C,0xFF,0xFF,0xFF,0x7C,
    0x00,0x00,0x00,0x00,0x00,0x00,0x00,0x00,0x3C,0xFF,0xFF,0xFF,0x7C,0x00,0x00,0x00,0x00,0x00,0x00,0x00,
    0x00,0x3C,0xFF,0xFF,0xFF,0x7C,0x00,0x00,0x00,0x00,0x00,0x00,0x00,0x00,0x3C,0xFF,0xFF,0xFF,0x7C,0x00,
    0x00,0x00,0x00,0x00,0x00,0x00,0x00,0x3C,0xFF,0xFF,0xFF,0x7C,0x00,0x00,0x00,0x00,0x00,0x00,0x00,0x00,
    0x3C,0xFF,0xFF,0xFF,0x7C,0x00,0x00,0x00,0x00,0x00,0x00,0x00,0x00,0x00,0x00,0x00,0x00,0x00,0x00,0x00,
    0x25,0x71,0xB6,0xDA,0xEF,0xFC,0xF3,0xDF,0xBD,0x88,0x41,0x02,0x00,0x00,0x00,0x00,0x00,0x00,0x25,0xA6,
    0xFD,0xFF,0xFF,0xFF,0xFF,0xFF,0xFF,0xFF,0xFF,0xFF,0xFF,0x83,0x00,0x00,0x00,0x00,0x00,0x57,0xF5,0xFF,
    0xFF,0xFF,0xFF,0xFF,0xFF,0xFF,0xFF,0xFF,0xFF,0xFF,0xFF,0x88,0x00,0x00,0x00,0x00,0x73,0xFF,0xFF,0xFF,
    0xFF,0xFB,0xB0,0x69,0x48,0x39,0x47,0x66,0x9D,0xED,0xFF,0x88,0x00,0x00,0x00,0x4E,0xFD,0xFF,0xFF,0xFF,
    0xB9,0x24,0x00,0x00,0x00,0x00,0x00,0x00,0x00,0x07,0x67,0x73,0x00,0x00,0x11,0xEF,0xFF,0xFF,0xFF,0x99,
    0x03,0x00,0x00,0x00,0x00,0x00,0x00,0x00,0x00,0x00,0x00,0x00,0x00,0x00,0x86,0xFF,0xFF,0xFF,0xBF,0x03,
    0x00,0x00,0x00,0x00,0x00,0x00,0x00,0x00,0x00,0x00,0x00,0x00,0x00,0x03,0xEE,0xFF,0xFF,0xFE,0x2C,0x00,
    0x00,0x00,0x00,0x00,0x00,0x00,0x00,0x00,0x00,0x00,0x00,0x00,0x00,0x3B,0xFF,0xFF,0xFF,0xBC,0x00,0x00,
    0x00,0x00,0x00,0x00,0x00,0x00,0x00,0x00,0x00,0x00,0x00,0x00,0x00,0x78,0xFF,0xFF,0xFF,0x76,0x00,0x00,
    0x00,0x00,0x00,0x00,0x00,0x00,0x00,0x00,0x00,0x00,0x00,0x00,0x00,0x90,0xFF,0xFF,0xFF,0x52,0x00,0x00,
    0x00,0x00,0x00,0x00,0x00,0x00,0x00,0x00,0x00,0x00,0x00,0x00,0x00,0xA4,0xFF,0xFF,0xFF,0x40,0x00,0x00,
    0x00,0x00,0x00,0x2C,0xFF,0xFF,0xFF,0xFF,0xFF,0xFF,0xFF,0xFF,0x40,0x9E,0xFF,0xFF,0xFF,0x4B,0x00,0x00,
    0x00,0x00,0x00,0x2C,0xFF,0xFF,0xFF,0xFF,0xFF,0xFF,0xFF,0xFF,0x40,0x8A,0xFF,0xFF,0xFF,0x63,0x00,0x00,
    0x00,0x00,0x00,0x2C,0xFF,0xFF,0xFF,0xFF,0xFF,0xFF,0xFF,0xFF,0x40,0x66,0xFF,0xFF,0xFF,0x9B,0x00,0x00,
    0x00,0x00,0x00,0x05,0x20,0x20,0x20,0x20,0x85,0xFF,0xFF,0xFF,0x40,0x22,0xFF,0xFF,0xFF,0xE9,0x07,0x00,
    0x00,0x00,0x00,0x00,0x00,0x00,0x00,0x00,0x74,0xFF,0xFF,0xFF,0x40,0x00,0xD1,0xFF,0xFF,0xFF,0x6C,0x00,
    0x00,0x00,0x00,0x00,0x00,0x00,0x00,0x00,0x74,0xFF,0xFF,0xFF,0x40,0x00,0x55,0xFF,0xFF,0xFF,0xF5,0x31,
    0x00,0x00,0x00,0x00,0x00,0x00,0x00,0x00,0x74,0xFF,0xFF,0xFF,0x40,0x00,0x01,0xBE,0xFF,0xFF,0xFF,0xF0,
    0x52,0x00,0x00,0x00,0x00,0x00,0x00,0x00,0x77,0xFF,0xFF,0xFF,0x40,0x00,0x00,0x13,0xDE,0xFF,0xFF,0xFF,
    0xFF,0xCA,0x77,0x4A,0x39,0x4C,0x6A,0xB6,0xFC,0xFF,0xFF,0xFF,0x40,0x00,0x00,0x00,0x1B,0xCA,0xFF,0xFF,
    0xFF,0xFF,0xFF,0xFF,0xFF,0xFF,0xFF,0xFF,0xFF,0xFF,0xFF,0xFF,0x40,0x00,0x00,0x00,0x00,0x08,0x7F,0xF0,
    0xFF,0xFF,0xFF,0xFF,0xFF,0xFF,0xFF,0xFF,0xFF,0xFF,0xE2,0x71,0x09,0x00,0x00,0x00,0x00,0x00,0x00,0x10,
    0x62,0xA7,0xD7,0xEC,0xFC,0xF1,0xDF,0xB7,0x85,0x3A,0x02,0x00,0x00,0x3C,0xFF,0xFF,0xFF,0x7C,0x00,0x00,
    0x00,0x00,0x00,0x00,0x00,0x00,0x00,0x00,0xF8,0xFF,0xFF,0xC4,0x3C,0xFF,0xFF,0xFF,0x7C,0x00,0x00,0x00,
    0x00,0x00,0x00,0x00,0x00,0x00,0x00,0xF8,0xFF,0xFF,0xC4,0x3C,0xFF,0xFF,0xFF,0x7C,0x00,0x00,0x00,0x00,
    0x00,0x00,0x00,0x00,0x00,0x00,0xF8,0xFF,0xFF,0xC4,0x3C,0xFF,0xFF,0xFF,0x7C,0x00,0x00,0x00,0x00,0x00,
    0x00,0x00,0x00,0x00,0x00,0xF8,0xFF,0xFF,0xC4,0x3C,0xFF,0xFF,0xFF,0x7C,0x00,0x00,0x00,0x00,0x00,0x00,
    0x00,0x00,0x00,0x00,0xF8,0xFF,0xFF,0xC4,0x3C,0xFF,0xFF,0xFF,0x7C,0x00,0x00,0x00,0x00,0x00,0x00,0x00,
    0x00,0x00,0x00,0xF8,0xFF,0xFF,0xC4,0x3C,0xFF,0xFF,0xFF,0x7C,0x00,0x00,0x00,0x00,0x00,0x00,0x00,0x00,
    0x00,0x00,0xF8,0xFF,0xFF,0xC4,0x3C,0xFF,0xFF,0xFF,0x7C,0x00,0x00,0x00,0x00,0x00,0x00,0x00,0x00,0x00,
    0x00,0xF8,0xFF,0xFF,0xC4,0x3C,0xFF,0xFF,0xFF,0x7C,0x00,0x00,0x00,0x00,0x00,0x00,0x00,0x00,0x00,0x00,
    0xF8,0xFF,0xFF,0xC4,0x3C,0xFF,0xFF,0xFF,0x7C,0x00,0x00,0x00,0x00,0x00,0x00,0x00,0x00,0x00,0x00,0xF8,
    0xFF,0xFF,0xC4,0x3C,0xFF,0xFF,0xFF,0xFF,0xFF,0xFF,0xFF,0xFF,0xFF,0xFF,0xFF,0xFF,0xFF,0xFF,0xFF,0xFF,
    0xFF,0xC4,0x3C,0xFF,0xFF,0xFF,0xFF,0xFF,0xFF,0xFF,0xFF,0xFF,0xFF,0xFF,0xFF,0xFF,0xFF,0xFF,0xFF,0xFF,
    0xC4,0x3C,0xFF,0xFF,0xFF,0xFF,0xFF,0xFF,0xFF,0xFF,0xFF,0xFF,0xFF,0xFF,0xFF,0xFF,0xFF,0xFF,0xFF,0xC4,
    0x3C,0xFF,0xFF,0xFF,0x9F,0x44,0x44,0x44,0x44,0x44,0x44,0x44,0x44,0x44,0x44,0xFA,0xFF,0xFF,0xC4,0x3C,
    0xFF,0xFF,0xFF,0x7C,0x00,0x00,0x00,0x00,0x00,0x00,0x00,0x00,0x00,0x00,0xF8,0xFF,0xFF,0xC4,0x3C,0xFF,
    0xFF,0xFF,0x7C,0x00,0x00,0x00,0x00,0x00,0x00,0x00,0x00,0x00,0x00,0xF8,0xFF,0xFF,0xC4,0x3C,0xFF,0xFF,
    0xFF,0x7C,0x00,0x00,0x00,0x00,0x00,0x00,0x00,0x00,0x00,0x00,0xF8,0xFF,0xFF,0xC4,0x3C,0xFF,0xFF,0xFF,
    0x7C,0x00,0x00,0x00,0x00,0x00,0x00,0x00,0x00,0x00,0x00,0xF8,0xFF,0xFF,0xC4,0x3C,0xFF,0xFF,0xFF,0x7C,
    0x00,0x00,0x00,0x00,0x00,0x00,0x00,0x00,0x00,0x00,0xF8,0xFF,0xFF,0xC4,0x3C,0xFF,0xFF,0xFF,0x7C,0x00,
    0x00,0x00,0x00,0x00,0x00,0x00,0x00,0x00,0x00,0xF8,0xFF,0xFF,0xC4,0x3C,0xFF,0xFF,0xFF,0x7C,0x00,0x00,
    0x00,0x00,0x00,0x00,0x00,0x00,0x00,0x00,0xF8,0xFF,0xFF,0xC4,0x3C,0xFF,0xFF,0xFF,0x7C,0x00,0x00,0x00,
    0x00,0x00,0x00,0x00,0x00,0x00,0x00,0xF8,0xFF,0xFF,0xC4,0x3C,0xFF,0xFF,0xFF,0x7C,0x00,0x00,0x00,0x00,
    0x00,0x00,0x00,0x00,0x00,0x00,0xF8,0xFF,0xFF,0xC4,0x40,0xFF,0xFF,0xFF,0x94,0x40,0xFF,0xFF,0xFF,0x94,
    0x40,0xFF,0xFF,0xFF,0x94,0x40,0xFF,0xFF,0xFF,0x94,0x40,0xFF,0xFF,0xFF,0x94,0x40,0xFF,0xFF,0xFF,0x94,
    0x40,0xFF,0xFF,0xFF,0x94,0x40,0xFF,0xFF,0xFF,0x94,0x40,0xFF,0xFF,0xFF,0x94,0x40,0xFF,0xFF,0xFF,0x94,
    0x40,0xFF,0xFF,0xFF,0x94,0x40,0xFF,0xFF,0xFF,0x94,0x40,0xFF,0xFF,0xFF,0x94,0x40,0xFF,0xFF,0xFF,0x94,
    0x40,0xFF,0xFF,0xFF,0x94,0x40,0xFF,0xFF,0xFF,0x94,0x40,0xFF,0xFF,0xFF,0x94,0x40,0xFF,0xFF,0xFF,0x94,
    0x40,0xFF,0xFF,0xFF,0x94,0x40,0xFF,0xFF,0xFF,0x94,0x40,0xFF,0xFF,0xFF,0x94,0x40,0xFF,0xFF,0xFF,0x94,
    0x40,0xFF,0xFF,0xFF,0x94,0x00,0x00,0x00,0x00,0x00,0x00,0x98,0xFF,0xFF,0xFF,0x20,0x00,0x00,0x00,0x00,
    0x00,0x00,0x98,0xFF,0xFF,0xFF,0x20,0x00,0x00,0x00,0x00,0x00,0x00,0x98,0xFF,0xFF,0xFF,0x20,0x00,0x00,
    0x00,0x00,0x00,0x00,0x98,0xFF,0xFF,0xFF,0x20,0x00,0x00,0x00,0x00,0x00,0x00,0x98,0xFF,0xFF,0xFF,0x20,
    0x00,0x00,0x00,0x00,0x00,0x00,0x98,0xFF,0xFF,0xFF,0x20,0x00,0x00,0x00,0x00,0x00,0x00,0x98,0xFF,0xFF,
    0xFF,0x20,0x00,0x00,0x00,0x00,0x00,0x00,0x98,0xFF,0xFF,0xFF,0x20,0x00,0x00,0x00,0x00,0x00,0x00,0x98,
    0xFF,0xFF,0xFF,0x20,0x00,0x00,0x00,0x00,0x00,0x00,0x98,0xFF,0xFF,0xFF,0x20,0x00,0x00,0x00,0x00,0x00,
    0x00,0x98,0xFF,0xFF,0xFF,0x20,0x00,0x00,0x00,0x00,0x00,0x00,0x98,0xFF,0xFF,0xFF,0x20,0x00,0x00,0x00,
    0x00,0x00,0x00,0x98,0xFF,0xFF,0xFF,0x20,0x00,0x00,0x00,0x00,0x00,0x00,0x98,0xFF,0xFF,0xFF,0x20,0x00,
    0x00,0x00,0x00,0x00,0x00,0x9E,0xFF,0xFF,0xFF,0x1D,0x00,0x00,0x00,0x00,0x00,0x00,0xAF,0xFF,0xFF,0xFF,
    0x0E,0x00,0x00,0x00,0x00,0x00,0x00,0xD9,0xFF,0xFF,0xF6,0x01,0x00,0x00,0x00,0x00,0x00,0x27,0xFF,0xFF,
    0xFF,0xC2,0x00,0x00,0x00,0x00,0x00,0x01,0xB2,0xFF,0xFF,0xFF,0x74,0x00,0x81,0x74,0x49,0x5B,0xC1,0xFF,
    0xFF,0xFF,0xEE,0x11,0x00,0x9C,0xFF,0xFF,0xFF,0xFF,0xFF,0xFF,0xFE,0x55,0x00,0x00,0x9C,0xFF,0xFF,0xFF,
    0xFF,0xFF,0xF6,0x5E,0x00,0x00,0x00,0x6D,0xE2,0xF9,0xF3,0xD4,0x8C,0x1D,0x00,0x00,0x00,0x00,0x3C,0xFF,
    0xFF,0xFF,0x7C,0x00,0x00,0x00,0x00,0x00,0x00,0x04,0xC4,0xFF,0xFF,0xFF,0xA5,0x00,0x3C,0xFF,0xFF,0xFF,
    0x7C,0x00,0x00,0x00,0x00,0x00,0x00,0x88,0xFF,0xFF,0xFF,0xCF,0x09,0x00,0x3C,0xFF,0xFF,0xFF,0x7C,0x00,
    0x00,0x00,0x00,0x00,0x49,0xFE,0xFF,0xFF,0xEC,0x20,0x00,0x00,0x3C,0xFF,0xFF,0xFF,0x7C,0x00,0x00,0x00,
    0x00,0x1B,0xEB,0xFF,0xFF,0xFC,0x44,0x00,0x00,0x00,0x3C,0xFF,0xFF,0xFF,0x7C,0x00,0x00,0x00,0x04,0xC3,
    0xFF,0xFF,0xFF,0x75,0x00,0x00,0x00,0x00,0x3C,0xFF,0xFF,0xFF,0x7C,0x00,0x00,0x00,0x87,0xFF,0xFF,0xFF,
    0xA8,0x00,0x00,0x00,0x00,0x00,0x3C,0xFF,0xFF,0xFF,0x7C,0x00,0x00,0x48,0xFE,0xFF,0xFF,0xD1,0x0B,0x00,
    0x00,0x00,0x00,0x00,0x3C,0xFF,0xFF,0xFF,0x7C,0x00,0x1B,0xEB,0xFF,0xFF,0xEE,0x22,0x00,0x00,0x00,0x00,
    0x00,0x00,0x3C,0xFF,0xFF,0xFF,0x7C,0x03,0xC2,0xFF,0xFF,0xFD,0x47,0x00,0x00,0x00,0x00,0x00,0x00,0x00,
    0x3C,0xFF,0xFF,0xFF,0x7C,0x87,0xFF,0xFF,0xFF,0x78,0x00,0x00,0x00,0x00,0x00,0x00,0x00,0x00,0x3C,0xFF,
    0xFF,0xFF,0xBB,0xFE,0xFF,0xFF,0xAB,0x00,0x00,0x00,0x00,0x00,0x00,0x00,0x00,0x00,0x3C,0xFF,0xFF,0xFF,
    0xF2,0xFF,0xFF,0xFF,0x9E,0x00,0x00,0x00,0x00,0x00,0x00,0x00,0x00,0x00,0x3C,0xFF,0xFF,0xFF,0x87,0xD9,
    0xFF,0xFF,0xFF,0x69,0x00,0x00,0x00,0x00,0x00,0x00,0x00,0x00,0x3C,0xFF,0xFF,0xFF,0x7C,0x30,0xF8,0xFF,
    0xFF,0xF9,0x39,0x00,0x00,0x00,0x00,0x00,0x00,0x00,0x3C,0xFF,0xFF,0xFF,0x7C,0x00,0x6B,0xFF,0xFF,0xFF,
    0xE5,0x18,0x00,0x00,0x00,0x00,0x00,0x00,0x3C,0xFF,0xFF,0xFF,0x7C,0x00,0x00,0xAD,0xFF,0xFF,0xFF,0xC3,
    0x05,0x00,0x00,0x00,0x00,0x00,0x3C,0xFF,0xFF,0xFF,0x7C,0x00,0x00,0x10,0xDF,0xFF,0xFF,0xFF,0x93,0x00,
    0x00,0x00,0x00,0x00,0x3C,0xFF,0xFF,0xFF,0x7C,0x00,0x00,0x00,0x38,0xFA,0xFF,0xFF,0xFF,0x5D,0x00,0x00,
    0x00,0x00,0x3C,0xFF,0xFF,0xFF,0x7C,0x00,0x00,0x00,0x00,0x75,0xFF,0xFF,0xFF,0xF6,0x31,0x00,0x00,0x00,
    0x3C,0xFF,0xFF,0xFF,0x7C,0x00,0x00,0x00,0x00,0x01,0xB6,0xFF,0xFF,0xFF,0xDF,0x13,0x00,0x00,0x3C,0xFF,
    0xFF,0xFF,0x7C,0x00,0x00,0x00,0x00,0x00,0x14,0xE5,0xFF,0xFF,0xFF,0xBA,0x02,0x00,0x3C,0xFF,0xFF,0xFF,
    0x7C,0x00,0x00,0x00,0x00,0x00,0x00,0x3F,0xFC,0xFF,0xFF,0xFF,0x87,0x00,0x3C,0xFF,0xFF,0xFF,0x7C,0x00,
    0x00,0x00,0x00,0x00,0x00,0x00,0x7F,0xFF,0xFF,0xFF,0xFF,0x53,0x3C,0xFF,0xFF,0xFF,0x7C,0x00,0x00,0x00,
    0x00,0x00,0x00,0x00,0x00,0x00,0x3C,0xFF,0xFF,0xFF,0x7C,0x00,0x00,0x00,0x00,0x00,0x00,0x00,0x00,0x00,
    0x3C,0xFF,0xFF,0xFF,0x7C,0x00,0x00,0x00,0x00,0x00,0x00,0x00,0x00,0x00,0x3C,0xFF,0xFF,0xFF,0x7C,0x00,
    0x00,0x00,0x00,0x00,0x00,0x00,0x00,0x00,0x3C,0xFF,0xFF,0xFF,0x7C,0x00,0x00,0x00,0x00,0x00,0x00,0x00,
    0x00,0x00,0x3C,0xFF,0xFF,0xFF,0x7C,0x00,0x00,0x00,0x00,0x00,0x00,0x00,0x00,0x00,0x3C,0xFF,0xFF,0xFF,
    0x7C,0x00,0x00,0x00,0x00,0x00,0x00,0x00,0x00,0x00,0x3C,0xFF,0xFF,0xFF,0x7C,0x00,0x00,0x00,0x00,0x00,
    0x00,0x00,0x00,0x00,0x3C,0xFF,0xFF,0xFF,0x7C,0x00,0x00,0x00,0x00,0x00,0x00,0x00,0x00,0x00,0x3C,0xFF,
    0xFF,0xFF,0x7C,0x00,0x00,0x00,0x00,0x00,0x00,0x00,0x00,0x00,0x3C,0xFF,0xFF,0xFF,0x7C,0x00,0x00,0x00,
    0x00,0x00,0x00,0x00,0x00,0x00,0x3C,0xFF,0xFF,0xFF,0x7C,0x00,0x00,0x00,0x00,0x00,0x00,0x00,0x00,0x00,
    0x3C,0xFF,0xFF,0xFF,0x7C,0x00,0x00,0x00,0x00,0x00,0x00,0x00,0x00,0x00,0x3C,0xFF,0xFF,0xFF,0x7C,0x00,
    0x00,0x00,0x00,0x00,0x00,0x00,0x00,0x00,0x3C,0xFF,0xFF,0xFF,0x7C,0x00,0x00,0x00,0x00,0x00,0x00,0x00,
    0x00,0x00,0x3C,0xFF,0xFF,0xFF,0x7C,0x00,0x00,0x00,0x00,0x00,0x00,0x00,0x00,0x00,0x3C,0xFF,0xFF,0xFF,
    0x7C,0x00,0x00,0x00,0x00,0x00,0x00,0x00,0x00,0x00,0x3C,0xFF,0xFF,0xFF,0x7C,0x00,0x00,0x00,0x00,0x00,
    0x00,0x00,0x00,0x00,0x3C,0xFF,0xFF,0xFF,0x7C,0x00,0x00,0x00,0x00,0x00,0x00,0x00,0x00,0x00,0x3C,0xFF,
    0xFF,0xFF,0x8E,0x24,0x24,0x24,0x24,0x24,0x24,0x24,0x24,0x06,0x3C,0xFF,0xFF,0xFF,0xFF,0xFF,0xFF,0xFF,
    0xFF,0xFF,0xFF,0xFF,0xFF,0x2C,0x3C,0xFF,0xFF,0xFF,0xFF,0xFF,0xFF,0xFF,0xFF,0xFF,0xFF,0xFF,0xFF,0x2C,
    0x3C,0xFF,0xFF,0xFF,0xFF,0xFF,0xFF,0xFF,0xFF,0xFF,0xFF,0xFF,0xFF,0x2C,0x3C,0xFF,0xFF,0xFF,0xFF,0xFF,
    0x31,0x00,0x00,0x00,0x00,0x00,0x00,0x00,0x00,0x00,0x00,0x00,0x00,0x6B,0xFF,0xFF,0xFF,0xFF,0xD4,0x3C,
    0xFF,0xFF,0xFF,0xFF,0xFF,0x93,0x00,0x00,0x00,0x00,0x00,0x00,0x00,0x00,0x00,0x00,0x00,0x00,0xCF,0xFF,
    0xFF,0xFF,0xFF,0xD4,0x3C,0xFF,0xFF,0xFF,0xFF,0xFF,0xED,0x07,0x00,0x00,0x00,0x00,0x00,0x00,0x00,0x00,
    0x00,0x00,0x34,0xFF,0xFF,0xFF,0xFF,0xFF,0xD4,0x3C,0xFF,0xFF,0xFF,0xF7,0xFF,0xFF,0x58,0x00,0x00,0x00,
    0x00,0x00,0x00,0x00,0x00,0x00,0x00,0x99,0xFF,0xFF,0xF7,0xFF,0xFF,0xD4,0x3C,0xFF,0xFF,0xFF,0xCC,0xFF,
    0xFF,0xBA,0x00,0x00,0x00,0x00,0x00,0x00,0x00,0x00,0x00,0x0B,0xF1,0xFF,0xFF,0xC9,0xFF,0xFF,0xD4,0x3C,
    0xFF,0xFF,0xFF,0x91,0xFF,0xFF,0xFD,0x1E,0x00,0x00,0x00,0x00,0x00,0x00,0x00,0x00,0x62,0xFF,0xFF,0xC9,
    0xC4,0xFF,0xFF,0xD4,0x3C,0xFF,0xFF,0xFF,0x43,0xF8,0xFF,0xFF,0x7F,0x00,0x00,0x00,0x00,0x00,0x00,0x00,
    0x00,0xC7,0xFF,0xFF,0x6B,0xD1,0xFF,0xFF,0xD4,0x3C,0xFF,0xFF,0xFF,0x32,0xA7,0xFF,0xFF,0xDF,0x01,0x00,
    0x00,0x00,0x00,0x00,0x00,0x2B,0xFF,0xFF,0xF7,0x10,0xD8,0xFF,0xFF,0xD4,0x3C,0xFF,0xFF,0xFF,0x33,0x43,
    0xFF,0xFF,0xFF,0x44,0x00,0x00,0x00,0x00,0x00,0x00,0x90,0xFF,0xFF,0xA4,0x00,0xDC,0xFF,0xFF,0xD4,0x3C,
    0xFF,0xFF,0xFF,0x34,0x01,0xDC,0xFF,0xFF,0xA6,0x00,0x00,0x00,0x00,0x00,0x07,0xED,0xFF,0xFF,0x40,0x00,
    0xDC,0xFF,0xFF,0xD4,0x3C,0xFF,0xFF,0xFF,0x34,0x00,0x79,0xFF,0xFF,0xF7,0x11,0x00,0x00,0x00,0x00,0x5A,
    0xFF,0xFF,0xDB,0x01,0x00,0xDC,0xFF,0xFF,0xD4,0x3C,0xFF,0xFF,0xFF,0x34,0x00,0x19,0xFB,0xFF,0xFF,0x6B,
    0x00,0x00,0x00,0x00,0xBE,0xFF,0xFF,0x79,0x00,0x00,0xDC,0xFF,0xFF,0xD4,0x3C,0xFF,0xFF,0xFF,0x34,0x00,
    0x00,0xB0,0xFF,0xFF,0xCD,0x00,0x00,0x00,0x24,0xFE,0xFF,0xFC,0x19,0x00,0x00,0xDC,0xFF,0xFF,0xD4,0x3C,
    0xFF,0xFF,0xFF,0x34,0x00,0x00,0x4C,0xFF,0xFF,0xFF,0x2F,0x00,0x00,0x88,0xFF,0xFF,0xB2,0x00,0x00,0x00,
    0xDC,0xFF,0xFF,0xD4,0x3C,0xFF,0xFF,0xFF,0x34,0x00,0x00,0x03,0xE4,0xFF,0xFF,0x92,0x00,0x04,0xE8,0xFF,
    0xFF,0x4E,0x00,0x00,0x00,0xDC,0xFF,0xFF,0xD4,0x3C,0xFF,0xFF,0xFF,0x34,0x00,0x00,0x00,0x83,0xFF,0xFF,
    0xED,0x06,0x4F,0xFF,0xFF,0xE6,0x04,0x00,0x00,0x00,0xDC,0xFF,0xFF,0xD4,0x3C,0xFF,0xFF,0xFF,0x34,0x00,
    0x00,0x00,0x20,0xFD,0xFF,0xFF,0x4F,0xAC,0xFF,0xFF,0x87,0x00,0x00,0x00,0x00,0xDC,0xFF,0xFF,0xD4,0x3C,
    0xFF,0xFF,0xFF,0x34,0x00,0x00,0x00,0x00,0xB9,0xFF,0xFF,0xAD,0xF6,0xFF,0xFF,0x24,0x00,0x00,0x00,0x00,
    0xDC,0xFF,0xFF,0xD4,0x3C,0xFF,0xFF,0xFF,0x34,0x00,0x00,0x00,0x00,0x55,0xFF,0xFF,0xFF,0xFF,0xFF,0xC0,
    0x00,0x00,0x00,0x00,0x00,0xDC,0xFF,0xFF,0xD4,0x3C,0xFF,0xFF,0xFF,0x34,0x00,0x00,0x00,0x00,0x06,0xEA,
    0xFF,0xFF,0xFF,0xFF,0x5C,0x00,0x00,0x00,0x00,0x00,0xDC,0xFF,0xFF,0xD4,0x3C,0xFF,0xFF,0xFF,0x34,0x00,
    0x00,0x00,0x00,0x00,0x8C,0xFF,0xFF,0xFF,0xEF,0x09,0x00,0x00,0x00,0x00,0x00,0xDC,0xFF,0xFF,0xD4,0x3C,
    0xFF,0xFF,0xFF,0x34,0x00,0x00,0x00,0x00,0x00,0x27,0xFF,0xFF,0xFF,0x95,0x00,0x00,0x00,0x00,0x00,0x00,
    0xDC,0xFF,0xFF,0xD4,0x3C,0xFF,0xFF,0xFF,0x34,0x00,0x00,0x00,0x00,0x00,0x00,0xC2,0xFF,0xFF,0x31,0x00,
    0x00,0x00,0x00,0x00,0x00,0xDC,0xFF,0xFF,0xD4,0x3C,0xFF,0xFF,0xFF,0xFF,0x67,0x00,0x00,0x00,0x00,0x00,
    0x00,0x00,0x00,0x00,0x00,0xD0,0xFF,0xFF,0xC4,0x3C,0xFF,0xFF,0xFF,0xFF,0xEF,0x18,0x00,0x00,0x00,0x00,
    0x00,0x00,0x00,0x00,0x00,0xD0,0xFF,0xFF,0xC4,0x3C,0xFF,0xFF,0xFF,0xFF,0xFF,0xA8,0x00,0x00,0x00,0x00,
    0x00,0x00,0x00,0x00,0x00,0xD0,0xFF,0xFF,0xC4,0x3C,0xFF,0xFF,0xFF,0xFF,0xFF,0xFF,0x48,0x00,0x00,0x00,
    0x00,0x00,0x00,0x00,0x00,0xD0,0xFF,0xFF,0xC4,0x3C,0xFF,0xFF,0xFF,0xF7,0xFF,0xFF,0xDF,0x0A,0x00,0x00,
    0x00,0x00,0x00,0x00,0x00,0xD0,0xFF,0xFF,0xC4,0x3C,0xFF,0xFF,0xFF,0x9A,0xFF,0xFF,0xFF,0x89,0x00,0x00,
    0x00,0x00,0x00,0x00,0x00,0xD0,0xFF,0xFF,0xC4,0x3C,0xFF,0xFF,0xFF,0x58,0xBD,0xFF,0xFF,0xFB,0x2E,0x00,
    0x00,0x00,0x00,0x00,0x00,0xD0,0xFF,0xFF,0xC4,0x3C,0xFF,0xFF,0xFF,0x5B,0x25,0xF7,0xFF,0xFF,0xC7,0x02,
    0x00,0x00,0x00,0x00,0x00,0xD0,0xFF,0xFF,0xC4,0x3C,0xFF,0xFF,0xFF,0x5C,0x00,0x7A,0xFF,0xFF,0xFF,0x6A,
    0x00,0x00,0x00,0x00,0x00,0xD0,0xFF,0xFF,0xC4,0x3C,0xFF,0xFF,0xFF,0x5C,0x00,0x05,0xD2,0xFF,0xFF,0xF0,
    0x19,0x00,0x00,0x00,0x00,0xD0,0xFF,0xFF,0xC4,0x3C,0xFF,0xFF,0xFF,0x5C,0x00,0x00,0x38,0xFD,0xFF,0xFF,
    0xAB,0x00,0x00,0x00,0x00,0xD0,0xFF,0xFF,0xC4,0x3C,0xFF,0xFF,0xFF,0x5C,0x00,0x00,0x00,0x94,0xFF,0xFF,
    0xFF,0x4B,0x00,0x00,0x00,0xD0,0xFF,0xFF,0xC4,0x3C,0xFF,0xFF,0xFF,0x5C,0x00,0x00,0x00,0x0D,0xE4,0xFF,
    0xFF,0xE0,0x0B,0x00,0x00,0xD0,0xFF,0xFF,0xC4,0x3C,0xFF,0xFF,0xFF,0x5C,0x00,0x00,0x00,0x00,0x4F,0xFF,
    0xFF,0xFF,0x8C,0x00,0x00,0xD0,0xFF,0xFF,0xC4,0x3C,0xFF,0xFF,0xFF,0x5C,0x00,0x00,0x00,0x00,0x00,0xAE,
    0xFF,0xFF,0xFB,0x30,0x00,0xD0,0xFF,0xFF,0xC4,0x3C,0xFF,0xFF,0xFF,0x5C,0x00,0x00,0x00,0x00,0x00,0x1A,
    0xF1,0xFF,0xFF,0xC9,0x02,0xCE,0xFF,0xFF,0xC4,0x3C,0xFF,0xFF,0xFF,0x5C,0x00,0x00,0x00,0x00,0x00,0x00,
    0x6A,0xFF,0xFF,0xFF,0x6D,0xC7,0xFF,0xFF,0xC4,0x3C,0xFF,0xFF,0xFF,0x5C,0x00,0x00,0x00,0x00,0x00,0x00,
    0x01,0xC5,0xFF,0xFF,0xF2,0xCE,0xFF,0xFF,0xC4,0x3C,0xFF,0xFF,0xFF,0x5C,0x00,0x00,0x00,0x00,0x00,0x00,
    0x00,0x2B,0xFA,0xFF,0xFF,0xFF,0xFF,0xFF,0xC4,0x3C,0xFF,0xFF,0xFF,0x5C,0x00,0x00,0x00,0x00,0x00,0x00,
    0x00,0x00,0x84,0xFF,0xFF,0xFF,0xFF,0xFF,0xC4,0x3C,0xFF,0xFF,0xFF,0x5C,0x00,0x00,0x00,0x00,0x00,0x00,
    0x00,0x00,0x07,0xD9,0xFF,0xFF,0xFF,0xFF,0xC4,0x3C,0xFF,0xFF,0xFF,0x5C,0x00,0x00,0x00,0x00,0x00,0x00,
    0x00,0x00,0x00,0x40,0xFF,0xFF,0xFF,0xFF,0xC4,0x3C,0xFF,0xFF,0xFF,0x5C,0x00,0x00,0x00,0x00,0x00,0x00,
    0x00,0x00,0x00,0x00,0x9D,0xFF,0xFF,0xFF,0xC4,0x00,0x00,0x00,0x00,0x00,0x00,0x15,0x64,0xAB,0xD7,0xED,
    0xF9,0xE6,0xCB,0x8B,0x3C,0x00,0x00,0x00,0x00,0x00,0x00,0x00,0x00,0x00,0x00,0x0A,0x81,0xF3,0xFF,0xFF,
    0xFF,0xFF,0xFF,0xFF,0xFF,0xFF,0xFF,0xBD,0x2D,0x00,0x00,0x00,0x00,0x00,0x00,0x00,0x18,0xCB,0xFF,0xFF,
    0xFF,0xFF,0xFF,0xFF,0xFF,0xFF,0xFF,0xFF,0xFF,0xFF,0xF4,0x4C,0x00,0x00,0x00,0x00,0x00,0x0F,0xDB,0xFF,
    0xFF,0xFF,0xFF,0xD0,0x7C,0x55,0x4C,0x66,0xA8,0xF8,0xFF,0xFF,0xFF,0xFC,0x42,0x00,0x00,0x00,0x00,0xAD,
    0xFF,0xFF,0xFF,0xF6,0x5F,0x00,0x00,0x00,0x00,0x00,0x00,0x22,0xC7,0xFF,0xFF,0xFF,0xE8,0x16,0x00,0x00,
    0x44,0xFF,0xFF,0xFF,0xFB,0x42,0x00,0x00,0x00,0x00,0x00,0x00,0x00,0x00,0x0C,0xCE,0xFF,0xFF,0xFF,0x8E,
    0x00,0x00,0xBA,0xFF,0xFF,0xFF,0x81,0x00,0x00,0x00,0x00,0x00,0x00,0x00,0x00,0x00,0x00,0x2E,0xFE,0xFF,
    0xFF,0xF4,0x10,0x12,0xFE,0xFF,0xFF,0xF2,0x0D,0x00,0x00,0x00,0x00,0x00,0x00,0x00,0x00,0x00,0x00,0x00,
    0xB9,0xFF,0xFF,0xFF,0x53,0x50,0xFF,0xFF,0xFF,0xA4,0x00,0x00,0x00,0x00,0x00,0x00,0x00,0x00,0x00,0x00,
    0x00,0x00,0x68,0xFF,0xFF,0xFF,0x92,0x81,0xFF,0xFF,0xFF,0x6A,0x00,0x00,0x00,0x00,0x00,0x00,0x00,0x00,
    0x00,0x00,0x00,0x00,0x35,0xFF,0xFF,0xFF,0xB5,0x95,0xFF,0xFF,0xFF,0x4D,0x00,0x00,0x00,0x00,0x00,0x00,
    0x00,0x00,0x00,0x00,0x00,0x00,0x1D,0xFF,0xFF,0xFF,0xC9,0xA6,0xFF,0xFF,0xFF,0x40,0x00,0x00,0x00,0x00,
    0x00,0x00,0x00,0x00,0x00,0x00,0x00,0x00,0x10,0xFF,0xFF,0xFF,0xD1,0x9E,0xFF,0xFF,0xFF,0x4C,0x00,0x00,
    0x00,0x00,0x00,0x00,0x00,0x00,0x00,0x00,0x00,0x00,0x1B,0xFF,0xFF,0xFF,0xBF,0x8B,0xFF,0xFF,0xFF,0x67,
    0x00,0x00,0x00,0x00,0x00,0x00,0x00,0x00,0x00,0x00,0x00,0x00,0x32,0xFF,0xFF,0xFF,0xAC,0x66,0xFF,0xFF,
    0xFF,0x9E,0x00,0x00,0x00,0x00,0x00,0x00,0x00,0x00,0x00,0x00,0x00,0x00,0x66,0xFF,0xFF,0xFF,0x7D,0x26,
    0xFF,0xFF,0xFF,0xED,0x09,0x00,0x00,0x00,0x00,0x00,0x00,0x00,0x00,0x00,0x00,0x00,0xB5,0xFF,0xFF,0xFF,
    0x3F,0x00,0xD6,0xFF,0xFF,0xFF,0x72,0x00,0x00,0x00,0x00,0x00,0x00,0x00,0x00,0x00,0x00,0x2D,0xFD,0xFF,
    0xFF,0xE5,0x06,0x00,0x60,0xFF,0xFF,0xFF,0xF6,0x30,0x00,0x00,0x00,0x00,0x00,0x00,0x00,0x00,0x0C,0xCF,
    0xFF,0xFF,0xFF,0x76,0x00,0x00,0x05,0xCB,0xFF,0xFF,0xFF,0xEE,0x49,0x00,0x00,0x00,0x00,0x00,0x00,0x25,
    0xCB,0xFF,0xFF,0xFF,0xD8,0x0B,0x00,0x00,0x00,0x20,0xEE,0xFF,0xFF,0xFF,0xFF,0xBF,0x6F,0x4C,0x4A,0x66,
    0xAB,0xFA,0xFF,0xFF,0xFF,0xF5,0x2E,0x00,0x00,0x00,0x00,0x00,0x2D,0xE2,0xFF,0xFF,0xFF,0xFF,0xFF,0xFF,
    0xFF,0xFF,0xFF,0xFF,0xFF,0xFF,0xE9,0x37,0x00,0x00,0x00,0x00,0x00,0x00,0x00,0x18,0x9F,0xFC,0xFF,0xFF,
    0xFF,0xFF,0xFF,0xFF,0xFF,0xFF,0xFE,0xA6,0x1E,0x00,0x00,0x00,0x00,0x00,0x00,0x00,0x00,0x00,0x00,0x25,
    0x78,0xBE,0xE0,0xF5,0xF5,0xE0,0xBF,0x7A,0x29,0x00,0x00,0x00,0x00,0x00,0x00,0x3C,0xFF,0xFF,0xFF,0xFF,
    0xFF,0xFF,0xFE,0xEF,0xD7,0xA2,0x4E,0x02,0x00,0x00,0x00,0x3C,0xFF,0xFF,0xFF,0xFF,0xFF,0xFF,0xFF,0xFF,
    0xFF,0xFF,0xFF,0xD0,0x2B,0x00,0x00,0x3C,0xFF,0xFF,0xFF,0xFF,0xFF,0xFF,0xFF,0xFF,0xFF,0xFF,0xFF,0xFF,
    0xED,0x28,0x00,0x3C,0xFF,0xFF,0xFF,0x80,0x10,0x10,0x15,0x31,0x79,0xEF,0xFF,0xFF,0xFF,0xC7,0x00,0x3C,
    0xFF,0xFF,0xFF,0x78,0x00,0x00,0x00,0x00,0x00,0x28,0xF2,0xFF,0xFF,0xFF,0x3A,0x3C,0xFF,0xFF,0xFF,0x78,
    0x00,0x00,0x00,0x00,0x00,0x00,0x8C,0xFF,0xFF,0xFF,0x7E,0x3C,0xFF,0xFF,0xFF,0x78,0x00,0x00,0x00,0x00,
    0x00,0x00,0x4F,0xFF,0xFF,0xFF,0x9C,0x3C,0xFF,0xFF,0xFF,0x78,0x00,0x00,0x00,0x00,0x00,0x00,0x41,0xFF,
    0xFF,0xFF,0xA4,0x3C,0xFF,0xFF,0xFF,0x78,0x00,0x00,0x00,0x00,0x00,0x00,0x59,0xFF,0xFF,0xFF,0x8E,0x3C,
    0xFF,0xFF,0xFF,0x78,0x00,0x00,0x00,0x00,0x00,0x00,0xA4,0xFF,0xFF,0xFF,0x59,0x3C,0xFF,0xFF,0xFF,0x78,
    0x00,0x00,0x00,0x00,0x00,0x44,0xFC,0xFF,0xFF,0xF3,0x11,0x3C,0xFF,0xFF,0xFF,0x78,0x00,0x00,0x0A,0x30,
    0x89,0xFA,0xFF,0xFF,0xFF,0x7E,0x00,0x3C,0xFF,0xFF,0xFF,0xFF,0xFF,0xFF,0xFF,0xFF,0xFF,0xFF,0xFF,0xFF,
    0xB7,0x03,0x00,0x3C,0xFF,0xFF,0xFF,0xFF,0xFF,0xFF,0xFF,0xFF,0xFF,0xFF,0xFE,0x97,0x06,0x00,0x00,0x3C,
    0xFF,0xFF,0xFF,0xFF,0xFF,0xFF,0xFF,0xF4,0xD3,0x92,0x2B,0x00,0x00,0x00,0x00,0x3C,0xFF,0xFF,0xFF,0x7C,
    0x08,0x08,0x05,0x00,0x00,0x00,0x00,0x00,0x00,0x00,0x00,0x3C,0xFF,0xFF,0xFF,0x78,0x00,0x00,0x00,0x00,
    0x00,0x00,0x00,0x00,0x00,0x00,0x00,0x3C,0xFF,0xFF,0xFF,0x78,0x00,0x00,0x00,0x00,0x00,0x00,0x00,0x00,
    0x00,0x00,0x00,0x3C,0xFF,0xFF,0xFF,0x78,0x00,0x00,0x00,0x00,0x00,0x00,0x00,0x00,0x00,0x00,0x00,0x3C,
    0xFF,0xFF,0xFF,0x78,0x00,0x00,0x00,0x00,0x00,0x00,0x00,0x00,0x00,0x00,0x00,0x3C,0xFF,0xFF,0xFF,0x78,
    0x00,0x00,0x00,0x00,0x00,0x00,0x00,0x00,0x00,0x00,0x00,0x3C,0xFF,0xFF,0xFF,0x78,0x00,0x00,0x00,0x00,
    0x00,0x00,0x00,0x00,0x00,0x00,0x00,0x3C,0xFF,0xFF,0xFF,0x78,0x00,0x00,0x00,0x00,0x00,0x00,0x00,0x00,
    0x00,0x00,0x00,0x00,0x00,0x00,0x00,0x00,0x00,0x10,0x5D,0xA8,0xD6,0xEC,0xF9,0xE4,0xC8,0x84,0x32,0x00,
    0x00,0x00,0x00,0x00,0x00,0x00,0x00,0x00,0x00,0x00,0x00,0x00,0x08,0x79,0xEF,0xFF,0xFF,0xFF,0xFF,0xFF,
    0xFF,0xFF,0xFF,0xFF,0xB3,0x28,0x00,0x00,0x00,0x00,0x00,0x00,0x00,0x00,0x00,0x00,0x16,0xC7,0xFF,0xFF,
    0xFF,0xFF,0xFF,0xFF,0xFF,0xFF,0xFF,0xFF,0xFF,0xFF,0xF2,0x48,0x00,0x00,0x00,0x00,0x00,0x00,0x00,0x00,
    0x0E,0xD9,0xFF,0xFF,0xFF,0xFF,0xD3,0x7E,0x56,0x4C,0x67,0xAC,0xF9,0xFF,0xFF,0xFF,0xFB,0x3E,0x00,0x00,
    0x00,0x00,0x00,0x00,0x00,0xA8,0xFF,0xFF,0xFF,0xF7,0x63,0x01,0x00,0x00,0x00,0x00,0x00,0x24,0xC7,0xFF,
    0xFF,0xFF,0xE5,0x13,0x00,0x00,0x00,0x00,0x00,0x3E,0xFF,0xFF,0xFF,0xFC,0x45,0x00,0x00,0x00,0x00,0x00,
    0x00,0x00,0x00,0x0C,0xCE,0xFF,0xFF,0xFF,0x85,0x00,0x00,0x00,0x00,0x00,0xB5,0xFF,0xFF,0xFF,0x86,0x00,
    0x00,0x00,0x00,0x00,0x00,0x00,0x00,0x00,0x00,0x30,0xFE,0xFF,0xFF,0xF0,0x0B,0x00,0x00,0x00,0x10,0xFD,
    0xFF,0xFF,0xF4,0x10,0x00,0x00,0x00,0x00,0x00,0x00,0x00,0x00,0x00,0x00,0x00,0xBC,0xFF,0xFF,0xFF,0x4C,
    0x00,0x00,0x00,0x4E,0xFF,0xFF,0xFF,0xA7,0x00,0x00,0x00,0x00,0x00,0x00,0x00,0x00,0x00,0x00,0x00,0x00,
    0x6B,0xFF,0xFF,0xFF,0x8F,0x00,0x00,0x00,0x7F,0xFF,0xFF,0xFF,0x6C,0x00,0x00,0x00,0x00,0x00,0x00,0x00,
    0x00,0x00,0x00,0x00,0x00,0x37,0xFF,0xFF,0xFF,0xB4,0x00,0x00,0x00,0x94,0xFF,0xFF,0xFF,0x4E,0x00,0x00,
    0x00,0x00,0x00,0x00,0x00,0x00,0x00,0x00,0x00,0x00,0x1E,0xFF,0xFF,0xFF,0xC8,0x00,0x00,0x00,0xA6,0xFF,
    0xFF,0xFF,0x40,0x00,0x00,0x00,0x00,0x00,0x00,0x00,0x00,0x00,0x00,0x00,0x00,0x10,0xFF,0xFF,0xFF,0xD3,
    0x00,0x00,0x00,0x9D,0xFF,0xFF,0xFF,0x4C,0x00,0x00,0x00,0x00,0x00,0x00,0x00,0x00,0x00,0x00,0x00,0x00,
    0x1C,0xFF,0xFF,0xFF,0xC9,0x00,0x00,0x00,0x89,0xFF,0xFF,0xFF,0x68,0x00,0x00,0x00,0x00,0x00,0x00,0x00,
    0x00,0x00,0x00,0x00,0x00,0x33,0xFF,0xFF,0xFF,0xAD,0x00,0x00,0x00,0x63,0xFF,0xFF,0xFF,0xA1,0x00,0x00,
    0x00,0x00,0x00,0x00,0x00,0x00,0x00,0x00,0x00,0x00,0x6A,0xFF,0xFF,0xFF,0x83,0x00,0x00,0x00,0x20,0xFF,
    0xFF,0xFF,0xEF,0x0A,0x00,0x00,0x00,0x00,0x00,0x00,0x00,0x00,0x00,0x00,0x00,0xBA,0xFF,0xFF,0xFF,0x43,
    0x00,0x00,0x00,0x00,0xD0,0xFF,0xFF,0xFF,0x76,0x00,0x00,0x00,0x00,0x00,0x00,0x00,0x00,0x00,0x00,0x32,
    0xFE,0xFF,0xFF,0xE7,0x03,0x00,0x00,0x00,0x00,0x58,0xFF,0xFF,0xFF,0xF7,0x33,0x00,0x00,0x00,0x00,0x00,
    0x00,0x00,0x00,0x0F,0xD4,0xFF,0xFF,0xFF,0x6E,0x00,0x00,0x00,0x00,0x00,0x02,0xC5,0xFF,0xFF,0xFF,0xEF,
    0x4E,0x00,0x00,0x00,0x00,0x00,0x00,0x28,0xCE,0xFF,0xFF,0xFF,0xD1,0x03,0x00,0x00,0x00,0x00,0x00,0x00,
    0x1C,0xEB,0xFF,0xFF,0xFF,0xFF,0xC4,0x71,0x4D,0x4A,0x67,0xAC,0xFA,0xFF,0xFF,0xFF,0xEC,0x2E,0x00,0x00,
    0x00,0x00,0x00,0x00,0x00,0x00,0x28,0xDE,0xFF,0xFF,0xFF,0xFF,0xFF,0xFF,0xFF,0xFF,0xFF,0xFF,0xFF,0xFF,
    0xEA,0x2D,0x00,0x00,0x00,0x00,0x00,0x00,0x00,0x00,0x00,0x00,0x13,0x96,0xFB,0xFF,0xFF,0xFF,0xFF,0xFF,
    0xFF,0xFF,0xFF,0xFF,0xFF,0xF3,0x57,0x00,0x00,0x00,0x00,0x00,0x00,0x00,0x00,0x00,0x00,0x00,0x00,0x20,
    0x73,0xBB,0xDE,0xF5,0xF7,0xE4,0xBB,0xAE,0xFF,0xFF,0xFF,0xFF,0x91,0x05,0x00,0x00,0x00,0x00,0x00,0x00,
    0x00,0x00,0x00,0x00,0x00,0x00,0x00,0x00,0x00,0x00,0x00,0x00,0x00,0x71,0xFD,0xFF,0xFF,0xFF,0xC5,0x1B,
    0x00,0x00,0x00,0x00,0x00,0x00,0x00,0x00,0x00,0x00,0x00,0x00,0x00,0x00,0x00,0x00,0x00,0x00,0x00,0x51,
    0xF6,0xFF,0xFF,0xFF,0xE9,0x41,0x00,0x00,0x00,0x00,0x00,0x00,0x00,0x00,0x00,0x00,0x00,0x00,0x00,0x00,
    0x00,0x00,0x00,0x00,0x00,0x36,0xE9,0xFF,0xFF,0xFF,0xFC,0x78,0x01,0x3C,0xFF,0xFF,0xFF,0xFF,0xFF,0xFF,
    0xFF,0xF9,0xE6,0xB6,0x69,0x0D,0x00,0x00,0x00,0x00,0x00,0x00,0x3C,0xFF,0xFF,0xFF,0xFF,0xFF,0xFF,0xFF,
    0xFF,0xFF,0xFF,0xFF,0xE6,0x44,0x00,0x00,0x00,0x00,0x00,0x3C,0xFF,0xFF,0xFF,0xFF,0xFF,0xFF,0xFF,0xFF,
    0xFF,0xFF,0xFF,0xFF,0xF8,0x39,0x00,0x00,0x00,0x00,0x3C,0xFF,0xFF,0xFF,0x7A,0x04,0x04,0x07,0x27,0x6B,
    0xED,0xFF,0xFF,0xFF,0xCF,0x00,0x00,0x00,0x00,0x3C,0xFF,0xFF,0xFF,0x78,0x00,0x00,0x00,0x00,0x00,0x27,
    0xF8,0xFF,0xFF,0xFF,0x2E,0x00,0x00,0x00,0x3C,0xFF,0xFF,0xFF,0x78,0x00,0x00,0x00,0x00,0x00,0x00,0xA6,
    0xFF,0xFF,0xFF,0x5E,0x00,0x00,0x00,0x3C,0xFF,0xFF,0xFF,0x78,0x00,0x00,0x00,0x00,0x00,0x00,0x7E,0xFF,
    0xFF,0xFF,0x6E,0x00,0x00,0x00,0x3C,0xFF,0xFF,0xFF,0x78,0x00,0x00,0x00,0x00,0x00,0x00,0x89,0xFF,0xFF,
    0xFF,0x5A,0x00,0x00,0x00,0x3C,0xFF,0xFF,0xFF,0x78,0x00,0x00,0x00,0x00,0x00,0x00,0xCB,0xFF,0xFF,0xFF,
    0x21,0x00,0x00,0x00,0x3C,0xFF,0xFF,0xFF,0x78,0x00,0x00,0x00,0x00,0x00,0x61,0xFF,0xFF,0xFF,0xBC,0x00,
    0x00,0x00,0x00,0x3C,0xFF,0xFF,0xFF,0x7A,0x04,0x04,0x05,0x21,0x89,0xFC,0xFF,0xFF,0xF2,0x29,0x00,0x00,
    0x00,0x00,0x3C,0xFF,0xFF,0xFF,0xFF,0xFF,0xFF,0xFF,0xFF,0xFF,0xFF,0xFF,0xE4,0x39,0x00,0x00,0x00,0x00,
    0x00,0x3C,0xFF,0xFF,0xFF,0xFF,0xFF,0xFF,0xFF,0xFF,0xFF,0xE1,0x78,0x0D,0x00,0x00,0x00,0x00,0x00,0x00,
    0x3C,0xFF,0xFF,0xFF,0xFF,0xFF,0xFF,0xFF,0xFF,0xFF,0xF2,0x5A,0x00,0x00,0x00,0x00,0x00,0x00,0x00,0x3C,
    0xFF,0xFF,0xFF,0x78,0x00,0x13,0x52,0xDE,0xFF,0xFF,0xFE,0x62,0x00,0x00,0x00,0x00,0x00,0x00,0x3C,0xFF,
    0xFF,0xFF,0x78,0x00,0x00,0x00,0x1B,0xE0,0xFF,0xFF,0xFA,0x38,0x00,0x00,0x00,0x00,0x00,0x3C,0xFF,0xFF,
    0xFF,0x78,0x00,0x00,0x00,0x00,0x3D,0xFD,0xFF,0xFF,0xDC,0x0B,0x00,0x00,0x00,0x00,0x3C,0xFF,0xFF,0xFF,
    0x78,0x00,0x00,0x00,0x00,0x00,0x94,0xFF,0xFF,0xFF,0x8F,0x00,0x00,0x00,0x00,0x3C,0xFF,0xFF,0xFF,0x78,
    0x00,0x00,0x00,0x00,0x00,0x10,0xEA,0xFF,0xFF,0xFD,0x36,0x00,0x00,0x00,0x3C,0xFF,0xFF,0xFF,0x78,0x00,
    0x00,0x00,0x00,0x00,0x00,0x60,0xFF,0xFF,0xFF,0xD1,0x05,0x00,0x00,0x3C,0xFF,0xFF,0xFF,0x78,0x00,0x00,
    0x00,0x00,0x00,0x00,0x01,0xC4,0xFF,0xFF,0xFF,0x7A,0x00,0x00,0x3C,0xFF,0xFF,0xFF,0x78,0x00,0x00,0x00,
    0x00,0x00,0x00,0x00,0x2F,0xFC,0xFF,0xFF,0xF7,0x26,0x00,0x3C,0xFF,0xFF,0xFF,0x78,0x00,0x00,0x00,0x00,
    0x00,0x00,0x00,0x00,0x91,0xFF,0xFF,0xFF,0xC0,0x01,0x00,0x00,0x00,0x00,0x22,0x79,0xBA,0xE5,0xF8,0xFB,
    0xF3,0xDE,0xBA,0x7B,0x08,0x00,0x00,0x00,0x0B,0x9B,0xFC,0xFF,0xFF,0xFF,0xFF,0xFF,0xFF,0xFF,0xFF,0xFF,
    0x1C,0x00,0x00,0x0C,0xCE,0xFF,0xFF,0xFF,0xFF,0xFF,0xFF,0xFF,0xFF,0xFF,0xFF,0xFF,0x1C,0x00,0x00,0x98,
    0xFF,0xFF,0xFF,0xFB,0x9E,0x4B,0x29,0x1C,0x27,0x44,0x76,0xC4,0x1B,0x00,0x0E,0xF7,0xFF,0xFF,0xFB,0x48,
    0x00,0x00,0x00,0x00,0x00,0x00,0x00,0x00,0x00,0x00,0x35,0xFF,0xFF,0xFF,0xB5,0x00,0x00,0x00,0x00,0x00,
    0x00,0x00,0x00,0x00,0x00,0x00,0x3F,0xFF,0xFF,0xFF,0xB1,0x00,0x00,0x00,0x00,0x00,0x00,0x00,0x00,0x00,
    0x00,0x00,0x1D,0xFF,0xFF,0xFF,0xF6,0x26,0x00,0x00,0x00,0x00,0x00,0x00,0x00,0x00,0x00,0x00,0x00,0xC5,
    0xFF,0xFF,0xFF,0xE7,0x51,0x00,0x00,0x00,0x00,0x00,0x00,0x00,0x00,0x00,0x00,0x31,0xF6,0xFF,0xFF,0xFF,
    0xFF,0xBF,0x48,0x01,0x00,0x00,0x00,0x00,0x00,0x00,0x00,0x00,0x3D,0xE9,0xFF,0xFF,0xFF,0xFF,0xFF,0xCE,
    0x3D,0x00,0x00,0x00,0x00,0x00,0x00,0x00,0x00,0x1C,0xB5,0xFF,0xFF,0xFF,0xFF,0xFF,0xFF,0xA4,0x10,0x00,
    0x00,0x00,0x00,0x00,0x00,0x00,0x00,0x49,0xD1,0xFF,0xFF,0xFF,0xFF,0xFF,0xDA,0x20,0x00,0x00,0x00,0x00,
    0x00,0x00,0x00,0x00,0x00,0x49,0xC9,0xFF,0xFF,0xFF,0xFF,0xD8,0x0D,0x00,0x00,0x00,0x00,0x00,0x00,0x00,
    0x00,0x00,0x01,0x5F,0xF4,0xFF,0xFF,0xFF,0x84,0x00,0x00,0x00,0x00,0x00,0x00,0x00,0x00,0x00,0x00,0x00,
    0x4B,0xFF,0xFF,0xFF,0xE3,0x00,0x00,0x00,0x00,0x00,0x00,0x00,0x00,0x00,0x00,0x00,0x00,0xE3,0xFF,0xFF,
    0xFF,0x0A,0x00,0x00,0x00,0x00,0x00,0x00,0x00,0x00,0x00,0x00,0x00,0xE8,0xFF,0xFF,0xFD,0x04,0x3D,0x7D,
    0x09,0x00,0x00,0x00,0x00,0x00,0x00,0x00,0x58,0xFF,0xFF,0xFF,0xDA,0x00,0x44,0xFF,0xEF,0x99,0x56,0x2A,
    0x18,0x20,0x45,0x96,0xFB,0xFF,0xFF,0xFF,0x78,0x00,0x44,0xFF,0xFF,0xFF,0xFF,0xFF,0xFF,0xFF,0xFF,0xFF,
    0xFF,0xFF,0xFF,0xC4,0x05,0x00,0x37,0xFC,0xFF,0xFF,0xFF,0xFF,0xFF,0xFF,0xFF,0xFF,0xFF,0xFC,0x9B,0x0A,
    0x00,0x00,0x00,0x1E,0x69,0xA4,0xCF,0xF0,0xFD,0xF5,0xE1,0xBA,0x7B,0x24,0x00,0x00,0x00,0x00,0x70,0xFF,
    0xFF,0xFF,0xFF,0xFF,0xFF,0xFF,0xFF,0xFF,0xFF,0xFF,0xFF,0xFF,0xFF,0xFF,0xFF,0x24,0x70,0xFF,0xFF,0xFF,
    0xFF,0xFF,0xFF,0xFF,0xFF,0xFF,0xFF,0xFF,0xFF,0xFF,0xFF,0xFF,0xFF,0x24,0x70,0xFF,0xFF,0xFF,0xFF,0xFF,
    0xFF,0xFF,0xFF,0xFF,0xFF,0xFF,0xFF,0xFF,0xFF,0xFF,0xFF,0x24,0x11,0x28,0x28,0x28,0x28,0x28,0x2B,0xFF,
    0xFF,0xFF,0xBF,0x28,0x28,0x28,0x28,0x28,0x28,0x05,0x00,0x00,0x00,0x00,0x00,0x00,0x04,0xFF,0xFF,0xFF,
    0xB4,0x00,0x00,0x00,0x00,0x00,0x00,0x00,0x00,0x00,0x00,0x00,0x00,0x00,0x04,0xFF,0xFF,0xFF,0xB4,0x00,
    0x00,0x00,0x00,0x00,0x00,0x00,0x00,0x00,0x00,0x00,0x00,0x00,0x04,0xFF,0xFF,0xFF,0xB4,0x00,0x00,0x00,
    0x00,0x00,0x00,0x00,0x00,0x00,0x00,0x00,0x00,0x00,0x04,0xFF,0xFF,0xFF,0xB4,0x00,0x00,0x00,0x00,0x00,
    0x00,0x00,0x00,0x00,0x00,0x00,0x00,0x00,0x04,0xFF,0xFF,0xFF,0xB4,0x00,0x00,0x00,0x00,0x00,0x00,0x00,
    0x00,0x00,0x00,0x00,0x00,0x00,0x04,0xFF,0xFF,0xFF,0xB4,0x00,0x00,0x00,0x00,0x00,0x00,0x00,0x00,0x00,
    0x00,0x00,0x00,0x00,0x04,0xFF,0xFF,0xFF,0xB4,0x00,0x00,0x00,0x00,0x00,0x00,0x00,0x00,0x00,0x00,0x00,
    0x00,0x00,0x04,0xFF,0xFF,0xFF,0xB4,0x00,0x00,0x00,0x00,0x00,0x00,0x00,0x00,0x00,0x00,0x00,0x00,0x00,
    0x04,0xFF,0xFF,0xFF,0xB4,0x00,0x00,0x00,0x00,0x00,0x00,0x00,0x00,0x00,0x00,0x00,0x00,0x00,0x04,0xFF,
    0xFF,0xFF,0xB4,0x00,0x00,0x00,0x00,0x00,0x00,0x00,0x00,0x00,0x00,0x00,0x00,0x00,0x04,0xFF,0xFF,0xFF,
    0xB4,0x00,0x00,0x00,0x00,0x00,0x00,0x00,0x00,0x00,0x00,0x00,0x00,0x00,0x04,0xFF,0xFF,0xFF,0xB4,0x00,
    0x00,0x00,0x00,0x00,0x00,0x00,0x00,0x00,0x00,0x00,0x00,0x00,0x04,0xFF,0xFF,0xFF,0xB4,0x00,0x00,0x00,
    0x00,0x00,0x00,0x00,0x00,0x00,0x00,0x00,0x00,0x00,0x04,0xFF,0xFF,0xFF,0xB4,0x00,0x00,0x00,0x00,0x00,
    0x00,0x00,0x00,0x00,0x00,0x00,0x00,0x00,0x04,0xFF,0xFF,0xFF,0xB4,0x00,0x00,0x00,0x00,0x00,0x00,0x00,
    0x00,0x00,0x00,0x00,0x00,0x00,0x04,0xFF,0xFF,0xFF,0xB4,0x00,0x00,0x00,0x00,0x00,0x00,0x00,0x00,0x00,
    0x00,0x00,0x00,0x00,0x04,0xFF,0xFF,0xFF,0xB4,0x00,0x00,0x00,0x00,0x00,0x00,0x00,0x00,0x00,0x00,0x00,
    0x00,0x00,0x04,0xFF,0xFF,0xFF,0xB4,0x00,0x00,0x00,0x00,0x00,0x00,0x00,0x00,0x00,0x00,0x00,0x00,0x00,
    0x04,0xFF,0xFF,0xFF,0xB4,0x00,0x00,0x00,0x00,0x00,0x00,0x00,0x80,0xFF,0xFF,0xFF,0x38,0x00,0x00,0x00,
    0x00,0x00,0x00,0x00,0x00,0x00,0xB8,0xFF,0xFF,0xFF,0x80,0xFF,0xFF,0xFF,0x38,0x00,0x00,0x00,0x00,0x00,
    0x00,0x00,0x00,0x00,0xB8,0xFF,0xFF,0xFF,0x80,0xFF,0xFF,0xFF,0x38,0x00,0x00,0x00,0x00,0x00,0x00,0x00,
    0x00,0x00,0xB8,0xFF,0xFF,0xFF,0x80,0xFF,0xFF,0xFF,0x38,0x00,0x00,0x00,0x00,0x00,0x00,0x00,0x00,0x00,
    0xB8,0xFF,0xFF,0xFF,0x80,0xFF,0xFF,0xFF,0x38,0x00,0x00,0x00,0x00,0x00,0x00,0x00,0x00,0x00,0xB8,0xFF,
    0xFF,0xFF,0x80,0xFF,0xFF,0xFF,0x38,0x00,0x00,0x00,0x00,0x00,0x00,0x00,0x00,0x00,0xB8,0xFF,0xFF,0xFF,
    0x80,0xFF,0xFF,0xFF,0x38,0x00,0x00,0x00,0x00,0x00,0x00,0x00,0x00,0x00,0xB8,0xFF,0xFF,0xFF,0x80,0xFF,
    0xFF,0xFF,0x38,0x00,0x00,0x00,0x00,0x00,0x00,0x00,0x00,0x00,0xB8,0xFF,0xFF,0xFF,0x80,0xFF,0xFF,0xFF,
    0x38,0x00,0x00,0x00,0x00,0x00,0x00,0x00,0x00,0x00,0xB8,0xFF,0xFF,0xFF,0x80,0xFF,0xFF,0xFF,0x38,0x00,
    0x00,0x00,0x00,0x00,0x00,0x00,0x00,0x00,0xB8,0xFF,0xFF,0xFF,0x80,0xFF,0xFF,0xFF,0x38,0x00,0x00,0x00,
    0x00,0x00,0x00,0x00,0x00,0x00,0xB8,0xFF,0xFF,0xFF,0x80,0xFF,0xFF,0xFF,0x38,0x00,0x00,0x00,0x00,0x00,
    0x00,0x00,0x00,0x00,0xB8,0xFF,0xFF,0xFF,0x80,0xFF,0xFF,0xFF,0x38,0x00,0x00,0x00,0x00,0x00,0x00,0x00,
    0x00,0x00,0xB8,0xFF,0xFF,0xFF,0x7F,0xFF,0xFF,0xFF,0x3D,0x00,0x00,0x00,0x00,0x00,0x00,0x00,0x00,0x00,
    0xBB,0xFF,0xFF,0xFD,0x76,0xFF,0xFF,0xFF,0x4B,0x00,0x00,0x00,0x00,0x00,0x00,0x00,0x00,0x00,0xC8,0xFF,
    0xFF,0xEF,0x65,0xFF,0xFF,0xFF,0x73,0x00,0x00,0x00,0x00,0x00,0x00,0x00,0x00,0x00,0xEA,0xFF,0xFF,0xDD,
    0x41,0xFF,0xFF,0xFF,0xB6,0x00,0x00,0x00,0x00,0x00,0x00,0x00,0x00,0x28,0xFF,0xFF,0xFF,0xAF,0x0C,0xFC,
    0xFF,0xFF,0xFB,0x2B,0x00,0x00,0x00,0x00,0x00,0x00,0x00,0x94,0xFF,0xFF,0xFF,0x75,0x00,0xB0,0xFF,0xFF,
    0xFF,0xD4,0x18,0x00,0x00,0x00,0x00,0x00,0x54,0xFC,0xFF,0xFF,0xFA,0x18,0x00,0x38,0xFD,0xFF,0xFF,0xFF,
    0xEF,0x8B,0x52,0x45,0x5F,0xAF,0xFF,0xFF,0xFF,0xFF,0x91,0x00,0x00,0x00,0x7D,0xFF,0xFF,0xFF,0xFF,0xFF,
    0xFF,0xFF,0xFF,0xFF,0xFF,0xFF,0xFF,0xC8,0x08,0x00,0x00,0x00,0x00,0x6B,0xF4,0xFF,0xFF,0xFF,0xFF,0xFF,
    0xFF,0xFF,0xFF,0xFD,0x9F,0x09,0x00,0x00,0x00,0x00,0x00,0x00,0x14,0x76,0xB9,0xE3,0xF6,0xF8,0xE6,0xC4,
    0x86,0x28,0x00,0x00,0x00,0x00,0x9D,0xFF,0xFF,0xFF,0x70,0x00,0x00,0x00,0x00,0x00,0x00,0x00,0x00,0x00,
    0x00,0x00,0xC6,0xFF,0xFF,0xFF,0x27,0x45,0xFF,0xFF,0xFF,0xC1,0x00,0x00,0x00,0x00,0x00,0x00,0x00,0x00,
    0x00,0x00,0x1A,0xFE,0xFF,0xFF,0xCD,0x00,0x03,0xE9,0xFF,0xFF,0xFD,0x15,0x00,0x00,0x00,0x00,0x00,0x00,
    0x00,0x00,0x00,0x6C,0xFF,0xFF,0xFF,0x73,0x00,0x00,0x95,0xFF,0xFF,0xFF,0x63,0x00,0x00,0x00,0x00,0x00,
    0x00,0x00,0x00,0x00,0xBF,0xFF,0xFF,0xFE,0x1C,0x00,0x00,0x3D,0xFF,0xFF,0xFF,0xB4,0x00,0x00,0x00,0x00,
    0x00,0x00,0x00,0x00,0x15,0xFC,0xFF,0xFF,0xC0,0x00,0x00,0x00,0x01,0xE3,0xFF,0xFF,0xF8,0x0D,0x00,0x00,
    0x00,0x00,0x00,0x00,0x00,0x65,0xFF,0xFF,0xFF,0x67,0x00,0x00,0x00,0x00,0x8D,0xFF,0xFF,0xFF,0x56,0x00,
    0x00,0x00,0x00,0x00,0x00,0x00,0xB8,0xFF,0xFF,0xFA,0x13,0x00,0x00,0x00,0x00,0x35,0xFF,0xFF,0xFF,0xA8,
    0x00,0x00,0x00,0x00,0x00,0x00,0x10,0xFA,0xFF,0xFF,0xB4,0x00,0x00,0x00,0x00,0x00,0x00,0xDC,0xFF,0xFF,
    0xF2,0x07,0x00,0x00,0x00,0x00,0x00,0x5F,0xFF,0xFF,0xFF,0x5A,0x00,0x00,0x00,0x00,0x00,0x00,0x85,0xFF,
    0xFF,0xFF,0x4A,0x00,0x00,0x00,0x00,0x00,0xB2,0xFF,0xFF,0xF5,0x0B,0x00,0x00,0x00,0x00,0x00,0x00,0x2C,
    0xFF,0xFF,0xFF,0x9B,0x00,0x00,0x00,0x00,0x0D,0xF7,0xFF,0xFF,0xA7,0x00,0x00,0x00,0x00,0x00,0x00,0x00,
    0x00,0xD4,0xFF,0xFF,0xE9,0x02,0x00,0x00,0x00,0x58,0xFF,0xFF,0xFF,0x4D,0x00,0x00,0x00,0x00,0x00,0x00,
    0x00,0x00,0x7D,0xFF,0xFF,0xFF,0x3D,0x00,0x00,0x00,0xAB,0xFF,0xFF,0xEE,0x06,0x00,0x00,0x00,0x00,0x00,
    0x00,0x00,0x00,0x24,0xFF,0xFF,0xFF,0x8E,0x00,0x00,0x09,0xF4,0xFF,0xFF,0x9A,0x00,0x00,0x00,0x00,0x00,
    0x00,0x00,0x00,0x00,0x00,0xCD,0xFF,0xFF,0xDF,0x00,0x00,0x51,0xFF,0xFF,0xFF,0x41,0x00,0x00,0x00,0x00,
    0x00,0x00,0x00,0x00,0x00,0x00,0x75,0xFF,0xFF,0xFF,0x31,0x00,0xA4,0xFF,0xFF,0xE5,0x02,0x00,0x00,0x00,
    0x00,0x00,0x00,0x00,0x00,0x00,0x00,0x1D,0xFE,0xFF,0xFF,0x82,0x06,0xF0,0xFF,0xFF,0x8D,0x00,0x00,0x00,
    0x00,0x00,0x00,0x00,0x00,0x00,0x00,0x00,0x00,0xC5,0xFF,0xFF,0xD1,0x46,0xFF,0xFF,0xFF,0x34,0x00,0x00,
    0x00,0x00,0x00,0x00,0x00,0x00,0x00,0x00,0x00,0x00,0x6D,0xFF,0xFF,0xFE,0x95,0xFF,0xFF,0xDA,0x00,0x00,
    0x00,0x00,0x00,0x00,0x00,0x00,0x00,0x00,0x00,0x00,0x00,0x17,0xFC,0xFF,0xFF,0xF1,0xFF,0xFF,0x81,0x00,
    0x00,0x00,0x00,0x00,0x00,0x00,0x00,0x00,0x00,0x00,0x00,0x00,0x00,0xBD,0xFF,0xFF,0xFF,0xFF,0xFF,0x27,
    0x00,0x00,0x00,0x00,0x00,0x00,0x00,0x00,0x00,0x00,0x00,0x00,0x00,0x00,0x65,0xFF,0xFF,0xFF,0xFF,0xCE,
    0x00,0x00,0x00,0x00,0x00,0x00,0x00,0x00,0x00,0x00,0x00,0x00,0x00,0x00,0x00,0x12,0xFA,0xFF,0xFF,0xFF,
    0x74,0x00,0x00,0x00,0x00,0x00,0x00,0x00,0x00,0x86,0xFF,0xFF,0xFF,0x8A,0x00,0x00,0x00,0x00,0x00,0x00,
    0x00,0x00,0x3B,0xFF,0xFF,0xFF,0xDB,0x00,0x00,0x00,0x00,0x00,0x00,0x00,0x00,0x67,0xFF,0xFF,0xFF,0x6D,
    0x40,0xFF,0xFF,0xFF,0xC8,0x00,0x00,0x00,0x00,0x00,0x00,0x00,0x00,0x81,0xFF,0xFF,0xFF,0xFF,0x1C,0x00,
    0x00,0x00,0x00,0x00,0x00,0x00,0xA3,0xFF,0xFF,0xFF,0x29,0x05,0xF3,0xFF,0xFF,0xFB,0x0B,0x00,0x00,0x00,
    0x00,0x00,0x00,0x00,0xC7,0xFF,0xFF,0xFF,0xFF,0x5C,0x00,0x00,0x00,0x00,0x00,0x00,0x00,0xDF,0xFF,0xFF,
    0xE4,0x00,0x00,0xB4,0xFF,0xFF,0xFF,0x44,0x00,0x00,0x00,0x00,0x00,0x00,0x10,0xFC,0xFF,0xFF,0xFF,0xFF,
    0x9C,0x00,0x00,0x00,0x00,0x00,0x00,0x1B,0xFF,0xFF,0xFF,0xA0,0x00,0x00,0x6F,0xFF,0xFF,0xFF,0x82,0x00,
    0x00,0x00,0x00,0x00,0x00,0x53,0xFF,0xFF,0xF6,0xFF,0xFF,0xDC,0x00,0x00,0x00,0x00,0x00,0x00,0x58,0xFF,
    0xFF,0xFF,0x5C,0x00,0x00,0x29,0xFF,0xFF,0xFF,0xBF,0x00,0x00,0x00,0x00,0x00,0x00,0x99,0xFF,0xFF,0xAD,
    0xFF,0xFF,0xFF,0x1C,0x00,0x00,0x00,0x00,0x00,0x94,0xFF,0xFF,0xFF,0x18,0x00,0x00,0x00,0xE2,0xFF,0xFF,
    0xF6,0x06,0x00,0x00,0x00,0x00,0x00,0xDE,0xFF,0xFF,0x5C,0xFF,0xFF,0xFF,0x5C,0x00,0x00,0x00,0x00,0x00,
    0xD0,0xFF,0xFF,0xD3,0x00,0x00,0x00,0x00,0x9D,0xFF,0xFF,0xFF,0x3B,0x00,0x00,0x00,0x00,0x25,0xFF,0xFF,
    0xFA,0x0C,0xE4,0xFF,0xFF,0x9C,0x00,0x00,0x00,0x00,0x0F,0xFD,0xFF,0xFF,0x8F,0x00,0x00,0x00,0x00,0x58,
    0xFF,0xFF,0xFF,0x79,0x00,0x00,0x00,0x00,0x6A,0xFF,0xFF,0xC2,0x00,0xA1,0xFF,0xFF,0xDC,0x00,0x00,0x00,
    0x00,0x49,0xFF,0xFF,0xFF,0x4A,0x00,0x00,0x00,0x00,0x13,0xFD,0xFF,0xFF,0xB7,0x00,0x00,0x00,0x00,0xB0,
    0xFF,0xFF,0x7E,0x00,0x5D,0xFF,0xFF,0xFF,0x1D,0x00,0x00,0x00,0x85,0xFF,0xFF,0xFA,0x0C,0x00,0x00,0x00,
    0x00,0x00,0xCC,0xFF,0xFF,0xF1,0x03,0x00,0x00,0x04,0xF1,0xFF,0xFF,0x3A,0x00,0x19,0xFF,0xFF,0xFF,0x5D,
    0x00,0x00,0x00,0xC2,0xFF,0xFF,0xC2,0x00,0x00,0x00,0x00,0x00,0x00,0x86,0xFF,0xFF,0xFF,0x32,0x00,0x00,
    0x3C,0xFF,0xFF,0xF1,0x04,0x00,0x00,0xD6,0xFF,0xFF,0x9D,0x00,0x00,0x06,0xF7,0xFF,0xFF,0x7D,0x00,0x00,
    0x00,0x00,0x00,0x00,0x41,0xFF,0xFF,0xFF,0x70,0x00,0x00,0x82,0xFF,0xFF,0xB2,0x00,0x00,0x00,0x92,0xFF,
    0xFF,0xDD,0x00,0x00,0x3A,0xFF,0xFF,0xFF,0x39,0x00,0x00,0x00,0x00,0x00,0x00,0x06,0xF4,0xFF,0xFF,0xAE,
    0x00,0x00,0xC8,0xFF,0xFF,0x6E,0x00,0x00,0x00,0x4E,0xFF,0xFF,0xFF,0x1D,0x00,0x77,0xFF,0xFF,0xF1,0x03,
    0x00,0x00,0x00,0x00,0x00,0x00,0x00,0xB5,0xFF,0xFF,0xEA,0x00,0x10,0xFC,0xFF,0xFF,0x2A,0x00,0x00,0x00,
    0x0E,0xFB,0xFF,0xFF,0x5D,0x00,0xB3,0xFF,0xFF,0xB0,0x00,0x00,0x00,0x00,0x00,0x00,0x00,0x00,0x6F,0xFF,
    0xFF,0xFF,0x29,0x54,0xFF,0xFF,0xE5,0x00,0x00,0x00,0x00,0x00,0xC6,0xFF,0xFF,0x9D,0x01,0xED,0xFF,0xFF,
    0x6C,0x00,0x00,0x00,0x00,0x00,0x00,0x00,0x00,0x2A,0xFF,0xFF,0xFF,0x66,0x99,0xFF,0xFF,0xA2,0x00,0x00,
    0x00,0x00,0x00,0x82,0xFF,0xFF,0xDD,0x2B,0xFF,0xFF,0xFF,0x28,0x00,0x00,0x00,0x00,0x00,0x00,0x00,0x00,
    0x00,0xE3,0xFF,0xFF,0x94,0xD9,0xFF,0xFF,0x5E,0x00,0x00,0x00,0x00,0x00,0x3E,0xFF,0xFF,0xFF,0x7B,0xFF,
    0xFF,0xE3,0x00,0x00,0x00,0x00,0x00,0x00,0x00,0x00,0x00,0x00,0x9E,0xFF,0xFF,0xC4,0xFF,0xFF,0xFF,0x1A,
    0x00,0x00,0x00,0x00,0x00,0x05,0xF4,0xFF,0xFF,0xCF,0xFF,0xFF,0x9F,0x00,0x00,0x00,0x00,0x00,0x00,0x00,
    0x00,0x00,0x00,0x58,0xFF,0xFF,0xFE,0xFF,0xFF,0xD6,0x00,0x00,0x00,0x00,0x00,0x00,0x00,0xB6,0xFF,0xFF,
    0xFF,0xFF,0xFF,0x5B,0x00,0x00,0x00,0x00,0x00,0x00,0x00,0x00,0x00,0x00,0x14,0xFE,0xFF,0xFF,0xFF,0xFF,
    0x92,0x00,0x00,0x00,0x00,0x00,0x00,0x00,0x72,0xFF,0xFF,0xFF,0xFF,0xFF,0x17,0x00,0x00,0x00,0x00,0x00,
    0x00,0x00,0x00,0x00,0x00,0x00,0xCD,0xFF,0xFF,0xFF,0xFF,0x4E,0x00,0x00,0x00,0x00,0x00,0x00,0x00,0x2E,
    0xFF,0xFF,0xFF,0xFF,0xD2,0x00,0x00,0x00,0x00,0x00,0x00,0x00,0x00,0x00,0x00,0x00,0x00,0x87,0xFF,0xFF,
    0xFF,0xFB,0x0E,0x00,0x00,0x00,0x00,0x00,0x00,0x00,0x01,0xE8,0xFF,0xFF,0xFF,0x8E,0x00,0x00,0x00,0x00,
    0x00,0x00,0x04,0xD4,0xFF,0xFF,0xFF,0xAA,0x00,0x00,0x00,0x00,0x00,0x00,0x00,0x00,0x1E,0xF7,0xFF,0xFF,
    0xF4,0x1D,0x00,0x41,0xFF,0xFF,0xFF,0xFE,0x30,0x00,0x00,0x00,0x00,0x00,0x00,0x00,0xA2,0xFF,0xFF,0xFF,
    0x76,0x00,0x00,0x00,0xAA,0xFF,0xFF,0xFF,0xB5,0x00,0x00,0x00,0x00,0x00,0x00,0x2F,0xFD,0xFF,0xFF,0xD6,
    0x05,0x00,0x00,0x00,0x1D,0xF5,0xFF,0xFF,0xFF,0x3A,0x00,0x00,0x00,0x00,0x00,0xBA,0xFF,0xFF,0xFF,0x41,
    0x00,0x00,0x00,0x00,0x00,0x7C,0xFF,0xFF,0xFF,0xBF,0x00,0x00,0x00,0x00,0x45,0xFF,0xFF,0xFF,0xA5,0x00,
    0x00,0x00,0x00,0x00,0x00,0x07,0xDD,0xFF,0xFF,0xFF,0x45,0x00,0x00,0x02,0xCF,0xFF,0xFF,0xF1,0x19,0x00,
    0x00,0x00,0x00,0x00,0x00,0x00,0x4E,0xFF,0xFF,0xFF,0xCA,0x00,0x00,0x5E,0xFF,0xFF,0xFF,0x6F,0x00,0x00,
    0x00,0x00,0x00,0x00,0x00,0x00,0x00,0xB7,0xFF,0xFF,0xFF,0x4F,0x07,0xE1,0xFF,0xFF,0xD1,0x03,0x00,0x00,
    0x00,0x00,0x00,0x00,0x00,0x00,0x00,0x26,0xF9,0xFF,0xFF,0xC9,0x6C,0xFF,0xFF,0xFE,0x3B,0x00,0x00,0x00,
    0x00,0x00,0x00,0x00,0x00,0x00,0x00,0x00,0x89,0xFF,0xFF,0xFF,0xF2,0xFF,0xFF,0x9E,0x00,0x00,0x00,0x00,
    0x00,0x00,0x00,0x00,0x00,0x00,0x00,0x00,0x0C,0xE5,0xFF,0xFF,0xFF,0xFF,0xEE,0x15,0x00,0x00,0x00,0x00,
    0x00,0x00,0x00,0x00,0x00,0x00,0x00,0x00,0x00,0x8C,0xFF,0xFF,0xFF,0xFF,0x9F,0x00,0x00,0x00,0x00,0x00,
    0x00,0x00,0x00,0x00,0x00,0x00,0x00,0x00,0x1D,0xF3,0xFF,0xFF,0xFF,0xFF,0xF9,0x27,0x00,0x00,0x00,0x00,
    0x00,0x00,0x00,0x00,0x00,0x00,0x00,0x00,0xB3,0xFF,0xFF,0xEA,0xF0,0xFF,0xFF,0xBC,0x00,0x00,0x00,0x00,
    0x00,0x00,0x00,0x00,0x00,0x00,0x00,0x56,0xFF,0xFF,0xFF,0x7F,0x8D,0xFF,0xFF,0xFF,0x59,0x00,0x00,0x00,
    0x00,0x00,0x00,0x00,0x00,0x00,0x10,0xE7,0xFF,0xFF,0xE8,0x0C,0x14,0xF1,0xFF,0xFF,0xE6,0x0E,0x00,0x00,
    0x00,0x00,0x00,0x00,0x00,0x00,0x9B,0xFF,0xFF,0xFF,0x65,0x00,0x00,0x7A,0xFF,0xFF,0xFF,0x90,0x00,0x00,
    0x00,0x00,0x00,0x00,0x00,0x3F,0xFE,0xFF,0xFF,0xD3,0x03,0x00,0x00,0x0A,0xE4,0xFF,0xFF,0xFC,0x2F,0x00,
    0x00,0x00,0x00,0x00,0x07,0xD9,0xFF,0xFF,0xFF,0x46,0x00,0x00,0x00,0x00,0x63,0xFF,0xFF,0xFF,0xC5,0x01,
    0x00,0x00,0x00,0x00,0x83,0xFF,0xFF,0xFF,0xB6,0x00,0x00,0x00,0x00,0x00,0x03,0xD5,0xFF,0xFF,0xFF,0x63,
    0x00,0x00,0x00,0x2B,0xFA,0xFF,0xFF,0xFC,0x2A,0x00,0x00,0x00,0x00,0x00,0x00,0x4D,0xFF,0xFF,0xFF,0xEB,
    0x12,0x00,0x01,0xC5,0xFF,0xFF,0xFF,0x97,0x00,0x00,0x00,0x00,0x00,0x00,0x00,0x00,0xC1,0xFF,0xFF,0xFF,
    0x9A,0x00,0x6B,0xFF,0xFF,0xFF,0xF1,0x15,0x00,0x00,0x00,0x00,0x00,0x00,0x00,0x00,0x36,0xFF,0xFF,0xFF,
    0xFE,0x37,0x9C,0xFF,0xFF,0xFF,0x98,0x00,0x00,0x00,0x00,0x00,0x00,0x00,0x00,0x00,0xC8,0xFF,0xFF,0xFC,
    0x24,0x25,0xFD,0xFF,0xFF,0xF4,0x0F,0x00,0x00,0x00,0x00,0x00,0x00,0x00,0x37,0xFF,0xFF,0xFF,0xA3,0x00,
    0x00,0xA8,0xFF,0xFF,0xFF,0x6E,0x00,0x00,0x00,0x00,0x00,0x00,0x00,0xA7,0xFF,0xFF,0xFD,0x28,0x00,0x00,
    0x2F,0xFF,0xFF,0xFF,0xD7,0x00,0x00,0x00,0x00,0x00,0x00,0x1B,0xFB,0xFF,0xFF,0xA8,0x00,0x00,0x00,0x00,
    0xB5,0xFF,0xFF,0xFF,0x43,0x00,0x00,0x00,0x00,0x00,0x86,0xFF,0xFF,0xFE,0x2D,0x00,0x00,0x00,0x00,0x3C,
    0xFF,0xFF,0xFF,0xAE,0x00,0x00,0x00,0x00,0x09,0xEC,0xFF,0xFF,0xAE,0x00,0x00,0x00,0x00,0x00,0x00,0xC2,
    0xFF,0xFF,0xFC,0x1C,0x00,0x00,0x00,0x65,0xFF,0xFF,0xFF,0x31,0x00,0x00,0x00,0x00,0x00,0x00,0x49,0xFF,
    0xFF,0xFF,0x83,0x00,0x00,0x00,0xD3,0xFF,0xFF,0xB3,0x00,0x00,0x00,0x00,0x00,0x00,0x00,0x00,0xCF,0xFF,
    0xFF,0xE8,0x05,0x00,0x44,0xFF,0xFF,0xFF,0x36,0x00,0x00,0x00,0x00,0x00,0x00,0x00,0x00,0x56,0xFF,0xFF,
    0xFF,0x58,0x00,0xB4,0xFF,0xFF,0xB8,0x00,0x00,0x00,0x00,0x00,0x00,0x00,0x00,0x00,0x02,0xD9,0xFF,0xFF,
    0xC2,0x24,0xFE,0xFF,0xFF,0x3B,0x00,0x00,0x00,0x00,0x00,0x00,0x00,0x00,0x00,0x00,0x63,0xFF,0xFF,0xFE,
    0xA2,0xFF,0xFF,0xBE,0x00,0x00,0x00,0x00,0x00,0x00,0x00,0x00,0x00,0x00,0x00,0x06,0xE3,0xFF,0xFF,0xFF,
    0xFF,0xFF,0x40,0x00,0x00,0x00,0x00,0x00,0x00,0x00,0x00,0x00,0x00,0x00,0x00,0x70,0xFF,0xFF,0xFF,0xFF,
    0xC3,0x00,0x00,0x00,0x00,0x00,0x00,0x00,0x00,0x00,0x00,0x00,0x00,0x00,0x0A,0xEB,0xFF,0xFF,0xFF,0x46,
    0x00,0x00,0x00,0x00,0x00,0x00,0x00,0x00,0x00,0x00,0x00,0x00,0x00,0x00,0xB0,0xFF,0xFF,0xFF,0x08,0x00,
    0x00,0x00,0x00,0x00,0x00,0x00,0x00,0x00,0x00,0x00,0x00,0x00,0x00,0xB0,0xFF,0xFF,0xFF,0x08,0x00,0x00,
    0x00,0x00,0x00,0x00,0x00,0x00,0x00,0x00,0x00,0x00,0x00,0x00,0xB0,0xFF,0xFF,0xFF,0x08,0x00,0x00,0x00,
    0x00,0x00,0x00,0x00,0x00,0x00,0x00,0x00,0x00,0x00,0x00,0xB0,0xFF,0xFF,0xFF,0x08,0x00,0x00,0x00,0x00,
    0x00,0x00,0x00,0x00,0x00,0x00,0x00,0x00,0x00,0x00,0xB0,0xFF,0xFF,0xFF,0x08,0x00,0x00,0x00,0x00,0x00,
    0x00,0x00,0x00,0x00,0x00,0x00,0x00,0x00,0x00,0xB0,0xFF,0xFF,0xFF,0x08,0x00,0x00,0x00,0x00,0x00,0x00,
    0x00,0x00,0x00,0x00,0x00,0x00,0x00,0x00,0xB0,0xFF,0xFF,0xFF,0x08,0x00,0x00,0x00,0x00,0x00,0x00,0x00,
    0x00,0x00,0x00,0x00,0x00,0x00,0x00,0xB0,0xFF,0xFF,0xFF,0x08,0x00,0x00,0x00,0x00,0x00,0x00,0x00,0x00,
    0x7C,0xFF,0xFF,0xFF,0xFF,0xFF,0xFF,0xFF,0xFF,0xFF,0xFF,0xFF,0xFF,0xFF,0xFF,0xFF,0xFF,0x0C,0x00,0x7C,
    0xFF,0xFF,0xFF,0xFF,0xFF,0xFF,0xFF,0xFF,0xFF,0xFF,0xFF,0xFF,0xFF,0xFF,0xFF,0xF7,0x07,0x00,0x7C,0xFF,
    0xFF,0xFF,0xFF,0xFF,0xFF,0xFF,0xFF,0xFF,0xFF,0xFF,0xFF,0xFF,0xFF,0xFF,0x74,0x00,0x00,0x13,0x28,0x28,
    0x28,0x28,0x28,0x28,0x28,0x28,0x28,0x28,0x7D,0xFF,0xFF,0xFF,0xC5,0x02,0x00,0x00,0x00,0x00,0x00,0x00,
    0x00,0x00,0x00,0x00,0x00,0x00,0x18,0xED,0xFF,0xFF,0xF6,0x26,0x00,0x00,0x00,0x00,0x00,0x00,0x00,0x00,
    0x00,0x00,0x00,0x00,0x00,0xB3,0xFF,0xFF,0xFF,0x6F,0x00,0x00,0x00,0x00,0x00,0x00,0x00,0x00,0x00,0x00,
    0x00,0x00,0x00,0x62,0xFF,0xFF,0xFF,0xC1,0x01,0x00,0x00,0x00,0x00,0x00,0x00,0x00,0x00,0x00,0x00,0x00,
    0x00,0x1E,0xF1,0xFF,0xFF,0xF4,0x22,0x00,0x00,0x00,0x00,0x00,0x00,0x00,0x00,0x00,0x00,0x00,0x00,0x01,
    0xBC,0xFF,0xFF,0xFF,0x6A,0x00,0x00,0x00,0x00,0x00,0x00,0x00,0x00,0x00,0x00,0x00,0x00,0x00,0x6C,0xFF,
    0xFF,0xFF,0xBC,0x01,0x00,0x00,0x00,0x00,0x00,0x00,0x00,0x00,0x00,0x00,0x00,0x00,0x24,0xF5,0xFF,0xFF,
    0xF2,0x1F,0x00,0x00,0x00,0x00,0x00,0x00,0x00,0x00,0x00,0x00,0x00,0x00,0x02,0xC5,0xFF,0xFF,0xFF,0x65,
    0x00,0x00,0x00,0x00,0x00,0x00,0x00,0x00,0x00,0x00,0x00,0x00,0x00,0x76,0xFF,0xFF,0xFF,0xB8,0x00,0x00,
    0x00,0x00,0x00,0x00,0x00,0x00,0x00,0x00,0x00,0x00,0x00,0x2B,0xF8,0xFF,0xFF,0xF0,0x1C,0x00,0x00,0x00,
    0x00,0x00,0x00,0x00,0x00,0x00,0x00,0x00,0x00,0x04,0xCC,0xFF,0xFF,0xFF,0x5F,0x00,0x00,0x00,0x00,0x00,
    0x00,0x00,0x00,0x00,0x00,0x00,0x00,0x00,0x80,0xFF,0xFF,0xFF,0xB3,0x00,0x00,0x00,0x00,0x00,0x00,0x00,
    0x00,0x00,0x00,0x00,0x00,0x00,0x32,0xFB,0xFF,0xFF,0xED,0x19,0x00,0x00,0x00,0x00,0x00,0x00,0x00,0x00,
    0x00,0x00,0x00,0x00,0x07,0xD4,0xFF,0xFF,0xFF,0x5A,0x00,0x00,0x00,0x00,0x00,0x00,0x00,0x00,0x00,0x00,
    0x00,0x00,0x00,0x8A,0xFF,0xFF,0xFF,0xAE,0x00,0x00,0x00,0x00,0x00,0x00,0x00,0x00,0x00,0x00,0x00,0x00,
    0x00,0x3A,0xFD,0xFF,0xFF,0xF5,0x3A,0x24,0x24,0x24,0x24,0x24,0x24,0x24,0x24,0x24,0x24,0x20,0x00,0x0A,
    0xDA,0xFF,0xFF,0xFF,0xFF,0xFF,0xFF,0xFF,0xFF,0xFF,0xFF,0xFF,0xFF,0xFF,0xFF,0xFF,0xE4,0x00,0x68,0xFF,
    0xFF,0xFF,0xFF,0xFF,0xFF,0xFF,0xFF,0xFF,0xFF,0xFF,0xFF,0xFF,0xFF,0xFF,0xFF,0xE4,0x00,0x70,0xFF,0xFF,
    0xFF,0xFF,0xFF,0xFF,0xFF,0xFF,0xFF,0xFF,0xFF,0xFF,0xFF,0xFF,0xFF,0xFF,0xE4,0x00,0xC0,0xFF,0xFF,0xFF,
    0xFF,0xFF,0xB4,0xC0,0xFF,0xFF,0xFF,0xFF,0xFF,0xB4,0xC0,0xFF,0xFF,0x9F,0x70,0x70,0x4E,0xC0,0xFF,0xFF,
    0x54,0x00,0x00,0x00,0xC0,0xFF,0xFF,0x54,0x00,0x00,0x00,0xC0,0xFF,0xFF,0x54,0x00,0x00,0x00,0xC0,0xFF,
    0xFF,0x54,0x00,0x00,0x00,0xC0,0xFF,0xFF,0x54,0x00,0x00,0x00,0xC0,0xFF,0xFF,0x54,0x00,0x00,0x00,0xC0,
    0xFF,0xFF,0x54,0x00,0x00,0x00,0xC0,0xFF,0xFF,0x54,0x00,0x00,0x00,0xC0,0xFF,0xFF,0x54,0x00,0x00,0x00,
    0xC0,0xFF,0xFF,0x54,0x00,0x00,0x00,0xC0,0xFF,0xFF,0x54,0x00,0x00,0x00,0xC0,0xFF,0xFF,0x54,0x00,0x00,
    0x00,0xC0,0xFF,0xFF,0x54,0x00,0x00,0x00,0xC0,0xFF,0xFF,0x54,0x00,0x00,0x00,0xC0,0xFF,0xFF,0x54,0x00,
    0x00,0x00,0xC0,0xFF,0xFF,0x54,0x00,0x00,0x00,0xC0,0xFF,0xFF,0x54,0x00,0x00,0x00,0xC0,0xFF,0xFF,0x54,
    0x00,0x00,0x00,0xC0,0xFF,0xFF,0x54,0x00,0x00,0x00,0xC0,0xFF,0xFF,0x54,0x00,0x00,0x00,0xC0,0xFF,0xFF,
    0x54,0x00,0x00,0x00,0xC0,0xFF,0xFF,0x54,0x00,0x00,0x00,0xC0,0xFF,0xFF,0x9F,0x70,0x70,0x4E,0xC0,0xFF,
    0xFF,0xFF,0xFF,0xFF,0xB4,0xC0,0xFF,0xFF,0xFF,0xFF,0xFF,0xB4,0x0D,0xF4,0xFF,0xFF,0x45,0x00,0x00,0x00,
    0x00,0x00,0x00,0x00,0x00,0x00,0x00,0x00,0x9E,0xFF,0xFF,0xA9,0x00,0x00,0x00,0x00,0x00,0x00,0x00,0x00,
    0x00,0x00,0x00,0x3A,0xFF,0xFF,0xF9,0x13,0x00,0x00,0x00,0x00,0x00,0x00,0x00,0x00,0x00,0x00,0x00,0xD5,
    0xFF,0xFF,0x70,0x00,0x00,0x00,0x00,0x00,0x00,0x00,0x00,0x00,0x00,0x00,0x72,0xFF,0xFF,0xD3,0x00,0x00,
    0x00,0x00,0x00,0x00,0x00,0x00,0x00,0x00,0x00,0x14,0xF9,0xFF,0xFF,0x37,0x00,0x00,0x00,0x00,0x00,0x00,
    0x00,0x00,0x00,0x00,0x00,0xA9,0xFF,0xFF,0x9A,0x00,0x00,0x00,0x00,0x00,0x00,0x00,0x00,0x00,0x00,0x00,
    0x45,0xFF,0xFF,0xF2,0x0B,0x00,0x00,0x00,0x00,0x00,0x00,0x00,0x00,0x00,0x00,0x01,0xDF,0xFF,0xFF,0x61,
    0x00,0x00,0x00,0x00,0x00,0x00,0x00,0x00,0x00,0x00,0x00,0x7D,0xFF,0xFF,0xC5,0x00,0x00,0x00,0x00,0x00,
    0x00,0x00,0x00,0x00,0x00,0x00,0x1B,0xFC,0xFF,0xFF,0x29,0x00,0x00,0x00,0x00,0x00,0x00,0x00,0x00,0x00,
    0x00,0x00,0xB5,0xFF,0xFF,0x8C,0x00,0x00,0x00,0x00,0x00,0x00,0x00,0x00,0x00,0x00,0x00,0x51,0xFF,0xFF,
    0xEA,0x05,0x00,0x00,0x00,0x00,0x00,0x00,0x00,0x00,0x00,0x00,0x04,0xE7,0xFF,0xFF,0x53,0x00,0x00,0x00,
    0x00,0x00,0x00,0x00,0x00,0x00,0x00,0x00,0x88,0xFF,0xFF,0xB7,0x00,0x00,0x00,0x00,0x00,0x00,0x00,0x00,
    0x00,0x00,0x00,0x24,0xFF,0xFF,0xFD,0x1D,0x00,0x00,0x00,0x00,0x00,0x00,0x00,0x00,0x00,0x00,0x00,0xC0,
    0xFF,0xFF,0x7E,0x00,0x00,0x00,0x00,0x00,0x00,0x00,0x00,0x00,0x00,0x00,0x5C,0xFF,0xFF,0xDF,0x01,0x00,
    0x00,0x00,0x00,0x00,0x00,0x00,0x00,0x00,0x00,0x08,0xEF,0xFF,0xFF,0x45,0x00,0x00,0x00,0x00,0x00,0x00,
    0x00,0x00,0x00,0x00,0x00,0x94,0xFF,0xFF,0xA9,0x00,0x00,0x00,0x00,0x00,0x00,0x00,0x00,0x00,0x00,0x00,
    0x2F,0xFF,0xFF,0xF9,0x13,0x00,0x00,0x00,0x00,0x00,0x00,0x00,0x00,0x00,0x00,0x00,0xCB,0xFF,0xFF,0x70,
    0x00,0x00,0x00,0x00,0x00,0x00,0x00,0x00,0x00,0x00,0x00,0x67,0xFF,0xFF,0xD3,0x00,0x00,0x00,0x00,0x00,
    0x00,0x00,0x00,0x00,0x00,0x00,0x0D,0xF4,0xFF,0xFF,0x37,0x00,0x00,0x00,0x00,0x00,0x00,0x00,0x00,0x00,
    0x00,0x00,0x9F,0xFF,0xFF,0x9A,0x00,0x00,0x00,0x00,0x00,0x00,0x00,0x00,0x00,0x00,0x00,0x3B,0xFF,0xFF,
    0xF2,0x0B,0x00,0x00,0x00,0x00,0x00,0x00,0x00,0x00,0x00,0x00,0x00,0xD5,0xFF,0xFF,0x62,0x0C,0xFF,0xFF,
    0xFF,0xFF,0xFF,0xFF,0x68,0x0C,0xFF,0xFF,0xFF,0xFF,0xFF,0xFF,0x68,0x05,0x70,0x70,0x70,0xD0,0xFF,0xFF,
    0x68,0x00,0x00,0x00,0x00,0xAC,0xFF,0xFF,0x68,0x00,0x00,0x00,0x00,0xAC,0xFF,0xFF,0x68,0x00,0x00,0x00,
    0x00,0xAC,0xFF,0xFF,0x68,0x00,0x00,0x00,0x00,0xAC,0xFF,0xFF,0x68,0x00,0x00,0x00,0x00,0xAC,0xFF,0xFF,
    0x68,0x00,0x00,0x00,0x00,0xAC,0xFF,0xFF,0x68,0x00,0x00,0x00,0x00,0xAC,0xFF,0xFF,0x68,0x00,0x00,0x00,
    0x00,0xAC,0xFF,0xFF,0x68,0x00,0x00,0x00,0x00,0xAC,0xFF,0xFF,0x68,0x00,0x00,0x00,0x00,0xAC,0xFF,0xFF,
    0x68,0x00,0x00,0x00,0x00,0xAC,0xFF,0xFF,0x68,0x00,0x00,0x00,0x00,0xAC,0xFF,0xFF,0x68,0x00,0x00,0x00,
    0x00,0xAC,0xFF,0xFF,0x68,0x00,0x00,0x00,0x00,0xAC,0xFF,0xFF,0x68,0x00,0x00,0x00,0x00,0xAC,0xFF,0xFF,
    0x68,0x00,0x00,0x00,0x00,0xAC,0xFF,0xFF,0x68,0x00,0x00,0x00,0x00,0xAC,0xFF,0xFF,0x68,0x00,0x00,0x00,
    0x00,0xAC,0xFF,0xFF,0x68,0x00,0x00,0x00,0x00,0xAC,0xFF,0xFF,0x68,0x00,0x00,0x00,0x00,0xAC,0xFF,0xFF,
    0x68,0x00,0x00,0x00,0x00,0xAC,0xFF,0xFF,0x68,0x00,0x00,0x00,0x00,0xAC,0xFF,0xFF,0x68,0x05,0x70,0x70,
    0x70,0xD0,0xFF,0xFF,0x68,0x0C,0xFF,0xFF,0xFF,0xFF,0xFF,0xFF,0x68,0x0C,0xFF,0xFF,0xFF,0xFF,0xFF,0xFF,
    0x68,0x00,0x00,0x00,0x00,0x00,0x00,0x35,0xFF,0xF1,0x14,0x00,0x00,0x00,0x00,0x00,0x00,0x00,0x00,0x00,
    0x00,0x00,0x00,0xB8,0xFF,0xFF,0x92,0x00,0x00,0x00,0x00,0x00,0x00,0x00,0x00,0x00,0x00,0x00,0x3B,0xFF,
    0xFF,0xFF,0xFA,0x23,0x00,0x00,0x00,0x00,0x00,0x00,0x00,0x00,0x00,0x00,0xBE,0xFF,0xF2,0xF9,0xFF,0xAA,
    0x00,0x00,0x00,0x00,0x00,0x00,0x00,0x00,0x00,0x40,0xFF,0xFF,0x81,0x94,0xFF,0xFF,0x37,0x00,0x00,0x00,
    0x00,0x00,0x00,0x00,0x00,0xC3,0xFF,0xF2,0x12,0x18,0xF5,0xFF,0xC2,0x00,0x00,0x00,0x00,0x00,0x00,0x00,
    0x46,0xFF,0xFF,0x87,0x00,0x00,0x88,0xFF,0xFF,0x4F,0x00,0x00,0x00,0x00,0x00,0x00,0xC8,0xFF,0xF5,0x15,
    0x00,0x00,0x11,0xF0,0xFF,0xD7,0x04,0x00,0x00,0x00,0x00,0x4C,0xFF,0xFF,0x8D,0x00,0x00,0x00,0x00,0x7C,
    0xFF,0xFF,0x68,0x00,0x00,0x00,0x00,0xCD,0xFF,0xF7,0x19,0x00,0x00,0x00,0x00,0x0C,0xE9,0xFF,0xE8,0x0C,
    0x00,0x00,0x51,0xFF,0xFF,0x93,0x00,0x00,0x00,0x00,0x00,0x00,0x70,0xFF,0xFF,0x81,0x00,0x01,0xD2,0xFF,
    0xF9,0x1D,0x00,0x00,0x00,0x00,0x00,0x00,0x07,0xE2,0xFF,0xF4,0x18,0x57,0xFF,0xFF,0x9A,0x00,0x00,0x00,
    0x00,0x00,0x00,0x00,0x00,0x63,0xFF,0xFF,0x99,0xDC,0xDC,0xDC,0xDC,0xDC,0xDC,0xDC,0xDC,0xDC,0xDC,0xDC,
    0xDC,0xDC,0x3D,0xFF,0xFF,0xFF,0xFF,0xFF,0xFF,0xFF,0xFF,0xFF,0xFF,0xFF,0xFF,0xFF,0x48,0x31,0xF5,0xFF,
    0xF6,0x28,0x00,0x00,0x00,0x00,0x56,0xFF,0xFF,0xCB,0x04,0x00,0x00,0x00,0x00,0x84,0xFF,0xFF,0x81,0x00,
    0x00,0x00,0x00,0x01,0xB1,0xFF,0xFB,0x36,0x00,0x00,0x00,0x00,0x0D,0xD3,0xFF,0xD9,0x0A,0x00,0x00,0x04,
    0x4D,0x9D,0xD1,0xEF,0xFB,0xEF,0xCB,0x82,0x15,0x00,0x00,0x00,0x26,0xDD,0xFF,0xFF,0xFF,0xFF,0xFF,0xFF,
    0xFF,0xFF,0xE8,0x30,0x00,0x00,0x44,0xFF,0xFF,0xFF,0xDA,0xBD,0xCB,0xF5,0xFF,0xFF,0xFF,0xDC,0x04,0x00,
    0x44,0xF5,0x87,0x1C,0x00,0x00,0x00,0x16,0xBF,0xFF,0xFF,0xFF,0x4D,0x00,0x27,0x28,0x00,0x00,0x00,0x00,
    0x00,0x00,0x24,0xFF,0xFF,0xFF,0x86,0x00,0x00,0x00,0x00,0x00,0x00,0x00,0x00,0x00,0x00,0xEE,0xFF,0xFF,
    0x9D,0x00,0x00,0x00,0x02,0x32,0x62,0x85,0xA6,0xC8,0xEA,0xFF,0xFF,0xFF,0xA4,0x00,0x04,0x7A,0xE8,0xFF,
    0xFF,0xFF,0xFF,0xFF,0xFF,0xFF,0xFF,0xFF,0xA4,0x04,0xB8,0xFF,0xFF,0xFF,0xFE,0xDE,0xB9,0x99,0x79,0xEA,
    0xFF,0xFF,0xA4,0x64,0xFF,0xFF,0xFF,0x84,0x13,0x00,0x00,0x00,0x00,0xDD,0xFF,0xFF,0xA4,0xB5,0xFF,0xFF,
    0xC7,0x00,0x00,0x00,0x00,0x00,0x05,0xF5,0xFF,0xFF,0xA4,0xCE,0xFF,0xFF,0xB6,0x00,0x00,0x00,0x00,0x00,
    0x66,0xFF,0xFF,0xFF,0xA4,0xBB,0xFF,0xFF,0xFA,0x4D,0x00,0x00,0x02,0x62,0xF7,0xFF,0xFF,0xFF,0xA4,0x6B,
    0xFF,0xFF,0xFF,0xFF,0xDD,0xC6,0xEA,0xFF,0xC5,0xE4,0xFF,0xFF,0xA4,0x05,0xBB,0xFF,0xFF,0xFF,0xFF,0xFF,
    0xFF,0xD7,0x1D,0xE0,0xFF,0xFF,0xA4,0x00,0x04,0x6E,0xCA,0xF4,0xF6,0xD5,0x7F,0x0D,0x00,0xE0,0xFF,0xFF,
    0xA4,0xA4,0xFF,0xFF,0xFC,0x00,0x00,0x00,0x00,0x00,0x00,0x00,0x00,0x00,0x00,0x00,0x00,0xA4,0xFF,0xFF,
    0xFC,0x00,0x00,0x00,0x00,0x00,0x00,0x00,0x00,0x00,0x00,0x00,0x00,0xA4,0xFF,0xFF,0xFC,0x00,0x00,0x00,
    0x00,0x00,0x00,0x00,0x00,0x00,0x00,0x00,0x00,0xA4,0xFF,0xFF,0xFC,0x00,0x00,0x00,0x00,0x00,0x00,0x00,
    0x00,0x00,0x00,0x00,0x00,0xA4,0xFF,0xFF,0xFC,0x00,0x00,0x00,0x00,0x00,0x00,0x00,0x00,0x00,0x00,0x00,
    0x00,0xA4,0xFF,0xFF,0xFC,0x00,0x00,0x00,0x00,0x00,0x00,0x00,0x00,0x00,0x00,0x00,0x00,0xA4,0xFF,0xFF,
    0xFC,0x00,0x00,0x00,0x00,0x00,0x00,0x00,0x00,0x00,0x00,0x00,0x00,0xA4,0xFF,0xFF,0xFC,0x00,0x00,0x00,
    0x00,0x00,0x00,0x00,0x00,0x00,0x00,0x00,0x00,0xA4,0xFF,0xFF,0xFC,0x00,0x00,0x40,0xAB,0xE2,0xF9,0xE8,
    0xB1,0x4B,0x00,0x00,0x00,0xA4,0xFF,0xFF,0xFC,0x00,0x89,0xFF,0xFF,0xFF,0xFF,0xFF,0xFF,0xFF,0x9C,0x02,
    0x00,0xA4,0xFF,0xFF,0xFC,0x72,0xFF,0xFF,0xF5,0xEB,0xFE,0xFF,0xFF,0xFF,0xFF,0x82,0x00,0xA4,0xFF,0xFF,
    0xFF,0xFA,0xCF,0x3E,0x02,0x00,0x18,0x98,0xFF,0xFF,0xFF,0xFB,0x1D,0xA4,0xFF,0xFF,0xFF,0xD6,0x0C,0x00,
    0x00,0x00,0x00,0x00,0x9E,0xFF,0xFF,0xFF,0x7E,0xA4,0xFF,0xFF,0xFF,0x50,0x00,0x00,0x00,0x00,0x00,0x00,
    0x1E,0xFF,0xFF,0xFF,0xBC,0xA4,0xFF,0xFF,0xFF,0x0A,0x00,0x00,0x00,0x00,0x00,0x00,0x00,0xE0,0xFF,0xFF,
    0xDD,0xA4,0xFF,0xFF,0xF5,0x00,0x00,0x00,0x00,0x00,0x00,0x00,0x00,0xCC,0xFF,0xFF,0xEB,0xA4,0xFF,0xFF,
    0xF4,0x00,0x00,0x00,0x00,0x00,0x00,0x00,0x00,0xD6,0xFF,0xFF,0xDF,0xA4,0xFF,0xFF,0xFA,0x00,0x00,0x00,
    0x00,0x00,0x00,0x00,0x05,0xF8,0xFF,0xFF,0xC6,0xA4,0xFF,0xFF,0xFF,0x2B,0x00,0x00,0x00,0x00,0x00,0x00,
    0x4C,0xFF,0xFF,0xFF,0x91,0xA4,0xFF,0xFF,0xFF,0xAD,0x00,0x00,0x00,0x00,0x00,0x08,0xD0,0xFF,0xFF,0xFF,
    0x40,0xA4,0xFF,0xFF,0xFF,0xFF,0xA7,0x1F,0x00,0x00,0x2F,0xC2,0xFF,0xFF,0xFF,0xCB,0x00,0xA4,0xFF,0xFF,
    0xFD,0xCA,0xFF,0xFF,0xE9,0xEE,0xFF,0xFF,0xFF,0xFF,0xF5,0x2D,0x00,0xA4,0xFF,0xFF,0xFC,0x1F,0xDC,0xFF,
    0xFF,0xFF,0xFF,0xFF,0xFF,0xEA,0x3D,0x00,0x00,0xA4,0xFF,0xFF,0xFC,0x00,0x10,0x84,0xD7,0xF6,0xEF,0xCC,
    0x7D,0x10,0x00,0x00,0x00,0x00,0x00,0x00,0x00,0x0C,0x6C,0xB3,0xE2,0xF6,0xF3,0xDC,0xAB,0x52,0x00,0x00,
    0x00,0x5B,0xEC,0xFF,0xFF,0xFF,0xFF,0xFF,0xFF,0xFF,0xD4,0x00,0x00,0x7A,0xFF,0xFF,0xFF,0xFF,0xFF,0xF5,
    0xEA,0xFC,0xFF,0xD4,0x00,0x4C,0xFE,0xFF,0xFF,0xFF,0x9D,0x2B,0x00,0x00,0x0C,0x53,0xA2,0x02,0xD7,0xFF,
    0xFF,0xFF,0x65,0x00,0x00,0x00,0x00,0x00,0x00,0x00,0x3D,0xFF,0xFF,0xFF,0xA9,0x00,0x00,0x00,0x00,0x00,
    0x00,0x00,0x00,0x7E,0xFF,0xFF,0xFF,0x42,0x00,0x00,0x00,0x00,0x00,0x00,0x00,0x00,0x9B,0xFF,0xFF,0xFF,
    0x14,0x00,0x00,0x00,0x00,0x00,0x00,0x00,0x00,0xA6,0xFF,0xFF,0xFF,0x0F,0x00,0x00,0x00,0x00,0x00,0x00,
    0x00,0x00,0x93,0xFF,0xFF,0xFF,0x31,0x00,0x00,0x00,0x00,0x00,0x00,0x00,0x00,0x64,0xFF,0xFF,0xFF,0x86,
    0x00,0x00,0x00,0x00,0x00,0x00,0x00,0x00,0x18,0xF8,0xFF,0xFF,0xF6,0x35,0x00,0x00,0x00,0x00,0x00,0x00,
    0x00,0x00,0x8D,0xFF,0xFF,0xFF,0xF5,0x76,0x17,0x00,0x00,0x0C,0x57,0xA1,0x00,0x07,0xC4,0xFF,0xFF,0xFF,
    0xFF,0xFF,0xEB,0xE7,0xFD,0xFF,0xD0,0x00,0x00,0x0A,0xA3,0xFF,0xFF,0xFF,0xFF,0xFF,0xFF,0xFF,0xFF,0xCF,
    0x00,0x00,0x00,0x00,0x34,0x96,0xD5,0xF1,0xFC,0xED,0xC5,0x80,0x1D,0x00,0x00,0x00,0x00,0x00,0x00,0x00,
    0x00,0x00,0x00,0x00,0x00,0xB8,0xFF,0xFF,0xE8,0x00,0x00,0x00,0x00,0x00,0x00,0x00,0x00,0x00,0x00,0x00,
    0x00,0xB8,0xFF,0xFF,0xE8,0x00,0x00,0x00,0x00,0x00,0x00,0x00,0x00,0x00,0x00,0x00,0x00,0xB8,0xFF,0xFF,
    0xE8,0x00,0x00,0x00,0x00,0x00,0x00,0x00,0x00,0x00,0x00,0x00,0x00,0xB8,0xFF,0xFF,0xE8,0x00,0x00,0x00,
    0x00,0x00,0x00,0x00,0x00,0x00,0x00,0x00,0x00,0xB8,0xFF,0xFF,0xE8,0x00,0x00,0x00,0x00,0x00,0x00,0x00,
    0x00,0x00,0x00,0x00,0x00,0xB8,0xFF,0xFF,0xE8,0x00,0x00,0x00,0x00,0x00,0x00,0x00,0x00,0x00,0x00,0x00,
    0x00,0xB8,0xFF,0xFF,0xE8,0x00,0x00,0x00,0x00,0x00,0x00,0x00,0x00,0x00,0x00,0x00,0x00,0xB8,0xFF,0xFF,
    0xE8,0x00,0x00,0x00,0x02,0x5C,0xB6,0xE7,0xF9,0xE4,0xA7,0x34,0x00,0xB8,0xFF,0xFF,0xE8,0x00,0x00,0x15,
    0xC6,0xFF,0xFF,0xFF,0xFF,0xFF,0xFF,0xFA,0x5C,0xB8,0xFF,0xFF,0xE8,0x00,0x08,0xD2,0xFF,0xFF,0xFF,0xFF,
    0xF9,0xEA,0xFC,0xFF,0xF7,0xDD,0xFF,0xFF,0xE8,0x00,0x88,0xFF,0xFF,0xFF,0xE3,0x51,0x05,0x00,0x0E,0x78,
    0xFB,0xFF,0xFF,0xFF,0xE8,0x0C,0xF1,0xFF,0xFF,0xF2,0x22,0x00,0x00,0x00,0x00,0x00,0x64,0xFF,0xFF,0xFF,
    0xE8,0x50,0xFF,0xFF,0xFF,0x84,0x00,0x00,0x00,0x00,0x00,0x00,0x01,0xDE,0xFF,0xFF,0xE8,0x85,0xFF,0xFF,
    0xFF,0x36,0x00,0x00,0x00,0x00,0x00,0x00,0x00,0xB1,0xFF,0xFF,0xE8,0x9D,0xFF,0xFF,0xFF,0x12,0x00,0x00,
    0x00,0x00,0x00,0x00,0x00,0xAC,0xFF,0xFF,0xE8,0xA7,0xFF,0xFF,0xFF,0x0D,0x00,0x00,0x00,0x00,0x00,0x00,
    0x00,0xAD,0xFF,0xFF,0xE8,0x99,0xFF,0xFF,0xFF,0x26,0x00,0x00,0x00,0x00,0x00,0x00,0x00,0xC2,0xFF,0xFF,
    0xE8,0x75,0xFF,0xFF,0xFF,0x6A,0x00,0x00,0x00,0x00,0x00,0x00,0x0F,0xF6,0xFF,0xFF,0xE8,0x36,0xFF,0xFF,
    0xFF,0xE0,0x0F,0x00,0x00,0x00,0x00,0x00,0x91,0xFF,0xFF,0xFF,0xE8,0x00,0xD0,0xFF,0xFF,0xFF,0xCE,0x37,
    0x00,0x00,0x19,0x97,0xFF,0xFD,0xFF,0xFF,0xE8,0x00,0x3B,0xFD,0xFF,0xFF,0xFF,0xFF,0xF0,0xE8,0xFE,0xFF,
    0xC4,0xBB,0xFF,0xFF,0xE8,0x00,0x00,0x58,0xF8,0xFF,0xFF,0xFF,0xFF,0xFF,0xFF,0xCC,0x1A,0xB8,0xFF,0xFF,
    0xE8,0x00,0x00,0x00,0x22,0x96,0xDD,0xF8,0xED,0xC8,0x6C,0x08,0x00,0xB8,0xFF,0xFF,0xE8,0x00,0x00,0x00,
    0x00,0x2B,0x93,0xD7,0xF3,0xF6,0xDE,0xA1,0x3A,0x00,0x00,0x00,0x00,0x00,0x03,0x8C,0xFD,0xFF,0xFF,0xFF,
    0xFF,0xFF,0xFF,0xFF,0x94,0x03,0x00,0x00,0x00,0xA7,0xFF,0xFF,0xFF,0xEE,0xC0,0xC1,0xEF,0xFF,0xFF,0xFF,
    0x86,0x00,0x00,0x6C,0xFF,0xFF,0xFF,0x87,0x09,0x00,0x00,0x0D,0xA4,0xFF,0xFF,0xFC,0x22,0x0A,0xE9,0xFF,
    0xFF,0x9C,0x00,0x00,0x00,0x00,0x00,0x09,0xE5,0xFF,0xFF,0x82,0x4D,0xFF,0xFF,0xFF,0x2B,0x00,0x00,0x00,
    0x00,0x00,0x00,0xAE,0xFF,0xFF,0xBD,0x88,0xFF,0xFF,0xFF,0xFF,0xFF,0xFF,0xFF,0xFF,0xFF,0xFF,0xFF,0xFF,
    0xFF,0xD9,0xA1,0xFF,0xFF,0xFF,0xFF,0xFF,0xFF,0xFF,0xFF,0xFF,0xFF,0xFF,0xFF,0xFF,0xE7,0xA4,0xFF,0xFF,
    0xFF,0x92,0x90,0x90,0x90,0x90,0x90,0x90,0x90,0x90,0x90,0x82,0x92,0xFF,0xFF,0xFF,0x1B,0x00,0x00,0x00,
    0x00,0x00,0x00,0x00,0x00,0x00,0x00,0x64,0xFF,0xFF,0xFF,0x61,0x00,0x00,0x00,0x00,0x00,0x00,0x00,0x00,
    0x00,0x00,0x1F,0xFD,0xFF,0xFF,0xDE,0x11,0x00,0x00,0x00,0x00,0x00,0x00,0x00,0x00,0x00,0x00,0xAA,0xFF,
    0xFF,0xFF,0xD6,0x42,0x01,0x00,0x00,0x00,0x1D,0x73,0x8C,0x00,0x00,0x17,0xE6,0xFF,0xFF,0xFF,0xFF,0xEC,
    0xCB,0xCB,0xE6,0xFF,0xFF,0xA8,0x00,0x00,0x00,0x23,0xD3,0xFF,0xFF,0xFF,0xFF,0xFF,0xFF,0xFF,0xFF,0xFF,
    0x92,0x00,0x00,0x00,0x00,0x03,0x5C,0xB0,0xE4,0xF8,0xF9,0xEA,0xC7,0x91,0x3F,0x00,0x00,0x00,0x00,0x00,
    0x00,0x00,0x04,0x66,0xC2,0xEF,0xFB,0xE8,0x50,0x00,0x00,0x00,0x00,0x12,0xC8,0xFF,0xFF,0xFF,0xFF,0xFF,
    0x68,0x00,0x00,0x00,0x00,0xB7,0xFF,0xFF,0xFF,0xFF,0xEF,0xF1,0x66,0x00,0x00,0x00,0x32,0xFF,0xFF,0xFF,
    0xD9,0x2D,0x00,0x00,0x00,0x00,0x00,0x00,0x6E,0xFF,0xFF,0xFF,0x53,0x00,0x00,0x00,0x00,0x00,0x00,0x00,
    0x82,0xFF,0xFF,0xFF,0x23,0x00,0x00,0x00,0x00,0x00,0x00,0x00,0x84,0xFF,0xFF,0xFF,0x18,0x00,0x00,0x00,
    0x00,0x00,0x00,0x00,0x84,0xFF,0xFF,0xFF,0x18,0x00,0x00,0x00,0x00,0x40,0xFF,0xFF,0xFF,0xFF,0xFF,0xFF,
    0xFF,0xFF,0xFF,0xD0,0x00,0x40,0xFF,0xFF,0xFF,0xFF,0xFF,0xFF,0xFF,0xFF,0xFF,0xD0,0x00,0x36,0xD8,0xD8,
    0xEC,0xFF,0xFF,0xFF,0xDC,0xD8,0xD8,0xAF,0x00,0x00,0x00,0x00,0x84,0xFF,0xFF,0xFF,0x1C,0x00,0x00,0x00,
    0x00,0x00,0x00,0x00,0x84,0xFF,0xFF,0xFF,0x1C,0x00,0x00,0x00,0x00,0x00,0x00,0x00,0x84,0xFF,0xFF,0xFF,
    0x1C,0x00,0x00,0x00,0x00,0x00,0x00,0x00,0x84,0xFF,0xFF,0xFF,0x1C,0x00,0x00,0x00,0x00,0x00,0x00,0x00,
    0x84,0xFF,0xFF,0xFF,0x1C,0x00,0x00,0x00,0x00,0x00,0x00,0x00,0x84,0xFF,0xFF,0xFF,0x1C,0x00,0x00,0x00,
    0x00,0x00,0x00,0x00,0x84,0xFF,0xFF,0xFF,0x1C,0x00,0x00,0x00,0x00,0x00,0x00,0x00,0x84,0xFF,0xFF,0xFF,
    0x1C,0x00,0x00,0x00,0x00,0x00,0x00,0x00,0x84,0xFF,0xFF,0xFF,0x1C,0x00,0x00,0x00,0x00,0x00,0x00,0x00,
    0x84,0xFF,0xFF,0xFF,0x1C,0x00,0x00,0x00,0x00,0x00,0x00,0x00,0x84,0xFF,0xFF,0xFF,0x1C,0x00,0x00,0x00,
    0x00,0x00,0x00,0x00,0x84,0xFF,0xFF,0xFF,0x1C,0x00,0x00,0x00,0x00,0x00,0x00,0x00,0x84,0xFF,0xFF,0xFF,
    0x1C,0x00,0x00,0x00,0x00,0x00,0x00,0x00,0x02,0x60,0xB8,0xE7,0xF9,0xE4,0xA6,0x33,0x00,0xB4,0xFF,0xFF,
    0xEC,0x00,0x00,0x17,0xCB,0xFF,0xFF,0xFF,0xFF,0xFF,0xFF,0xFA,0x5B,0xB4,0xFF,0xFF,0xEC,0x00,0x09,0xD5,
    0xFF,0xFF,0xFF,0xFF,0xF9,0xE9,0xFC,0xFF,0xF7,0xDC,0xFF,0xFF,0xEC,0x00,0x89,0xFF,0xFF,0xFF,0xE3,0x52,
    0x05,0x00,0x0F,0x7C,0xFC,0xFF,0xFF,0xFF,0xEC,0x0B,0xF1,0xFF,0xFF,0xF2,0x22,0x00,0x00,0x00,0x00,0x00,
    0x69,0xFF,0xFF,0xFF,0xEC,0x4E,0xFF,0xFF,0xFF,0x85,0x00,0x00,0x00,0x00,0x00,0x00,0x01,0xE0,0xFF,0xFF,
    0xEC,0x83,0xFF,0xFF,0xFF,0x38,0x00,0x00,0x00,0x00,0x00,0x00,0x00,0xB1,0xFF,0xFF,0xEC,0x9C,0xFF,0xFF,
    0xFF,0x13,0x00,0x00,0x00,0x00,0x00,0x00,0x00,0xAC,0xFF,0xFF,0xEC,0xA8,0xFF,0xFF,0xFF,0x0C,0x00,0x00,
    0x00,0x00,0x00,0x00,0x00,0xAD,0xFF,0xFF,0xEC,0x9B,0xFF,0xFF,0xFF,0x25,0x00,0x00,0x00,0x00,0x00,0x00,
    0x00,0xC2,0xFF,0xFF,0xEC,0x79,0xFF,0xFF,0xFF,0x6A,0x00,0x00,0x00,0x00,0x00,0x00,0x0F,0xF6,0xFF,0xFF,
    0xEC,0x3A,0xFF,0xFF,0xFF,0xE1,0x10,0x00,0x00,0x00,0x00,0x00,0x94,0xFF,0xFF,0xFF,0xEC,0x00,0xD2,0xFF,
    0xFF,0xFF,0xD0,0x3A,0x00,0x00,0x1E,0x9D,0xFF,0xFE,0xFF,0xFF,0xEC,0x00,0x3C,0xFC,0xFF,0xFF,0xFF,0xFF,
    0xF2,0xEC,0xFF,0xFF,0xC9,0xB9,0xFF,0xFF,0xEC,0x00,0x00,0x56,0xF8,0xFF,0xFF,0xFF,0xFF,0xFF,0xFF,0xCD,
    0x1C,0xB5,0xFF,0xFF,0xE8,0x00,0x00,0x00,0x21,0x95,0xDC,0xF7,0xED,0xC7,0x6C,0x08,0x00,0xC3,0xFF,0xFF,
    0xD8,0x00,0x00,0x00,0x00,0x00,0x00,0x00,0x00,0x00,0x00,0x00,0x01,0xEC,0xFF,0xFF,0xBE,0x00,0x00,0x00,
    0x00,0x00,0x00,0x00,0x00,0x00,0x00,0x00,0x45,0xFF,0xFF,0xFF,0x85,0x00,0x00,0x00,0x00,0x00,0x00,0x00,
    0x00,0x00,0x00,0x13,0xD9,0xFF,0xFF,0xFF,0x34,0x00,0x5C,0xA7,0x54,0x16,0x00,0x00,0x00,0x12,0x61,0xE1,
    0xFF,0xFF,0xFF,0xB8,0x00,0x00,0x64,0xFF,0xFF,0xFF,0xEE,0xDF,0xEA,0xFE,0xFF,0xFF,0xFF,0xFF,0xE2,0x17,
    0x00,0x00,0x64,0xFF,0xFF,0xFF,0xFF,0xFF,0xFF,0xFF,0xFF,0xFF,0xFF,0xBB,0x18,0x00,0x00,0x00,0x0A,0x4D,
    0x95,0xCA,0xDF,0xF4,0xF8,0xE9,0xC9,0x90,0x37,0x00,0x00,0x00,0x00,0xA4,0xFF,0xFF,0xFF,0x00,0x00,0x00,
    0x00,0x00,0x00,0x00,0x00,0x00,0x00,0x00,0xA4,0xFF,0xFF,0xFF,0x00,0x00,0x00,0x00,0x00,0x00,0x00,0x00,
    0x00,0x00,0x00,0xA4,0xFF,0xFF,0xFF,0x00,0x00,0x00,0x00,0x00,0x00,0x00,0x00,0x00,0x00,0x00,0xA4,0xFF,
    0xFF,0xFF,0x00,0x00,0x00,0x00,0x00,0x00,0x00,0x00,0x00,0x00,0x00,0xA4,0xFF,0xFF,0xFF,0x00,0x00,0x00,
    0x00,0x00,0x00,0x00,0x00,0x00,0x00,0x00,0xA4,0xFF,0xFF,0xFF,0x00,0x00,0x00,0x00,0x00,0x00,0x00,0x00,
    0x00,0x00,0x00,0xA4,0xFF,0xFF,0xFF,0x00,0x00,0x00,0x00,0x00,0x00,0x00,0x00,0x00,0x00,0x00,0xA4,0xFF,
    0xFF,0xFF,0x00,0x00,0x00,0x00,0x00,0x00,0x00,0x00,0x00,0x00,0x00,0xA4,0xFF,0xFF,0xFF,0x00,0x00,0x52,
    0xB9,0xE8,0xF8,0xDF,0x99,0x1F,0x00,0x00,0xA4,0xFF,0xFF,0xFF,0x04,0xA2,0xFF,0xFF,0xFF,0xFF,0xFF,0xFF,
    0xED,0x2E,0x00,0xA4,0xFF,0xFF,0xFF,0x89,0xFF,0xFF,0xE9,0xF4,0xFF,0xFF,0xFF,0xFF,0xCD,0x00,0xA4,0xFF,
    0xFF,0xFF,0xFF,0xC7,0x29,0x00,0x04,0x69,0xFD,0xFF,0xFF,0xFF,0x31,0xA4,0xFF,0xFF,0xFF,0xDC,0x0C,0x00,
    0x00,0x00,0x00,0x9A,0xFF,0xFF,0xFF,0x6A,0xA4,0xFF,0xFF,0xFF,0x60,0x00,0x00,0x00,0x00,0x00,0x42,0xFF,
    0xFF,0xFF,0x86,0xA4,0xFF,0xFF,0xFF,0x1B,0x00,0x00,0x00,0x00,0x00,0x1A,0xFF,0xFF,0xFF,0x92,0xA4,0xFF,
    0xFF,0xFF,0x03,0x00,0x00,0x00,0x00,0x00,0x0D,0xFF,0xFF,0xFF,0x94,0xA4,0xFF,0xFF,0xFF,0x00,0x00,0x00,
    0x00,0x00,0x00,0x0C,0xFF,0xFF,0xFF,0x94,0xA4,0xFF,0xFF,0xFF,0x00,0x00,0x00,0x00,0x00,0x00,0x0C,0xFF,
    0xFF,0xFF,0x94,0xA4,0xFF,0xFF,0xFF,0x00,0x00,0x00,0x00,0x00,0x00,0x0C,0xFF,0xFF,0xFF,0x94,0xA4,0xFF,
    0xFF,0xFF,0x00,0x00,0x00,0x00,0x00,0x00,0x0C,0xFF,0xFF,0xFF,0x94,0xA4,0xFF,0xFF,0xFF,0x00,0x00,0x00,
    0x00,0x00,0x00,0x0C,0xFF,0xFF,0xFF,0x94,0xA4,0xFF,0xFF,0xFF,0x00,0x00,0x00,0x00,0x00,0x00,0x0C,0xFF,
    0xFF,0xFF,0x94,0xA4,0xFF,0xFF,0xFF,0x00,0x00,0x00,0x00,0x00,0x00,0x0C,0xFF,0xFF,0xFF,0x94,0xA4,0xFF,
    0xFF,0xFF,0x00,0x00,0x00,0x00,0x00,0x00,0x0C,0xFF,0xFF,0xFF,0x94,0x00,0x05,0x10,0x00,0x00,0x51,0xF2,
    0xFF,0xA9,0x03,0xE0,0xFF,0xFF,0xFF,0x4B,0xD9,0xFF,0xFF,0xFF,0x42,0x3F,0xDA,0xF0,0x8A,0x00,0x00,0x00,
    0x00,0x00,0x00,0x00,0x00,0x00,0x00,0x00,0x00,0x00,0x00,0x00,0x00,0xA4,0xFF,0xFF,0xFC,0x00,0xA4,0xFF,
    0xFF,0xFC,0x00,0xA4,0xFF,0xFF,0xFC,0x00,0xA4,0xFF,0xFF,0xFC,0x00,0xA4,0xFF,0xFF,0xFC,0x00,0xA4,0xFF,
    0xFF,0xFC,0x00,0xA4,0xFF,0xFF,0xFC,0x00,0xA4,0xFF,0xFF,0xFC,0x00,0xA4,0xFF,0xFF,0xFC,0x00,0xA4,0xFF,
    0xFF,0xFC,0x00,0xA4,0xFF,0xFF,0xFC,0x00,0xA4,0xFF,0xFF,0xFC,0x00,0xA4,0xFF,0xFF,0xFC,0x00,0xA4,0xFF,
    0xFF,0xFC,0x00,0xA4,0xFF,0xFF,0xFC,0x00,0xA4,0xFF,0xFF,0xFC,0x00,0x00,0x00,0x00,0x00,0x00,0x00,0x05,
    0x10,0x00,0x00,0x00,0x00,0x00,0x00,0x00,0x4E,0xF1,0xFF,0xAA,0x03,0x00,0x00,0x00,0x00,0x00,0xDC,0xFF,
    0xFF,0xFF,0x4B,0x00,0x00,0x00,0x00,0x00,0xD5,0xFF,0xFF,0xFF,0x42,0x00,0x00,0x00,0x00,0x00,0x3C,0xD8,
    0xF0,0x8A,0x00,0x00,0x00,0x00,0x00,0x00,0x00,0x00,0x00,0x00,0x00,0x00,0x00,0x00,0x00,0x00,0x00,0x00,
    0x00,0x00,0x00,0x00,0x00,0x00,0x00,0x00,0x00,0x00,0x00,0x00,0x00,0x00,0x00,0x00,0x00,0x00,0xA4,0xFF,
    0xFF,0xFC,0x00,0x00,0x00,0x00,0x00,0x00,0xA4,0xFF,0xFF,0xFC,0x00,0x00,0x00,0x00,0x00,0x00,0xA4,0xFF,
    0xFF,0xFC,0x00,0x00,0x00,0x00,0x00,0x00,0xA4,0xFF,0xFF,0xFC,0x00,0x00,0x00,0x00,0x00,0x00,0xA4,0xFF,
    0xFF,0xFC,0x00,0x00,0x00,0x00,0x00,0x00,0xA4,0xFF,0xFF,0xFC,0x00,0x00,0x00,0x00,0x00,0x00,0xA4,0xFF,
    0xFF,0xFC,0x00,0x00,0x00,0x00,0x00,0x00,0xA4,0xFF,0xFF,0xFC,0x00,0x00,0x00,0x00,0x00,0x00,0xA4,0xFF,
    0xFF,0xFC,0x00,0x00,0x00,0x00,0x00,0x00,0xA4,0xFF,0xFF,0xFC,0x00,0x00,0x00,0x00,0x00,0x00,0xA4,0xFF,
    0xFF,0xFC,0x00,0x00,0x00,0x00,0x00,0x00,0xA4,0xFF,0xFF,0xFC,0x00,0x00,0x00,0x00,0x00,0x00,0xA4,0xFF,
    0xFF,0xFC,0x00,0x00,0x00,0x00,0x00,0x00,0xA4,0xFF,0xFF,0xFC,0x00,0x00,0x00,0x00,0x00,0x00,0xA4,0xFF,
    0xFF,0xFB,0x00,0x00,0x00,0x00,0x00,0x00,0xAB,0xFF,0xFF,0xF3,0x00,0x00,0x00,0x00,0x00,0x00,0xC0,0xFF,
    0xFF,0xE4,0x00,0x00,0x00,0x00,0x00,0x02,0xEC,0xFF,0xFF,0xBD,0x00,0x00,0x00,0x00,0x00,0x4A,0xFF,0xFF,
    0xFF,0x83,0x00,0x70,0x25,0x00,0x34,0xE2,0xFF,0xFF,0xFE,0x26,0x00,0xA0,0xFE,0xF0,0xFF,0xFF,0xFF,0xFF,
    0x96,0x00,0x00,0xA0,0xFF,0xFF,0xFF,0xFF,0xFF,0xB4,0x07,0x00,0x00,0x5B,0xD7,0xF8,0xEB,0xBB,0x5B,0x01,
    0x00,0x00,0x00,0xA4,0xFF,0xFF,0xFF,0x00,0x00,0x00,0x00,0x00,0x00,0x00,0x00,0x00,0x00,0x00,0xA4,0xFF,
    0xFF,0xFF,0x00,0x00,0x00,0x00,0x00,0x00,0x00,0x00,0x00,0x00,0x00,0xA4,0xFF,0xFF,0xFF,0x00,0x00,0x00,
    0x00,0x00,0x00,0x00,0x00,0x00,0x00,0x00,0xA4,0xFF,0xFF,0xFF,0x00,0x00,0x00,0x00,0x00,0x00,0x00,0x00,
    0x00,0x00,0x00,0xA4,0xFF,0xFF,0xFF,0x00,0x00,0x00,0x00,0x00,0x00,0x00,0x00,0x00,0x00,0x00,0xA4,0xFF,
    0xFF,0xFF,0x00,0x00,0x00,0x00,0x00,0x00,0x00,0x00,0x00,0x00,0x00,0xA4,0xFF,0xFF,0xFF,0x00,0x00,0x00,
    0x00,0x00,0x00,0x00,0x00,0x00,0x00,0x00,0xA4,0xFF,0xFF,0xFF,0x00,0x00,0x00,0x00,0x00,0x00,0x00,0x00,
    0x00,0x00,0x00,0xA4,0xFF,0xFF,0xFF,0x00,0x00,0x00,0x00,0x00,0x77,0xFF,0xFF,0xFF,0xD1,0x0D,0xA4,0xFF,
    0xFF,0xFF,0x00,0x00,0x00,0x00,0x46,0xFD,0xFF,0xFF,0xE6,0x1C,0x00,0xA4,0xFF,0xFF,0xFF,0x00,0x00,0x00,
    0x22,0xEE,0xFF,0xFF,0xF4,0x32,0x00,0x00,0xA4,0xFF,0xFF,0xFF,0x00,0x00,0x0B,0xD2,0xFF,0xFF,0xFD,0x4F,
    0x00,0x00,0x00,0xA4,0xFF,0xFF,0xFF,0x00,0x00,0xAA,0xFF,0xFF,0xFF,0x71,0x00,0x00,0x00,0x00,0xA4,0xFF,
    0xFF,0xFF,0x00,0x79,0xFF,0xFF,0xFF,0x96,0x00,0x00,0x00,0x00,0x00,0xA4,0xFF,0xFF,0xFF,0x48,0xFD,0xFF,
    0xFF,0xB7,0x03,0x00,0x00,0x00,0x00,0x00,0xA4,0xFF,0xFF,0xFF,0xEF,0xFF,0xFF,0xE3,0x0D,0x00,0x00,0x00,
    0x00,0x00,0x00,0xA4,0xFF,0xFF,0xFF,0xC4,0xFF,0xFF,0xFF,0x5D,0x00,0x00,0x00,0x00,0x00,0x00,0xA4,0xFF,
    0xFF,0xFF,0x17,0xE3,0xFF,0xFF,0xF9,0x41,0x00,0x00,0x00,0x00,0x00,0xA4,0xFF,0xFF,0xFF,0x00,0x34,0xF7,
    0xFF,0xFF,0xEF,0x2A,0x00,0x00,0x00,0x00,0xA4,0xFF,0xFF,0xFF,0x00,0x00,0x5C,0xFF,0xFF,0xFF,0xDF,0x17,
    0x00,0x00,0x00,0xA4,0xFF,0xFF,0xFF,0x00,0x00,0x00,0x8D,0xFF,0xFF,0xFF,0xCB,0x0A,0x00,0x00,0xA4,0xFF,
    0xFF,0xFF,0x00,0x00,0x00,0x03,0xBB,0xFF,0xFF,0xFF,0xB1,0x02,0x00,0xA4,0xFF,0xFF,0xFF,0x00,0x00,0x00,
    0x00,0x12,0xDD,0xFF,0xFF,0xFF,0x92,0x00,0xA4,0xFF,0xFF,0xFF,0x00,0x00,0x00,0x00,0x00,0x2C,0xF3,0xFF,
    0xFF,0xFF,0x70,0xA4,0xFF,0xFF,0xFF,0xA4,0xFF,0xFF,0xFF,0xA4,0xFF,0xFF,0xFF,0xA4,0xFF,0xFF,0xFF,0xA4,
    0xFF,0xFF,0xFF,0xA4,0xFF,0xFF,0xFF,0xA4,0xFF,0xFF,0xFF,0xA4,0xFF,0xFF,0xFF,0xA4,0xFF,0xFF,0xFF,0xA4,
    0xFF,0xFF,0xFF,0xA4,0xFF,0xFF,0xFF,0xA4,0xFF,0xFF,0xFF,0xA4,0xFF,0xFF,0xFF,0xA4,0xFF,0xFF,0xFF,0xA4,
    0xFF,0xFF,0xFF,0xA4,0xFF,0xFF,0xFF,0xA4,0xFF,0xFF,0xFF,0xA4,0xFF,0xFF,0xFF,0xA4,0xFF,0xFF,0xFF,0xA4,
    0xFF,0xFF,0xFF,0xA4,0xFF,0xFF,0xFF,0xA4,0xFF,0xFF,0xFF,0xA4,0xFF,0xFF,0xFF,0xA4,0xFF,0xFF,0xFF,0xA4,
    0xFF,0xFF,0xFC,0x00,0x02,0x65,0xC5,0xEE,0xEF,0xC4,0x53,0x00,0x00,0x00,0x09,0x6D,0xCA,0xEF,0xF5,0xD1,
    0x7B,0x0A,0x00,0x00,0xA4,0xFF,0xFF,0xFC,0x0B,0xBB,0xFF,0xFF,0xFF,0xFF,0xFF,0xFF,0x8E,0x00,0x17,0xC9,
    0xFF,0xFF,0xFF,0xFF,0xFF,0xFF,0xC9,0x09,0x00,0xA4,0xFF,0xFF,0xFC,0xA5,0xFF,0xFB,0xEB,0xFE,0xFF,0xFF,
    0xFF,0xFF,0x4C,0xBE,0xFF,0xFE,0xEB,0xFA,0xFF,0xFF,0xFF,0xFF,0x82,0x00,0xA4,0xFF,0xFF,0xFF,0xFF,0x9C,
    0x0F,0x00,0x1C,0xBB,0xFF,0xFF,0xFF,0xF1,0xFF,0xCB,0x24,0x00,0x0B,0x8C,0xFF,0xFF,0xFF,0xE6,0x00,0xA4,
    0xFF,0xFF,0xFF,0xC8,0x01,0x00,0x00,0x00,0x11,0xF2,0xFF,0xFF,0xFF,0xF2,0x15,0x00,0x00,0x00,0x00,0xD2,
    0xFF,0xFF,0xFF,0x1F,0xA4,0xFF,0xFF,0xFF,0x53,0x00,0x00,0x00,0x00,0x00,0xAE,0xFF,0xFF,0xFF,0x89,0x00,
    0x00,0x00,0x00,0x00,0x86,0xFF,0xFF,0xFF,0x3A,0xA4,0xFF,0xFF,0xFF,0x1E,0x00,0x00,0x00,0x00,0x00,0x8A,
    0xFF,0xFF,0xFF,0x49,0x00,0x00,0x00,0x00,0x00,0x64,0xFF,0xFF,0xFF,0x46,0xA4,0xFF,0xFF,0xFE,0x03,0x00,
    0x00,0x00,0x00,0x00,0x80,0xFF,0xFF,0xFF,0x29,0x00,0x00,0x00,0x00,0x00,0x59,0xFF,0xFF,0xFF,0x48,0xA4,
    0xFF,0xFF,0xFC,0x00,0x00,0x00,0x00,0x00,0x00,0x80,0xFF,0xFF,0xFF,0x24,0x00,0x00,0x00,0x00,0x00,0x58,
    0xFF,0xFF,0xFF,0x48,0xA4,0xFF,0xFF,0xFC,0x00,0x00,0x00,0x00,0x00,0x00,0x80,0xFF,0xFF,0xFF,0x24,0x00,
    0x00,0x00,0x00,0x00,0x58,0xFF,0xFF,0xFF,0x48,0xA4,0xFF,0xFF,0xFC,0x00,0x00,0x00,0x00,0x00,0x00,0x80,
    0xFF,0xFF,0xFF,0x24,0x00,0x00,0x00,0x00,0x00,0x58,0xFF,0xFF,0xFF,0x48,0xA4,0xFF,0xFF,0xFC,0x00,0x00,
    0x00,0x00,0x00,0x00,0x80,0xFF,0xFF,0xFF,0x24,0x00,0x00,0x00,0x00,0x00,0x58,0xFF,0xFF,0xFF,0x48,0xA4,
    0xFF,0xFF,0xFC,0x00,0x00,0x00,0x00,0x00,0x00,0x80,0xFF,0xFF,0xFF,0x24,0x00,0x00,0x00,0x00,0x00,0x58,
    0xFF,0xFF,0xFF,0x48,0xA4,0xFF,0xFF,0xFC,0x00,0x00,0x00,0x00,0x00,0x00,0x80,0xFF,0xFF,0xFF,0x24,0x00,
    0x00,0x00,0x00,0x00,0x58,0xFF,0xFF,0xFF,0x48,0xA4,0xFF,0xFF,0xFC,0x00,0x00,0x00,0x00,0x00,0x00,0x80,
    0xFF,0xFF,0xFF,0x24,0x00,0x00,0x00,0x00,0x00,0x58,0xFF,0xFF,0xFF,0x48,0xA4,0xFF,0xFF,0xFC,0x00,0x00,
    0x00,0x00,0x00,0x00,0x80,0xFF,0xFF,0xFF,0x24,0x00,0x00,0x00,0x00,0x00,0x58,0xFF,0xFF,0xFF,0x48,0xA4,
    0xFF,0xFF,0xFF,0x00,0x00,0x53,0xBA,0xE8,0xF8,0xDD,0x92,0x18,0x00,0x00,0xA4,0xFF,0xFF,0xFF,0x04,0xA4,
    0xFF,0xFF,0xFF,0xFF,0xFF,0xFF,0xE6,0x24,0x00,0xA4,0xFF,0xFF,0xFF,0x8A,0xFF,0xFF,0xE8,0xF3,0xFF,0xFF,
    0xFF,0xFF,0xC2,0x00,0xA4,0xFF,0xFF,0xFF,0xFF,0xB5,0x21,0x00,0x03,0x5B,0xF9,0xFF,0xFF,0xFF,0x2F,0xA4,
    0xFF,0xFF,0xFF,0xC6,0x04,0x00,0x00,0x00,0x00,0x87,0xFF,0xFF,0xFF,0x6D,0xA4,0xFF,0xFF,0xFF,0x47,0x00,
    0x00,0x00,0x00,0x00,0x32,0xFF,0xFF,0xFF,0x8D,0xA4,0xFF,0xFF,0xFF,0x0D,0x00,0x00,0x00,0x00,0x00,0x0E,
    0xFF,0xFF,0xFF,0x9A,0xA4,0xFF,0xFF,0xFF,0x00,0x00,0x00,0x00,0x00,0x00,0x04,0xFF,0xFF,0xFF,0x9C,0xA4,
    0xFF,0xFF,0xFF,0x00,0x00,0x00,0x00,0x00,0x00,0x04,0xFF,0xFF,0xFF,0x9C,0xA4,0xFF,0xFF,0xFF,0x00,0x00,
    0x00,0x00,0x00,0x00,0x04,0xFF,0xFF,0xFF,0x9C,0xA4,0xFF,0xFF,0xFF,0x00,0x00,0x00,0x00,0x00,0x00,0x04,
    0xFF,0xFF,0xFF,0x9C,0xA4,0xFF,0xFF,0xFF,0x00,0x00,0x00,0x00,0x00,0x00,0x04,0xFF,0xFF,0xFF,0x9C,0xA4,
    0xFF,0xFF,0xFF,0x00,0x00,0x00,0x00,0x00,0x00,0x04,0xFF,0xFF,0xFF,0x9C,0xA4,0xFF,0xFF,0xFF,0x00,0x00,
    0x00,0x00,0x00,0x00,0x04,0xFF,0xFF,0xFF,0x9C,0xA4,0xFF,0xFF,0xFF,0x00,0x00,0x00,0x00,0x00,0x00,0x04,
    0xFF,0xFF,0xFF,0x9C,0xA4,0xFF,0xFF,0xFF,0x00,0x00,0x00,0x00,0x00,0x00,0x04,0xFF,0xFF,0xFF,0x9C,0x00,
    0x00,0x00,0x00,0x18,0x7B,0xBD,0xE6,0xF8,0xF2,0xDC,0xA4,0x4F,0x01,0x00,0x00,0x00,0x00,0x00,0x02,0x7C,
    0xF8,0xFF,0xFF,0xFF,0xFF,0xFF,0xFF,0xFF,0xFF,0xCA,0x1E,0x00,0x00,0x00,0x00,0xA4,0xFF,0xFF,0xFF,0xFF,
    0xFC,0xEA,0xF7,0xFF,0xFF,0xFF,0xFF,0xE5,0x18,0x00,0x00,0x6F,0xFF,0xFF,0xFF,0xEB,0x5F,0x0B,0x00,0x02,
    0x41,0xD1,0xFF,0xFF,0xFF,0xB4,0x00,0x0A,0xEB,0xFF,0xFF,0xF4,0x2A,0x00,0x00,0x00,0x00,0x00,0x0E,0xDD,
    0xFF,0xFF,0xFF,0x2F,0x4D,0xFF,0xFF,0xFF,0x85,0x00,0x00,0x00,0x00,0x00,0x00,0x00,0x5F,0xFF,0xFF,0xFF,
    0x7A,0x87,0xFF,0xFF,0xFF,0x34,0x00,0x00,0x00,0x00,0x00,0x00,0x00,0x17,0xFF,0xFF,0xFF,0xAB,0x9F,0xFF,
    0xFF,0xFF,0x11,0x00,0x00,0x00,0x00,0x00,0x00,0x00,0x00,0xF8,0xFF,0xFF,0xBF,0xA4,0xFF,0xFF,0xFF,0x0F,
    0x00,0x00,0x00,0x00,0x00,0x00,0x00,0x00,0xF7,0xFF,0xFF,0xBB,0x90,0xFF,0xFF,0xFF,0x2E,0x00,0x00,0x00,
    0x00,0x00,0x00,0x00,0x15,0xFF,0xFF,0xFF,0xA4,0x5C,0xFF,0xFF,0xFF,0x7D,0x00,0x00,0x00,0x00,0x00,0x00,
    0x00,0x5B,0xFF,0xFF,0xFF,0x69,0x13,0xF5,0xFF,0xFF,0xF0,0x24,0x00,0x00,0x00,0x00,0x00,0x0C,0xD9,0xFF,
    0xFF,0xF7,0x1A,0x00,0x86,0xFF,0xFF,0xFF,0xE7,0x59,0x08,0x00,0x01,0x3B,0xCC,0xFF,0xFF,0xFF,0x88,0x00,
    0x00,0x05,0xBE,0xFF,0xFF,0xFF,0xFF,0xF9,0xE5,0xF3,0xFF,0xFF,0xFF,0xFF,0xBC,0x04,0x00,0x00,0x00,0x08,
    0x9B,0xFE,0xFF,0xFF,0xFF,0xFF,0xFF,0xFF,0xFF,0xFD,0x96,0x06,0x00,0x00,0x00,0x00,0x00,0x00,0x2C,0x8F,
    0xCF,0xEE,0xFB,0xEC,0xCC,0x8B,0x28,0x00,0x00,0x00,0x00,0xA4,0xFF,0xFF,0xFC,0x00,0x00,0x40,0xAB,0xE2,
    0xF9,0xE8,0xB2,0x4E,0x00,0x00,0x00,0xA4,0xFF,0xFF,0xFC,0x00,0x89,0xFF,0xFF,0xFF,0xFF,0xFF,0xFF,0xFF,
    0xA2,0x04,0x00,0xA4,0xFF,0xFF,0xFC,0x72,0xFF,0xFF,0xF5,0xEB,0xFE,0xFF,0xFF,0xFF,0xFF,0x88,0x00,0xA4,
    0xFF,0xFF,0xFF,0xFA,0xD0,0x3F,0x02,0x00,0x18,0x98,0xFF,0xFF,0xFF,0xFC,0x20,0xA4,0xFF,0xFF,0xFF,0xD8,
    0x0D,0x00,0x00,0x00,0x00,0x00,0x9F,0xFF,0xFF,0xFF,0x80,0xA4,0xFF,0xFF,0xFF,0x52,0x00,0x00,0x00,0x00,
    0x00,0x00,0x1F,0xFF,0xFF,0xFF,0xBC,0xA4,0xFF,0xFF,0xFF,0x0B,0x00,0x00,0x00,0x00,0x00,0x00,0x00,0xE1,
    0xFF,0xFF,0xDD,0xA4,0xFF,0xFF,0xF5,0x00,0x00,0x00,0x00,0x00,0x00,0x00,0x00,0xCC,0xFF,0xFF,0xEB,0xA4,
    0xFF,0xFF,0xF4,0x00,0x00,0x00,0x00,0x00,0x00,0x00,0x00,0xD6,0xFF,0xFF,0xDF,0xA4,0xFF,0xFF,0xF9,0x00,
    0x00,0x00,0x00,0x00,0x00,0x00,0x04,0xF7,0xFF,0xFF,0xC7,0xA4,0xFF,0xFF,0xFF,0x28,0x00,0x00,0x00,0x00,
    0x00,0x00,0x48,0xFF,0xFF,0xFF,0x91,0xA4,0xFF,0xFF,0xFF,0xA8,0x00,0x00,0x00,0x00,0x00,0x06,0xCC,0xFF,
    0xFF,0xFF,0x40,0xA4,0xFF,0xFF,0xFF,0xFF,0x9E,0x16,0x00,0x00,0x24,0xBA,0xFF,0xFF,0xFF,0xCB,0x00,0xA4,
    0xFF,0xFF,0xFD,0xC9,0xFF,0xFD,0xDD,0xE2,0xFF,0xFF,0xFF,0xFF,0xF5,0x2D,0x00,0xA4,0xFF,0xFF,0xFC,0x1C,
    0xD9,0xFF,0xFF,0xFF,0xFF,0xFF,0xFF,0xEA,0x3D,0x00,0x00,0xA4,0xFF,0xFF,0xFC,0x00,0x0D,0x81,0xD7,0xF6,
    0xEF,0xCC,0x7D,0x10,0x00,0x00,0x00,0xA4,0xFF,0xFF,0xFC,0x00,0x00,0x00,0x00,0x00,0x00,0x00,0x00,0x00,
    0x00,0x00,0x00,0xA4,0xFF,0xFF,0xFC,0x00,0x00,0x00,0x00,0x00,0x00,0x00,0x00,0x00,0x00,0x00,0x00,0xA4,
    0xFF,0xFF,0xFC,0x00,0x00,0x00,0x00,0x00,0x00,0x00,0x00,0x00,0x00,0x00,0x00,0xA4,0xFF,0xFF,0xFC,0x00,
    0x00,0x00,0x00,0x00,0x00,0x00,0x00,0x00,0x00,0x00,0x00,0xA4,0xFF,0xFF,0xFC,0x00,0x00,0x00,0x00,0x00,
    0x00,0x00,0x00,0x00,0x00,0x00,0x00,0xA4,0xFF,0xFF,0xFC,0x00,0x00,0x00,0x00,0x00,0x00,0x00,0x00,0x00,
    0x00,0x00,0x00,0xA4,0xFF,0xFF,0xFC,0x00,0x00,0x00,0x00,0x00,0x00,0x00,0x00,0x00,0x00,0x00,0x00,0x00,
    0x00,0x00,0x01,0x5B,0xB4,0xE6,0xF9,0xE5,0xAA,0x38,0x00,0xB8,0xFF,0xFF,0xE8,0x00,0x00,0x14,0xC6,0xFF,
    0xFF,0xFF,0xFF,0xFF,0xFF,0xFB,0x5F,0xB8,0xFF,0xFF,0xE8,0x00,0x08,0xD2,0xFF,0xFF,0xFF,0xFF,0xF9,0xEA,
    0xFC,0xFF,0xF7,0xDD,0xFF,0xFF,0xE8,0x00,0x88,0xFF,0xFF,0xFF,0xE2,0x4F,0x05,0x00,0x10,0x7D,0xFC,0xFF,
    0xFF,0xFF,0xE8,0x0D,0xF2,0xFF,0xFF,0xF1,0x20,0x00,0x00,0x00,0x00,0x00,0x6A,0xFF,0xFF,0xFF,0xE8,0x50,
    0xFF,0xFF,0xFF,0x83,0x00,0x00,0x00,0x00,0x00,0x00,0x02,0xE1,0xFF,0xFF,0xE8,0x85,0xFF,0xFF,0xFF,0x37,
    0x00,0x00,0x00,0x00,0x00,0x00,0x00,0xB2,0xFF,0xFF,0xE8,0x9D,0xFF,0xFF,0xFF,0x13,0x00,0x00,0x00,0x00,
    0x00,0x00,0x00,0xAC,0xFF,0xFF,0xE8,0xA7,0xFF,0xFF,0xFF,0x0C,0x00,0x00,0x00,0x00,0x00,0x00,0x00,0xAD,
    0xFF,0xFF,0xE8,0x99,0xFF,0xFF,0xFF,0x25,0x00,0x00,0x00,0x00,0x00,0x00,0x00,0xC0,0xFF,0xFF,0xE8,0x75,
    0xFF,0xFF,0xFF,0x68,0x00,0x00,0x00,0x00,0x00,0x00,0x0E,0xF5,0xFF,0xFF,0xE8,0x35,0xFF,0xFF,0xFF,0xDF,
    0x0F,0x00,0x00,0x00,0x00,0x00,0x91,0xFF,0xFF,0xFF,0xE8,0x00,0xCE,0xFF,0xFF,0xFF,0xCD,0x34,0x00,0x00,
    0x1B,0x98,0xFF,0xFC,0xFF,0xFF,0xE8,0x00,0x38,0xFC,0xFF,0xFF,0xFF,0xFF,0xEE,0xE9,0xFF,0xFF,0xC5,0xBB,
    0xFF,0xFF,0xE8,0x00,0x00,0x54,0xF7,0xFF,0xFF,0xFF,0xFF,0xFF,0xFF,0xD1,0x1D,0xB8,0xFF,0xFF,0xE8,0x00,
    0x00,0x00,0x20,0x94,0xDB,0xF7,0xED,0xCA,0x71,0x0B,0x00,0xB8,0xFF,0xFF,0xE8,0x00,0x00,0x00,0x00,0x00,
    0x00,0x00,0x00,0x00,0x00,0x00,0x00,0xB8,0xFF,0xFF,0xE8,0x00,0x00,0x00,0x00,0x00,0x00,0x00,0x00,0x00,
    0x00,0x00,0x00,0xB8,0xFF,0xFF,0xE8,0x00,0x00,0x00,0x00,0x00,0x00,0x00,0x00,0x00,0x00,0x00,0x00,0xB8,
    0xFF,0xFF,0xE8,0x00,0x00,0x00,0x00,0x00,0x00,0x00,0x00,0x00,0x00,0x00,0x00,0xB8,0xFF,0xFF,0xE8,0x00,
    0x00,0x00,0x00,0x00,0x00,0x00,0x00,0x00,0x00,0x00,0x00,0xB8,0xFF,0xFF,0xE8,0x00,0x00,0x00,0x00,0x00,
    0x00,0x00,0x00,0x00,0x00,0x00,0x00,0xB8,0xFF,0xFF,0xE8,0x00,0x00,0x00,0x00,0x00,0x00,0x00,0x00,0x00,
    0x00,0x00,0x00,0xB8,0xFF,0xFF,0xE8,0xA4,0xFF,0xFF,0xFC,0x00,0x12,0x93,0xE3,0xF6,0x84,0xA4,0xFF,0xFF,
    0xFC,0x0E,0xD1,0xFF,0xFF,0xFF,0xA4,0xA4,0xFF,0xFF,0xFC,0x8B,0xFF,0xFF,0xFF,0xFF,0xA4,0xA4,0xFF,0xFF,
    0xFE,0xF3,0xDF,0x49,0x0A,0x2E,0x72,0xA4,0xFF,0xFF,0xFF,0xF0,0x1F,0x00,0x00,0x00,0x00,0xA4,0xFF,0xFF,
    0xFF,0x7F,0x00,0x00,0x00,0x00,0x00,0xA4,0xFF,0xFF,0xFF,0x2F,0x00,0x00,0x00,0x00,0x00,0xA4,0xFF,0xFF,
    0xFF,0x09,0x00,0x00,0x00,0x00,0x00,0xA4,0xFF,0xFF,0xFC,0x00,0x00,0x00,0x00,0x00,0x00,0xA4,0xFF,0xFF,
    0xFC,0x00,0x00,0x00,0x00,0x00,0x00,0xA4,0xFF,0xFF,0xFC,0x00,0x00,0x00,0x00,0x00,0x00,0xA4,0xFF,0xFF,
    0xFC,0x00,0x00,0x00,0x00,0x00,0x00,0xA4,0xFF,0xFF,0xFC,0x00,0x00,0x00,0x00,0x00,0x00,0xA4,0xFF,0xFF,
    0xFC,0x00,0x00,0x00,0x00,0x00,0x00,0xA4,0xFF,0xFF,0xFC,0x00,0x00,0x00,0x00,0x00,0x00,0xA4,0xFF,0xFF,
    0xFC,0x00,0x00,0x00,0x00,0x00,0x00,0x00,0x00,0x05,0x5F,0xB0,0xE2,0xF9,0xF4,0xE0,0xB6,0x69,0x00,0x00,
    0x2D,0xDB,0xFF,0xFF,0xFF,0xFF,0xFF,0xFF,0xFF,0xE0,0x00,0x13,0xE7,0xFF,0xFF,0xFF,0xE7,0xBD,0xC0,0xDF,
    0xFD,0xE0,0x00,0x74,0xFF,0xFF,0xFF,0x7B,0x03,0x00,0x00,0x00,0x21,0x71,0x00,0x99,0xFF,0xFF,0xFF,0x0E,
    0x00,0x00,0x00,0x00,0x00,0x00,0x00,0x81,0xFF,0xFF,0xFF,0x84,0x02,0x00,0x00,0x00,0x00,0x00,0x00,0x20,
    0xF4,0xFF,0xFF,0xFF,0xDA,0x79,0x1F,0x00,0x00,0x00,0x00,0x00,0x4F,0xF0,0xFF,0xFF,0xFF,0xFF,0xFC,0xA9,
    0x28,0x00,0x00,0x00,0x00,0x1D,0x94,0xF4,0xFF,0xFF,0xFF,0xFF,0xF7,0x69,0x00,0x00,0x00,0x00,0x00,0x0E,
    0x60,0xC8,0xFF,0xFF,0xFF,0xFF,0x3D,0x00,0x00,0x00,0x00,0x00,0x00,0x00,0x6C,0xFF,0xFF,0xFF,0x9A,0x44,
    0x03,0x00,0x00,0x00,0x00,0x00,0x00,0xED,0xFF,0xFF,0xB0,0xA4,0xC3,0x37,0x00,0x00,0x00,0x00,0x53,0xFF,
    0xFF,0xFF,0x8A,0xA4,0xFF,0xFF,0xDF,0xB9,0xBB,0xDF,0xFF,0xFF,0xFF,0xF2,0x21,0xA4,0xFF,0xFF,0xFF,0xFF,
    0xFF,0xFF,0xFF,0xFF,0xE7,0x3D,0x00,0x17,0x6D,0xBC,0xDD,0xF5,0xF8,0xE3,0xB6,0x6A,0x0B,0x00,0x00,0x00,
    0x00,0x00,0x04,0x40,0x8E,0xD3,0x00,0x00,0x00,0x00,0x00,0x00,0x00,0xA4,0xFF,0xFF,0xF8,0x00,0x00,0x00,
    0x00,0x00,0x00,0x00,0xA8,0xFF,0xFF,0xF8,0x00,0x00,0x00,0x00,0x00,0x00,0x00,0xA8,0xFF,0xFF,0xF8,0x00,
    0x00,0x00,0x00,0x00,0x00,0x00,0xA8,0xFF,0xFF,0xF8,0x00,0x00,0x00,0x00,0x54,0xFF,0xFF,0xFF,0xFF,0xFF,
    0xFF,0xFF,0xFF,0xFF,0xCC,0x54,0xFF,0xFF,0xFF,0xFF,0xFF,0xFF,0xFF,0xFF,0xFF,0xCC,0x46,0xD8,0xD8,0xF2,
    0xFF,0xFF,0xFE,0xD8,0xD8,0xD8,0xAC,0x00,0x00,0x00,0xA8,0xFF,0xFF,0xF8,0x00,0x00,0x00,0x00,0x00,0x00,
    0x00,0xA8,0xFF,0xFF,0xF8,0x00,0x00,0x00,0x00,0x00,0x00,0x00,0xA8,0xFF,0xFF,0xF8,0x00,0x00,0x00,0x00,
    0x00,0x00,0x00,0xA8,0xFF,0xFF,0xF8,0x00,0x00,0x00,0x00,0x00,0x00,0x00,0xA8,0xFF,0xFF,0xF8,0x00,0x00,
    0x00,0x00,0x00,0x00,0x00,0xA8,0xFF,0xFF,0xF8,0x00,0x00,0x00,0x00,0x00,0x00,0x00,0xA8,0xFF,0xFF,0xF8,
    0x00,0x00,0x00,0x00,0x00,0x00,0x00,0xA8,0xFF,0xFF,0xFA,0x00,0x00,0x00,0x00,0x00,0x00,0x00,0xA6,0xFF,
    0xFF,0xFF,0x14,0x00,0x00,0x00,0x00,0x00,0x00,0x96,0xFF,0xFF,0xFF,0x8F,0x03,0x00,0x00,0x00,0x00,0x00,
    0x5B,0xFF,0xFF,0xFF,0xFF,0xF7,0xE6,0xC5,0x00,0x00,0x00,0x06,0xCC,0xFF,0xFF,0xFF,0xFF,0xFF,0xCC,0x00,
    0x00,0x00,0x00,0x0D,0x87,0xD8,0xF8,0xF6,0xDE,0x83,0xF4,0xFF,0xFF,0xAC,0x00,0x00,0x00,0x00,0x00,0x00,
    0x50,0xFF,0xFF,0xFF,0x50,0xF4,0xFF,0xFF,0xAC,0x00,0x00,0x00,0x00,0x00,0x00,0x50,0xFF,0xFF,0xFF,0x50,
    0xF4,0xFF,0xFF,0xAC,0x00,0x00,0x00,0x00,0x00,0x00,0x50,0xFF,0xFF,0xFF,0x50,0xF4,0xFF,0xFF,0xAC,0x00,
    0x00,0x00,0x00,0x00,0x00,0x50,0xFF,0xFF,0xFF,0x50,0xF4,0xFF,0xFF,0xAC,0x00,0x00,0x00,0x00,0x00,0x00,
    0x50,0xFF,0xFF,0xFF,0x50,0xF4,0xFF,0xFF,0xAC,0x00,0x00,0x00,0x00,0x00,0x00,0x50,0xFF,0xFF,0xFF,0x50,
    0xF4,0xFF,0xFF,0xAC,0x00,0x00,0x00,0x00,0x00,0x00,0x50,0xFF,0xFF,0xFF,0x50,0xF4,0xFF,0xFF,0xAC,0x00,
    0x00,0x00,0x00,0x00,0x00,0x50,0xFF,0xFF,0xFF,0x50,0xF4,0xFF,0xFF,0xAC,0x00,0x00,0x00,0x00,0x00,0x00,
    0x50,0xFF,0xFF,0xFF,0x50,0xF1,0xFF,0xFF,0xB3,0x00,0x00,0x00,0x00,0x00,0x00,0x5B,0xFF,0xFF,0xFF,0x50,
    0xE3,0xFF,0xFF,0xD5,0x00,0x00,0x00,0x00,0x00,0x00,0x8E,0xFF,0xFF,0xFF,0x50,0xC0,0xFF,0xFF,0xFF,0x2D,
    0x00,0x00,0x00,0x00,0x19,0xEE,0xFF,0xFF,0xFF,0x50,0x80,0xFF,0xFF,0xFF,0xD6,0x30,0x00,0x00,0x36,0xD5,
    0xFF,0xFF,0xFF,0xFF,0x50,0x1D,0xF5,0xFF,0xFF,0xFF,0xFF,0xEB,0xED,0xFF,0xFF,0xA7,0xFF,0xFF,0xFF,0x50,
    0x00,0x59,0xFB,0xFF,0xFF,0xFF,0xFF,0xFF,0xFF,0x87,0x50,0xFF,0xFF,0xFF,0x50,0x00,0x00,0x32,0xA6,0xE4,
    0xF9,0xE9,0xB7,0x49,0x00,0x50,0xFF,0xFF,0xFF,0x50,0xAD,0xFF,0xFF,0xFF,0x3C,0x00,0x00,0x00,0x00,0x00,
    0x00,0x00,0xD6,0xFF,0xFF,0xEB,0x06,0x4F,0xFF,0xFF,0xFF,0x8D,0x00,0x00,0x00,0x00,0x00,0x00,0x2B,0xFF,
    0xFF,0xFF,0x8E,0x00,0x05,0xEB,0xFF,0xFF,0xDE,0x00,0x00,0x00,0x00,0x00,0x00,0x80,0xFF,0xFF,0xFF,0x2C,
    0x00,0x00,0x93,0xFF,0xFF,0xFF,0x2F,0x00,0x00,0x00,0x00,0x00,0xD4,0xFF,0xFF,0xC8,0x00,0x00,0x00,0x34,
    0xFF,0xFF,0xFF,0x80,0x00,0x00,0x00,0x00,0x29,0xFF,0xFF,0xFF,0x65,0x00,0x00,0x00,0x00,0xD5,0xFF,0xFF,
    0xD1,0x00,0x00,0x00,0x00,0x7E,0xFF,0xFF,0xF5,0x0E,0x00,0x00,0x00,0x00,0x78,0xFF,0xFF,0xFF,0x23,0x00,
    0x00,0x00,0xD2,0xFF,0xFF,0x9F,0x00,0x00,0x00,0x00,0x00,0x1C,0xFD,0xFF,0xFF,0x74,0x00,0x00,0x26,0xFF,
    0xFF,0xFF,0x3C,0x00,0x00,0x00,0x00,0x00,0x00,0xBB,0xFF,0xFF,0xC5,0x00,0x00,0x7B,0xFF,0xFF,0xD9,0x00,
    0x00,0x00,0x00,0x00,0x00,0x00,0x5D,0xFF,0xFF,0xFE,0x18,0x00,0xD0,0xFF,0xFF,0x76,0x00,0x00,0x00,0x00,
    0x00,0x00,0x00,0x0B,0xF3,0xFF,0xFF,0x67,0x24,0xFF,0xFF,0xFB,0x18,0x00,0x00,0x00,0x00,0x00,0x00,0x00,
    0x00,0xA1,0xFF,0xFF,0xB6,0x70,0xFF,0xFF,0xB0,0x00,0x00,0x00,0x00,0x00,0x00,0x00,0x00,0x00,0x42,0xFF,
    0xFF,0xF5,0xAA,0xFF,0xFF,0x4D,0x00,0x00,0x00,0x00,0x00,0x00,0x00,0x00,0x00,0x01,0xE1,0xFF,0xFF,0xF6,
    0xFF,0xE6,0x04,0x00,0x00,0x00,0x00,0x00,0x00,0x00,0x00,0x00,0x00,0x86,0xFF,0xFF,0xFF,0xFF,0x87,0x00,
    0x00,0x00,0x00,0x00,0x00,0x00,0x00,0x00,0x00,0x00,0x27,0xFF,0xFF,0xFF,0xFF,0x25,0x00,0x00,0x00,0x00,
    0x00,0x00,0x8B,0xFF,0xFF,0xFF,0x2F,0x00,0x00,0x00,0x00,0x00,0x65,0xFF,0xFF,0xFF,0x47,0x00,0x00,0x00,
    0x00,0x00,0xB4,0xFF,0xFF,0xB9,0x3F,0xFF,0xFF,0xFF,0x70,0x00,0x00,0x00,0x00,0x00,0xAD,0xFF,0xFF,0xFF,
    0x87,0x00,0x00,0x00,0x00,0x02,0xEF,0xFF,0xFF,0x6E,0x04,0xEF,0xFF,0xFF,0xB1,0x00,0x00,0x00,0x00,0x04,
    0xF0,0xFF,0xFF,0xFF,0xC6,0x00,0x00,0x00,0x00,0x31,0xFF,0xFF,0xFF,0x22,0x00,0xA9,0xFF,0xFF,0xEF,0x02,
    0x00,0x00,0x00,0x3D,0xFF,0xFF,0xF9,0xFF,0xFA,0x0B,0x00,0x00,0x00,0x70,0xFF,0xFF,0xD7,0x00,0x00,0x5E,
    0xFF,0xFF,0xFF,0x32,0x00,0x00,0x00,0x85,0xFF,0xFC,0xB4,0xFF,0xFF,0x45,0x00,0x00,0x00,0xAF,0xFF,0xFF,
    0x8B,0x00,0x00,0x14,0xFD,0xFF,0xFF,0x72,0x00,0x00,0x00,0xCD,0xFF,0xC7,0x74,0xFF,0xFF,0x85,0x00,0x00,
    0x01,0xEC,0xFF,0xFF,0x40,0x00,0x00,0x00,0xC7,0xFF,0xFF,0xB3,0x00,0x00,0x16,0xFE,0xFF,0x7D,0x30,0xFF,
    0xFF,0xC4,0x00,0x00,0x2D,0xFF,0xFF,0xF0,0x04,0x00,0x00,0x00,0x7C,0xFF,0xFF,0xF0,0x03,0x00,0x5D,0xFF,
    0xFF,0x33,0x01,0xE9,0xFF,0xFA,0x0A,0x00,0x6C,0xFF,0xFF,0xA9,0x00,0x00,0x00,0x00,0x31,0xFF,0xFF,0xFF,
    0x34,0x00,0xA5,0xFF,0xE7,0x01,0x00,0xA7,0xFF,0xFF,0x44,0x00,0xAB,0xFF,0xFF,0x5D,0x00,0x00,0x00,0x00,
    0x00,0xE4,0xFF,0xFF,0x74,0x01,0xEA,0xFF,0x9E,0x00,0x00,0x62,0xFF,0xFF,0x83,0x00,0xE8,0xFF,0xFD,0x15,
    0x00,0x00,0x00,0x00,0x00,0x9A,0xFF,0xFF,0xB5,0x35,0xFF,0xFF,0x54,0x00,0x00,0x1D,0xFF,0xFF,0xC3,0x28,
    0xFF,0xFF,0xC6,0x00,0x00,0x00,0x00,0x00,0x00,0x4F,0xFF,0xFF,0xF1,0x7B,0xFF,0xFB,0x0F,0x00,0x00,0x00,
    0xD9,0xFF,0xF9,0x6D,0xFF,0xFF,0x7B,0x00,0x00,0x00,0x00,0x00,0x00,0x0B,0xF8,0xFF,0xFF,0xCA,0xFF,0xBF,
    0x00,0x00,0x00,0x00,0x94,0xFF,0xFF,0xC4,0xFF,0xFF,0x2F,0x00,0x00,0x00,0x00,0x00,0x00,0x00,0xB8,0xFF,
    0xFF,0xFF,0xFF,0x75,0x00,0x00,0x00,0x00,0x50,0xFF,0xFF,0xFF,0xFF,0xE3,0x00,0x00,0x00,0x00,0x00,0x00,
    0x00,0x00,0x6D,0xFF,0xFF,0xFF,0xFF,0x2B,0x00,0x00,0x00,0x00,0x0F,0xFC,0xFF,0xFF,0xFF,0x98,0x00,0x00,
    0x00,0x00,0x00,0x00,0x00,0x00,0x22,0xFF,0xFF,0xFF,0xE0,0x00,0x00,0x00,0x00,0x00,0x00,0xC6,0xFF,0xFF,
    0xFF,0x4D,0x00,0x00,0x00,0x00,0x2A,0xF9,0xFF,0xFF,0xF2,0x15,0x00,0x00,0x00,0x00,0x00,0x84,0xFF,0xFF,
    0xFF,0x67,0x00,0x82,0xFF,0xFF,0xFF,0x90,0x00,0x00,0x00,0x00,0x1C,0xF6,0xFF,0xFF,0xBD,0x01,0x00,0x07,
    0xD8,0xFF,0xFF,0xF8,0x1F,0x00,0x00,0x00,0xA3,0xFF,0xFF,0xF4,0x21,0x00,0x00,0x00,0x3F,0xFE,0xFF,0xFF,
    0xA0,0x00,0x00,0x33,0xFE,0xFF,0xFF,0x6D,0x00,0x00,0x00,0x00,0x00,0x9C,0xFF,0xFF,0xFD,0x2A,0x00,0xC0,
    0xFF,0xFF,0xC3,0x01,0x00,0x00,0x00,0x00,0x00,0x11,0xE8,0xFF,0xFF,0xAE,0x51,0xFF,0xFF,0xF6,0x26,0x00,
    0x00,0x00,0x00,0x00,0x00,0x00,0x58,0xFF,0xFF,0xFF,0xE7,0xFF,0xFF,0x74,0x00,0x00,0x00,0x00,0x00,0x00,
    0x00,0x00,0x00,0xB6,0xFF,0xFF,0xFF,0xFF,0xC8,0x03,0x00,0x00,0x00,0x00,0x00,0x00,0x00,0x00,0x00,0x8D,
    0xFF,0xFF,0xFF,0xFF,0xAE,0x00,0x00,0x00,0x00,0x00,0x00,0x00,0x00,0x00,0x3D,0xFD,0xFF,0xFE,0xFE,0xFF,
    0xFF,0x57,0x00,0x00,0x00,0x00,0x00,0x00,0x00,0x0D,0xDE,0xFF,0xFF,0xA0,0xA4,0xFF,0xFF,0xEB,0x16,0x00,
    0x00,0x00,0x00,0x00,0x00,0x9E,0xFF,0xFF,0xF3,0x19,0x1E,0xF7,0xFF,0xFF,0xAC,0x00,0x00,0x00,0x00,0x00,
    0x4F,0xFF,0xFF,0xFF,0x79,0x00,0x00,0x85,0xFF,0xFF,0xFF,0x57,0x00,0x00,0x00,0x16,0xEA,0xFF,0xFF,0xDD,
    0x07,0x00,0x00,0x0C,0xE7,0xFF,0xFF,0xEB,0x16,0x00,0x00,0xB1,0xFF,0xFF,0xFF,0x51,0x00,0x00,0x00,0x00,
    0x62,0xFF,0xFF,0xFF,0xAC,0x00,0x63,0xFF,0xFF,0xFF,0xBD,0x00,0x00,0x00,0x00,0x00,0x02,0xCE,0xFF,0xFF,
    0xFF,0x56,0xB6,0xFF,0xFF,0xFF,0x45,0x00,0x00,0x00,0x00,0x00,0x00,0x00,0x9C,0xFF,0xFF,0xF6,0x0F,0x50,
    0xFF,0xFF,0xFF,0x99,0x00,0x00,0x00,0x00,0x00,0x00,0x05,0xED,0xFF,0xFF,0xA2,0x00,0x04,0xE5,0xFF,0xFF,
    0xE9,0x03,0x00,0x00,0x00,0x00,0x00,0x4B,0xFF,0xFF,0xFF,0x3F,0x00,0x00,0x84,0xFF,0xFF,0xFF,0x40,0x00,
    0x00,0x00,0x00,0x00,0xA3,0xFF,0xFF,0xDB,0x00,0x00,0x00,0x20,0xFD,0xFF,0xFF,0x94,0x00,0x00,0x00,0x00,
    0x08,0xF2,0xFF,0xFF,0x78,0x00,0x00,0x00,0x00,0xB9,0xFF,0xFF,0xE6,0x01,0x00,0x00,0x00,0x52,0xFF,0xFF,
    0xFB,0x19,0x00,0x00,0x00,0x00,0x53,0xFF,0xFF,0xFF,0x3C,0x00,0x00,0x00,0xAA,0xFF,0xFF,0xB1,0x00,0x00,
    0x00,0x00,0x00,0x05,0xE8,0xFF,0xFF,0x8F,0x00,0x00,0x0B,0xF5,0xFF,0xFF,0x4E,0x00,0x00,0x00,0x00,0x00,
    0x00,0x88,0xFF,0xFF,0xE2,0x01,0x00,0x59,0xFF,0xFF,0xE6,0x04,0x00,0x00,0x00,0x00,0x00,0x00,0x23,0xFE,
    0xFF,0xFF,0x37,0x00,0xB1,0xFF,0xFF,0x87,0x00,0x00,0x00,0x00,0x00,0x00,0x00,0x00,0xBC,0xFF,0xFF,0x8B,
    0x0F,0xF8,0xFF,0xFF,0x25,0x00,0x00,0x00,0x00,0x00,0x00,0x00,0x00,0x56,0xFF,0xFF,0xDD,0x5E,0xFF,0xFF,
    0xC0,0x00,0x00,0x00,0x00,0x00,0x00,0x00,0x00,0x00,0x06,0xEA,0xFF,0xFF,0xC7,0xFF,0xFF,0x5D,0x00,0x00,
    0x00,0x00,0x00,0x00,0x00,0x00,0x00,0x00,0x8B,0xFF,0xFF,0xFF,0xFF,0xF0,0x09,0x00,0x00,0x00,0x00,0x00,
    0x00,0x00,0x00,0x00,0x00,0x25,0xFF,0xFF,0xFF,0xFF,0x96,0x00,0x00,0x00,0x00,0x00,0x00,0x00,0x00,0x00,
    0x00,0x00,0x00,0xBF,0xFF,0xFF,0xFF,0x33,0x00,0x00,0x00,0x00,0x00,0x00,0x00,0x00,0x00,0x00,0x00,0x00,
    0xC8,0xFF,0xFF,0xCF,0x00,0x00,0x00,0x00,0x00,0x00,0x00,0x00,0x00,0x00,0x00,0x00,0x3F,0xFF,0xFF,0xFF,
    0x6C,0x00,0x00,0x00,0x00,0x00,0x00,0x00,0x00,0x00,0x00,0x00,0x03,0xC3,0xFF,0xFF,0xF3,0x11,0x00,0x00,
    0x00,0x00,0x00,0x00,0x00,0x00,0x00,0x00,0x24,0xAD,0xFF,0xFF,0xFF,0x78,0x00,0x00,0x00,0x00,0x00,0x00,
    0x00,0x00,0x37,0xF8,0xF6,0xFF,0xFF,0xFF,0xFF,0xBD,0x03,0x00,0x00,0x00,0x00,0x00,0x00,0x00,0x00,0x38,
    0xFF,0xFF,0xFF,0xFF,0xFF,0xB8,0x0D,0x00,0x00,0x00,0x00,0x00,0x00,0x00,0x00,0x00,0x2E,0xEC,0xFC,0xF0,
    0xBC,0x59,0x01,0x00,0x00,0x00,0x00,0x00,0x00,0x00,0x00,0x00,0x00,0x00,0xB4,0xFF,0xFF,0xFF,0xFF,0xFF,
    0xFF,0xFF,0xFF,0xFF,0xFF,0xFF,0xFF,0x2C,0x00,0xB4,0xFF,0xFF,0xFF,0xFF,0xFF,0xFF,0xFF,0xFF,0xFF,0xFF,
    0xFF,0xFA,0x1B,0x00,0x95,0xD4,0xD4,0xD4,0xD4,0xD4,0xD4,0xD4,0xF6,0xFF,0xFF,0xFF,0x71,0x00,0x00,0x00,
    0x00,0x00,0x00,0x00,0x00,0x00,0x3C,0xFB,0xFF,0xFF,0xB2,0x00,0x00,0x00,0x00,0x00,0x00,0x00,0x00,0x00,
    0x14,0xE4,0xFF,0xFF,0xE2,0x12,0x00,0x00,0x00,0x00,0x00,0x00,0x00,0x00,0x01,0xB5,0xFF,0xFF,0xFC,0x3B,
    0x00,0x00,0x00,0x00,0x00,0x00,0x00,0x00,0x00,0x77,0xFF,0xFF,0xFF,0x7A,0x00,0x00,0x00,0x00,0x00,0x00,
    0x00,0x00,0x00,0x3A,0xFB,0xFF,0xFF,0xBA,0x01,0x00,0x00,0x00,0x00,0x00,0x00,0x00,0x00,0x12,0xE2,0xFF,
    0xFF,0xE7,0x17,0x00,0x00,0x00,0x00,0x00,0x00,0x00,0x00,0x01,0xB3,0xFF,0xFF,0xFD,0x43,0x00,0x00,0x00,
    0x00,0x00,0x00,0x00,0x00,0x00,0x74,0xFF,0xFF,0xFF,0x82,0x00,0x00,0x00,0x00,0x00,0x00,0x00,0x00,0x00,
    0x38,0xFA,0xFF,0xFF,0xC1,0x03,0x00,0x00,0x00,0x00,0x00,0x00,0x00,0x00,0x11,0xE0,0xFF,0xFF,0xEB,0x1B,
    0x00,0x00,0x00,0x00,0x00,0x00,0x00,0x00,0x00,0xB1,0xFF,0xFF,0xFF,0xEE,0xD4,0xD4,0xD4,0xD4,0xD4,0xD4,
    0xD4,0xD4,0x1D,0x64,0xFF,0xFF,0xFF,0xFF,0xFF,0xFF,0xFF,0xFF,0xFF,0xFF,0xFF,0xFF,0xFF,0x24,0x8C,0xFF,
    0xFF,0xFF,0xFF,0xFF,0xFF,0xFF,0xFF,0xFF,0xFF,0xFF,0xFF,0xFF,0x24,0x00,0x00,0x00,0x00,0x06,0x6D,0xC1,
    0xEC,0x7D,0x00,0x00,0x00,0x0D,0xCB,0xFF,0xFF,0xFF,0x80,0x00,0x00,0x00,0x8C,0xFF,0xFF,0xFF,0xAB,0x3C,
    0x00,0x00,0x00,0xE4,0xFF,0xFF,0x86,0x00,0x00,0x00,0x00,0x07,0xFF,0xFF,0xFF,0x23,0x00,0x00,0x00,0x00,
    0x10,0xFF,0xFF,0xFF,0x07,0x00,0x00,0x00,0x00,0x10,0xFF,0xFF,0xFF,0x04,0x00,0x00,0x00,0x00,0x10,0xFF,
    0xFF,0xFF,0x04,0x00,0x00,0x00,0x00,0x10,0xFF,0xFF,0xFF,0x04,0x00,0x00,0x00,0x00,0x12,0xFF,0xFF,0xFF,
    0x04,0x00,0x00,0x00,0x00,0x29,0xFF,0xFF,0xF4,0x00,0x00,0x00,0x00,0x00,0x6C,0xFF,0xFF,0xC9,0x00,0x00,
    0x00,0x08,0x4F,0xEE,0xFF,0xFE,0x50,0x00,0x00,0x00,0x80,0xFF,0xFF,0xDA,0x56,0x00,0x00,0x00,0x00,0x80,
    0xFF,0xFE,0xA4,0x2E,0x00,0x00,0x00,0x00,0x2C,0x95,0xFE,0xFF,0xF5,0x3A,0x00,0x00,0x00,0x00,0x00,0x8A,
    0xFF,0xFF,0xBD,0x00,0x00,0x00,0x00,0x00,0x2F,0xFF,0xFF,0xF1,0x00,0x00,0x00,0x00,0x00,0x14,0xFF,0xFF,
    0xFF,0x03,0x00,0x00,0x00,0x00,0x10,0xFF,0xFF,0xFF,0x04,0x00,0x00,0x00,0x00,0x10,0xFF,0xFF,0xFF,0x04,
    0x00,0x00,0x00,0x00,0x10,0xFF,0xFF,0xFF,0x04,0x00,0x00,0x00,0x00,0x10,0xFF,0xFF,0xFF,0x07,0x00,0x00,
    0x00,0x00,0x0A,0xFF,0xFF,0xFF,0x1D,0x00,0x00,0x00,0x00,0x00,0xEA,0xFF,0xFF,0x6D,0x00,0x00,0x00,0x00,
    0x00,0x96,0xFF,0xFF,0xFB,0x9B,0x39,0x00,0x00,0x00,0x12,0xD3,0xFF,0xFF,0xFF,0x80,0x00,0x00,0x00,0x00,
    0x09,0x73,0xC5,0xEE,0x7E,0x0C,0xFF,0xFF,0xFC,0x0C,0xFF,0xFF,0xFC,0x0C,0xFF,0xFF,0xFC,0x0C,0xFF,0xFF,
    0xFC,0x0C,0xFF,0xFF,0xFC,0x0C,0xFF,0xFF,0xFC,0x0C,0xFF,0xFF,0xFC,0x0C,0xFF,0xFF,0xFC,0x0C,0xFF,0xFF,
    0xFC,0x0C,0xFF,0xFF,0xFC,0x0C,0xFF,0xFF,0xFC,0x0C,0xFF,0xFF,0xFC,0x0C,0xFF,0xFF,0xFC,0x0C,0xFF,0xFF,
    0xFC,0x0C,0xFF,0xFF,0xFC,0x0C,0xFF,0xFF,0xFC,0x0C,0xFF,0xFF,0xFC,0x0C,0xFF,0xFF,0xFC,0x0C,0xFF,0xFF,
    0xFC,0x0C,0xFF,0xFF,0xFC,0x0C,0xFF,0xFF,0xFC,0x0C,0xFF,0xFF,0xFC,0x0C,0xFF,0xFF,0xFC,0x0C,0xFF,0xFF,
    0xFC,0x0C,0xFF,0xFF,0xFC,0x0C,0xFF,0xFF,0xFC,0x0C,0xFF,0xFF,0xFC,0x0C,0xFF,0xFF,0xFC,0x0C,0xFF,0xFF,
    0xFC,0x0C,0xFF,0xFF,0xFC,0x0C,0xFF,0xFF,0xFC,0xD1,0xE1,0xA9,0x3F,0x00,0x00,0x00,0x00,0x00,0xD8,0xFF,
    0xFF,0xFF,0x7A,0x00,0x00,0x00,0x00,0x6D,0xD1,0xFF,0xFF,0xFE,0x2D,0x00,0x00,0x00,0x00,0x07,0xD4,0xFF,
    0xFF,0x82,0x00,0x00,0x00,0x00,0x00,0x78,0xFF,0xFF,0xA6,0x00,0x00,0x00,0x00,0x00,0x5C,0xFF,0xFF,0xB0,
    0x00,0x00,0x00,0x00,0x00,0x58,0xFF,0xFF,0xB0,0x00,0x00,0x00,0x00,0x00,0x58,0xFF,0xFF,0xB0,0x00,0x00,
    0x00,0x00,0x00,0x58,0xFF,0xFF,0xB0,0x00,0x00,0x00,0x00,0x00,0x58,0xFF,0xFF,0xB2,0x00,0x00,0x00,0x00,
    0x00,0x49,0xFF,0xFF,0xC8,0x00,0x00,0x00,0x00,0x00,0x1F,0xFE,0xFF,0xF7,0x14,0x00,0x00,0x00,0x00,0x00,
    0xA6,0xFF,0xFF,0xBB,0x27,0x00,0x00,0x00,0x00,0x06,0x90,0xF3,0xFF,0xFF,0x1C,0x00,0x00,0x00,0x00,0x5C,
    0xCE,0xFF,0xFF,0x1C,0x00,0x00,0x00,0x86,0xFF,0xFF,0xE5,0x6F,0x08,0x00,0x00,0x18,0xFA,0xFF,0xFE,0x2A,
    0x00,0x00,0x00,0x00,0x46,0xFF,0xFF,0xCE,0x00,0x00,0x00,0x00,0x00,0x57,0xFF,0xFF,0xB4,0x00,0x00,0x00,
    0x00,0x00,0x58,0xFF,0xFF,0xB0,0x00,0x00,0x00,0x00,0x00,0x58,0xFF,0xFF,0xB0,0x00,0x00,0x00,0x00,0x00,
    0x58,0xFF,0xFF,0xB0,0x00,0x00,0x00,0x00,0x00,0x5C,0xFF,0xFF,0xB0,0x00,0x00,0x00,0x00,0x00,0x74,0xFF,
    0xFF,0xA9,0x00,0x00,0x00,0x00,0x01,0xC6,0xFF,0xFF,0x89,0x00,0x00,0x00,0x67,0xC2,0xFF,0xFF,0xFF,0x37,
    0x00,0x00,0x00,0xD8,0xFF,0xFF,0xFF,0x87,0x00,0x00,0x00,0x00,0xD2,0xE3,0xAD,0x46,0x00,0x00,0x00,0x00,
    0x00,0x00,0x01,0x70,0xD8,0xF9,0xE1,0x95,0x20,0x00,0x00,0x00,0x00,0x00,0x9A,0xFF,0xFE,0x04,0x00,0x8D,
    0xFF,0xFF,0xFF,0xFF,0xFF,0xF6,0x6E,0x00,0x00,0x00,0x00,0xD3,0xFF,0xE1,0x00,0x2C,0xFE,0xFF,0xFC,0xB4,
    0xAF,0xF8,0xFF,0xFF,0xB9,0x30,0x09,0x7C,0xFF,0xFF,0x9F,0x00,0x86,0xFF,0xFF,0x5A,0x00,0x00,0x22,0xC5,
    0xFF,0xFF,0xFF,0xFE,0xFF,0xFF,0xFC,0x31,0x00,0xB9,0xFF,0xEB,0x01,0x00,0x00,0x00,0x03,0x72,0xEF,0xFF,
    0xFF,0xFF,0xFC,0x6D,0x00,0x00,0x7A,0x98,0x7A,0x00,0x00,0x00,0x00,0x00,0x00,0x0F,0x61,0x8F,0x7F,0x2D,
    0x00,0x00,0x00,
};

static const gfx_glyph_t gfx_font_value_glyphs[] = {
    {  0,  0,   0,  9,     0,   0},
    {  6, 23,   2, 10,     0, -23},
    { 10,  7,   2, 14,   138, -23},
    { 19, 21,   0, 19,   208, -23},
    { 14, 29,   2, 18,   607, -26},
    { 25, 23,   1, 27,  1013, -23},
    { 22, 23,   1, 23,  1588, -23},
    {  4,  7,   2,  8,  2094, -23},
    {  9, 28,   2, 11,  2122, -23},
    {  9, 28,   0, 11,  2374, -23},
    { 12, 12,   1, 14,  2626, -23},
    { 16, 15,   3, 22,  2770, -17},
    {  6,  8,   0,  8,  3010,  -4},
    {  9,  3,   2, 13,  3058, -10},
    {  6,  4,   1,  8,  3085,  -4},
    { 15, 27,  -1, 13,  3109, -23},
    { 16, 23,   1, 18,  3514, -23},
    {  9, 23,   1, 13,  3882, -23},
    { 15, 23,   1, 18,  4089, -23},
    { 15, 23,   1, 18,  4434, -23},
    { 18, 23,   0, 18,  4779, -23},
    { 14, 23,   2, 18,  5193, -23},
    { 16, 23,   1, 18,  5515, -23},
    { 16, 23,   1, 17,  5883, -23},
    { 16, 23,   1, 18,  6251, -23},
    { 16, 23,   1, 18,  6619, -23},
    {  6, 16,   1,  8,  6987, -16},
    {  6, 20,   0,  8,  7083, -16},
    { 15, 16,   4, 22,  7203, -18},
    { 16, 10,   3, 22,  7443, -14},
    { 15, 16,   4, 22,  7603, -18},
    { 13, 23,   1, 14,  7843, -23},
    { 27, 26,   2, 31,  8142, -23},
    { 22, 23,   0, 21,  8844, -23},
    { 16, 23,   2, 19,  9350, -23},
    { 18, 23,   1, 20,  9718, -23},
    { 20, 23,   2, 23, 10132, -23},
    { 14, 23,   2, 17, 10592, -23},
    { 13, 23,   2, 16, 10914, -23},
    { 20, 23,   1, 22, 11213, -23},
    { 19, 23,   2, 24, 11673, -23},
    {  5, 23,   2,  9, 12110, -23},
    { 11, 23,   0, 13, 12225, -23},
    { 18, 23,   2, 20, 12478, -23},
    { 14, 23,   2, 16, 12892, -23},
    { 25, 23,   2, 30, 13214, -23},
    { 20, 23,   2, 25, 13789, -23},
    { 22, 23,   1, 24, 14249, -23},
    { 16, 23,   2, 19, 14755, -23},
    { 25, 26,   1, 24, 15123, -23},
    { 19, 23,   2, 20, 15773, -23},
    { 16, 23,   1, 17, 16210, -23},
    { 18, 23,   0, 18, 16578, -23},
    { 18, 23,   2, 23, 16992, -23},
    { 21, 23,   0, 21, 17406, -23},
    { 31, 23,   0, 31, 17889, -23},
    { 20, 23,   0, 20, 18602, -23},
    { 19, 23,   0, 18, 19062, -23},
    { 19, 23,   0, 19, 19499, -23},
    {  7, 28,   3, 11, 19936, -23},
    { 15, 27,  -1, 13, 20132, -23},
    {  8, 28,   0, 11, 20537, -23},
    { 16, 13,   3, 22, 20761, -23},
    { 14,  2,   0, 13, 20969,   3},
    {  8,  5,   1,  9, 20997, -24},
    { 14, 16,   1, 17, 21037, -16},
    { 16, 24,   2, 19, 21261, -24},
    { 13, 16,   1, 15, 21645, -16},
    { 16, 24,   1, 19, 21853, -24},
    { 15, 16,   1, 17, 22237, -16},
    { 12, 24,   0, 11, 22477, -24},
    { 16, 23,   1, 19, 22765, -16},
    { 15, 24,   2, 19, 23133, -24},
    {  5, 24,   2,  8, 23493, -24},
    { 10, 31,  -3,  8, 23613, -24},
    { 15, 24,   2, 17, 23923, -24},
    {  4, 24,   2,  8, 24283, -24},
    { 25, 16,   2, 28, 24379, -16},
    { 15, 16,   2, 19, 24779, -16},
    { 17, 16,   1, 19, 25019, -16},
    { 16, 23,   2, 19, 25291, -16},
    { 16, 23,   1, 19, 25659, -16},
    { 10, 16,   2, 12, 26027, -16},
    { 12, 16,   1, 14, 26187, -16},
    { 11, 21,   0, 12, 26379, -21},
    { 15, 16,   2, 19, 26610, -16},
    { 17, 16,   0, 16, 26850, -16},
    { 24, 16,   0, 24, 27122, -16},
    { 16, 16,   0, 16, 27506, -16},
    { 17, 23,   0, 16, 27762, -16},
    { 15, 16,   0, 15, 28153, -16},
    {  9, 28,   1, 11, 28393, -23},
    {  4, 31,   2,  9, 28645, -24},
    {  9, 28,   1, 11, 28769, -23},
    { 17,  6,   3, 22, 29021, -12},
};

const gfx_font_t gfx_font_value = {
    .first = 0x20, .count = 95,
    .line_height = 44, .ascent = 35, .cap_height = 23,
    .glyphs = gfx_font_value_glyphs,
    .alpha = gfx_font_value_alpha,
};

